{
"type": "FeatureCollection",
"name": "flagship_display",
"crs": { "type": "name", "properties": { "name": "urn:ogc:def:crs:OGC:1.3:CRS84" } },
"features": [
{ "type": "Feature", "properties": { "park_name": "Soundview Park", "borough": "X", "acres": 269.415 }, "geometry": { "type": "MultiPolygon", "coordinates": [ [ [ [ -73.86982, 40.81679 ], [ -73.87021, 40.81843 ], [ -73.87022, 40.81848 ], [ -73.87062, 40.82018 ], [ -73.87274, 40.81991 ], [ -73.87328, 40.81984 ], [ -73.87475, 40.81965 ], [ -73.87544, 40.81956 ], [ -73.87597, 40.81949 ], [ -73.87624, 40.81945 ], [ -73.87651, 40.81942 ], [ -73.87675, 40.81939 ], [ -73.87703, 40.81935 ], [ -73.87733, 40.81931 ], [ -73.87748, 40.81929 ], [ -73.87766, 40.81927 ], [ -73.87795, 40.81923 ], [ -73.87818, 40.8192 ], [ -73.87836, 40.81918 ], [ -73.87867, 40.81914 ], [ -73.87886, 40.81911 ], [ -73.87925, 40.81906 ], [ -73.8795, 40.81903 ], [ -73.8797, 40.819 ], [ -73.87975, 40.81896 ], [ -73.88076, 40.81824 ], [ -73.87974, 40.81744 ], [ -73.8796, 40.81733 ], [ -73.87923, 40.81711 ], [ -73.87899, 40.81697 ], [ -73.87868, 40.81679 ], [ -73.87868, 40.8168 ], [ -73.87816, 40.8165 ], [ -73.87789, 40.81641 ], [ -73.87713, 40.81615 ], [ -73.87648, 40.81594 ], [ -73.87578, 40.8157 ], [ -73.87515, 40.81549 ], [ -73.87421, 40.81518 ], [ -73.87399, 40.8151 ], [ -73.87365, 40.815 ], [ -73.87298, 40.81487 ], [ -73.87192, 40.81467 ], [ -73.87067, 40.81443 ], [ -73.86799, 40.81103 ], [ -73.86405, 40.80603 ], [ -73.86078, 40.80644 ], [ -73.86078, 40.80644 ], [ -73.8601, 40.80306 ], [ -73.8589, 40.80256 ], [ -73.85781, 40.80211 ], [ -73.85575, 40.80253 ], [ -73.85392, 40.8029 ], [ -73.85374, 40.80294 ], [ -73.85296, 40.8031 ], [ -73.85286, 40.80414 ], [ -73.85419, 40.80406 ], [ -73.85524, 40.804 ], [ -73.85523, 40.80441 ], [ -73.85523, 40.80454 ], [ -73.85522, 40.80519 ], [ -73.85522, 40.8052 ], [ -73.85522, 40.80535 ], [ -73.85522, 40.80535 ], [ -73.85522, 40.80543 ], [ -73.85522, 40.80551 ], [ -73.8554, 40.80551 ], [ -73.85546, 40.80551 ], [ -73.85546, 40.80548 ], [ -73.85553, 40.80548 ], [ -73.85553, 40.80547 ], [ -73.85554, 40.80547 ], [ -73.85556, 40.80547 ], [ -73.85556, 40.80551 ], [ -73.85585, 40.80551 ], [ -73.85584, 40.80565 ], [ -73.85622, 40.80566 ], [ -73.85619, 40.8055 ], [ -73.85632, 40.80549 ], [ -73.85631, 40.80544 ], [ -73.8563, 40.80542 ], [ -73.8563, 40.80541 ], [ -73.85629, 40.80539 ], [ -73.85629, 40.80538 ], [ -73.85628, 40.80537 ], [ -73.85628, 40.80536 ], [ -73.85627, 40.80534 ], [ -73.85623, 40.80519 ], [ -73.85625, 40.80517 ], [ -73.85626, 40.80516 ], [ -73.85627, 40.80516 ], [ -73.85629, 40.80515 ], [ -73.85632, 40.80514 ], [ -73.85634, 40.80513 ], [ -73.85637, 40.80513 ], [ -73.85638, 40.80513 ], [ -73.8564, 40.80514 ], [ -73.85642, 40.80514 ], [ -73.85644, 40.80515 ], [ -73.85648, 40.80533 ], [ -73.85648, 40.80536 ], [ -73.85647, 40.80537 ], [ -73.85648, 40.8054 ], [ -73.85649, 40.80547 ], [ -73.85661, 40.80548 ], [ -73.85674, 40.80549 ], [ -73.85687, 40.80551 ], [ -73.85695, 40.80552 ], [ -73.85708, 40.80553 ], [ -73.85718, 40.80554 ], [ -73.85736, 40.80556 ], [ -73.85737, 40.80555 ], [ -73.8574, 40.8054 ], [ -73.85741, 40.8054 ], [ -73.85744, 40.80541 ], [ -73.85771, 40.80544 ], [ -73.85768, 40.8056 ], [ -73.85774, 40.80561 ], [ -73.85778, 40.80561 ], [ -73.85782, 40.80561 ], [ -73.85784, 40.80562 ], [ -73.85786, 40.80562 ], [ -73.8579, 40.80563 ], [ -73.85795, 40.80565 ], [ -73.85797, 40.80565 ], [ -73.85799, 40.80566 ], [ -73.85801, 40.80567 ], [ -73.85802, 40.80568 ], [ -73.85804, 40.80569 ], [ -73.85805, 40.8057 ], [ -73.85806, 40.8057 ], [ -73.85807, 40.80571 ], [ -73.85809, 40.80572 ], [ -73.85809, 40.80573 ], [ -73.85811, 40.80574 ], [ -73.85814, 40.80578 ], [ -73.85816, 40.8058 ], [ -73.85818, 40.80583 ], [ -73.8582, 40.80588 ], [ -73.85821, 40.80591 ], [ -73.85822, 40.80594 ], [ -73.85823, 40.80598 ], [ -73.85823, 40.80601 ], [ -73.85824, 40.80603 ], [ -73.85825, 40.80606 ], [ -73.85826, 40.8061 ], [ -73.85826, 40.80612 ], [ -73.85827, 40.80614 ], [ -73.85827, 40.80617 ], [ -73.8583, 40.80639 ], [ -73.85831, 40.80642 ], [ -73.85826, 40.80669 ], [ -73.85827, 40.80669 ], [ -73.85828, 40.80669 ], [ -73.85828, 40.80669 ], [ -73.85829, 40.80669 ], [ -73.8583, 40.80669 ], [ -73.85831, 40.80668 ], [ -73.85831, 40.80668 ], [ -73.85832, 40.80668 ], [ -73.85833, 40.80668 ], [ -73.85834, 40.80668 ], [ -73.85835, 40.80668 ], [ -73.85835, 40.80668 ], [ -73.85836, 40.80668 ], [ -73.85837, 40.80668 ], [ -73.85838, 40.80667 ], [ -73.85841, 40.80667 ], [ -73.85842, 40.80666 ], [ -73.85845, 40.80664 ], [ -73.85846, 40.80664 ], [ -73.85848, 40.80663 ], [ -73.85859, 40.80661 ], [ -73.85861, 40.80662 ], [ -73.85863, 40.80663 ], [ -73.85865, 40.80664 ], [ -73.85867, 40.80665 ], [ -73.85868, 40.80666 ], [ -73.85869, 40.80667 ], [ -73.8587, 40.80668 ], [ -73.85871, 40.80669 ], [ -73.85872, 40.8067 ], [ -73.85872, 40.80672 ], [ -73.85872, 40.80674 ], [ -73.85871, 40.80676 ], [ -73.85871, 40.80678 ], [ -73.85869, 40.8068 ], [ -73.85868, 40.80682 ], [ -73.85866, 40.80683 ], [ -73.8585, 40.80685 ], [ -73.85849, 40.80685 ], [ -73.85848, 40.80685 ], [ -73.85848, 40.80685 ], [ -73.85848, 40.80685 ], [ -73.85847, 40.80685 ], [ -73.85847, 40.80685 ], [ -73.85846, 40.80685 ], [ -73.85846, 40.80685 ], [ -73.85846, 40.80685 ], [ -73.85845, 40.80685 ], [ -73.85845, 40.80685 ], [ -73.85845, 40.80684 ], [ -73.85845, 40.80684 ], [ -73.85844, 40.80684 ], [ -73.85844, 40.80685 ], [ -73.85844, 40.80685 ], [ -73.85843, 40.80685 ], [ -73.85843, 40.80685 ], [ -73.85843, 40.80685 ], [ -73.85842, 40.80685 ], [ -73.85842, 40.80685 ], [ -73.85841, 40.80685 ], [ -73.85841, 40.80685 ], [ -73.85841, 40.80686 ], [ -73.85842, 40.80686 ], [ -73.85841, 40.80686 ], [ -73.85841, 40.80687 ], [ -73.85842, 40.80703 ], [ -73.85842, 40.80715 ], [ -73.85846, 40.80831 ], [ -73.85846, 40.80841 ], [ -73.85844, 40.80839 ], [ -73.85835, 40.80841 ], [ -73.85847, 40.80857 ], [ -73.85851, 40.80864 ], [ -73.85858, 40.80877 ], [ -73.8586, 40.80881 ], [ -73.8586, 40.80881 ], [ -73.85863, 40.80886 ], [ -73.85869, 40.80897 ], [ -73.85871, 40.80902 ], [ -73.85876, 40.80911 ], [ -73.85887, 40.80928 ], [ -73.8589, 40.80933 ], [ -73.85896, 40.8094 ], [ -73.85899, 40.80944 ], [ -73.85904, 40.80951 ], [ -73.85907, 40.80954 ], [ -73.85913, 40.80962 ], [ -73.85921, 40.8097 ], [ -73.85934, 40.80983 ], [ -73.85943, 40.80991 ], [ -73.85945, 40.80993 ], [ -73.85953, 40.80999 ], [ -73.85956, 40.81001 ], [ -73.85961, 40.81005 ], [ -73.85968, 40.81011 ], [ -73.85976, 40.81017 ], [ -73.86089, 40.80992 ], [ -73.86092, 40.80992 ], [ -73.86098, 40.80982 ], [ -73.86124, 40.80991 ], [ -73.86086, 40.81055 ], [ -73.86083, 40.81059 ], [ -73.86081, 40.81064 ], [ -73.8608, 40.81068 ], [ -73.8608, 40.81075 ], [ -73.86082, 40.81081 ], [ -73.86086, 40.81088 ], [ -73.86087, 40.81088 ], [ -73.86093, 40.81094 ], [ -73.86106, 40.81103 ], [ -73.86117, 40.8111 ], [ -73.86123, 40.81114 ], [ -73.86151, 40.81134 ], [ -73.86157, 40.81138 ], [ -73.86157, 40.81138 ], [ -73.86165, 40.81143 ], [ -73.86179, 40.81153 ], [ -73.86204, 40.81168 ], [ -73.86223, 40.81179 ], [ -73.86579, 40.81385 ], [ -73.86611, 40.814 ], [ -73.8663, 40.81408 ], [ -73.8666, 40.8142 ], [ -73.86684, 40.81427 ], [ -73.86738, 40.81441 ], [ -73.86772, 40.8145 ], [ -73.86795, 40.81457 ], [ -73.86812, 40.81463 ], [ -73.86813, 40.81463 ], [ -73.86819, 40.81465 ], [ -73.86823, 40.81467 ], [ -73.86835, 40.81471 ], [ -73.86844, 40.81475 ], [ -73.86849, 40.81476 ], [ -73.86869, 40.81484 ], [ -73.8688, 40.81489 ], [ -73.86896, 40.81497 ], [ -73.86902, 40.81501 ], [ -73.86909, 40.81506 ], [ -73.86913, 40.81509 ], [ -73.86918, 40.81513 ], [ -73.86924, 40.81519 ], [ -73.8693, 40.81525 ], [ -73.86939, 40.81535 ], [ -73.86947, 40.81552 ], [ -73.86952, 40.81562 ], [ -73.86957, 40.81576 ], [ -73.86961, 40.8159 ], [ -73.86978, 40.81662 ], [ -73.86978, 40.81662 ], [ -73.86978, 40.81663 ], [ -73.86982, 40.81679 ] ] ], [ [ [ -73.86534, 40.81441 ], [ -73.86605, 40.81431 ], [ -73.86521, 40.81384 ], [ -73.86534, 40.81441 ] ] ], [ [ [ -73.8587, 40.8093 ], [ -73.8587, 40.8093 ], [ -73.85872, 40.80938 ], [ -73.85873, 40.80941 ], [ -73.85873, 40.80942 ], [ -73.85874, 40.80945 ], [ -73.85874, 40.80946 ], [ -73.85874, 40.80952 ], [ -73.85873, 40.80953 ], [ -73.8587, 40.80962 ], [ -73.85872, 40.80966 ], [ -73.85873, 40.80968 ], [ -73.85874, 40.80969 ], [ -73.85874, 40.8097 ], [ -73.85873, 40.80974 ], [ -73.85873, 40.80975 ], [ -73.85873, 40.80977 ], [ -73.85873, 40.80977 ], [ -73.85876, 40.80986 ], [ -73.85876, 40.80987 ], [ -73.85881, 40.80998 ], [ -73.85884, 40.81008 ], [ -73.85888, 40.81022 ], [ -73.8589, 40.81029 ], [ -73.85892, 40.81037 ], [ -73.85894, 40.81044 ], [ -73.85864, 40.81047 ], [ -73.8586, 40.81048 ], [ -73.85871, 40.81095 ], [ -73.85919, 40.81089 ], [ -73.85944, 40.81085 ], [ -73.85931, 40.81029 ], [ -73.85925, 40.81001 ], [ -73.85924, 40.81 ], [ -73.85924, 40.80996 ], [ -73.85923, 40.80996 ], [ -73.85861, 40.80914 ], [ -73.85857, 40.80909 ], [ -73.85849, 40.80898 ], [ -73.85824, 40.80901 ], [ -73.85828, 40.80917 ], [ -73.85836, 40.80916 ], [ -73.85852, 40.80913 ], [ -73.85857, 40.80912 ], [ -73.8587, 40.8093 ] ] ], [ [ [ -73.85999, 40.81073 ], [ -73.86, 40.81078 ], [ -73.8601, 40.81077 ], [ -73.86008, 40.81068 ], [ -73.85966, 40.8104 ], [ -73.85956, 40.81042 ], [ -73.85959, 40.81051 ], [ -73.85964, 40.8105 ], [ -73.85999, 40.81073 ] ] ], [ [ [ -73.85066, 40.80357 ], [ -73.85087, 40.80452 ], [ -73.85101, 40.80451 ], [ -73.85104, 40.80427 ], [ -73.85268, 40.80415 ], [ -73.85278, 40.80314 ], [ -73.85066, 40.80357 ] ] ] ] } },
{ "type": "Feature", "properties": { "park_name": "Central Park", "borough": "M", "acres": 840.01 }, "geometry": { "type": "MultiPolygon", "coordinates": [ [ [ [ -73.95773, 40.80027 ], [ -73.95776, 40.80025 ], [ -73.95781, 40.80022 ], [ -73.95787, 40.80019 ], [ -73.95793, 40.80017 ], [ -73.95799, 40.80015 ], [ -73.95805, 40.80014 ], [ -73.95811, 40.80012 ], [ -73.95818, 40.80012 ], [ -73.95824, 40.80012 ], [ -73.95831, 40.80012 ], [ -73.95831, 40.80012 ], [ -73.95872, 40.79957 ], [ -73.98133, 40.76857 ], [ -73.98124, 40.76849 ], [ -73.98119, 40.76842 ], [ -73.98115, 40.76836 ], [ -73.98113, 40.7683 ], [ -73.98111, 40.76823 ], [ -73.98109, 40.76817 ], [ -73.98109, 40.7681 ], [ -73.98109, 40.76804 ], [ -73.9811, 40.76799 ], [ -73.97356, 40.76479 ], [ -73.97348, 40.7649 ], [ -73.97343, 40.76498 ], [ -73.97339, 40.76502 ], [ -73.97336, 40.76506 ], [ -73.97332, 40.76508 ], [ -73.97326, 40.76512 ], [ -73.97316, 40.76516 ], [ -73.9731, 40.76517 ], [ -73.97305, 40.76518 ], [ -73.97298, 40.76518 ], [ -73.97293, 40.76517 ], [ -73.97266, 40.76505 ], [ -73.94964, 40.79657 ], [ -73.94966, 40.79658 ], [ -73.94969, 40.79659 ], [ -73.94973, 40.79661 ], [ -73.94976, 40.79662 ], [ -73.94979, 40.79664 ], [ -73.94981, 40.79666 ], [ -73.94984, 40.79668 ], [ -73.94986, 40.79671 ], [ -73.94988, 40.79673 ], [ -73.94989, 40.79676 ], [ -73.94991, 40.79679 ], [ -73.94992, 40.79681 ], [ -73.94992, 40.79684 ], [ -73.94993, 40.79687 ], [ -73.94993, 40.7969 ], [ -73.94992, 40.79693 ], [ -73.94992, 40.79696 ], [ -73.94991, 40.79697 ], [ -73.95773, 40.80027 ] ] ], [ [ [ -73.98153, 40.76802 ], [ -73.98152, 40.76807 ], [ -73.98153, 40.76811 ], [ -73.98154, 40.76816 ], [ -73.98156, 40.7682 ], [ -73.9816, 40.76824 ], [ -73.98163, 40.76827 ], [ -73.98168, 40.7683 ], [ -73.98173, 40.76832 ], [ -73.98179, 40.76834 ], [ -73.98184, 40.76835 ], [ -73.98188, 40.76835 ], [ -73.98189, 40.76835 ], [ -73.98193, 40.76835 ], [ -73.98199, 40.76834 ], [ -73.98204, 40.76832 ], [ -73.9821, 40.7683 ], [ -73.98215, 40.76827 ], [ -73.98219, 40.76824 ], [ -73.98222, 40.7682 ], [ -73.98224, 40.76816 ], [ -73.98226, 40.76812 ], [ -73.98226, 40.76807 ], [ -73.98226, 40.76802 ], [ -73.98225, 40.76801 ], [ -73.98225, 40.768 ], [ -73.98223, 40.76796 ], [ -73.9822, 40.76792 ], [ -73.98217, 40.76788 ], [ -73.98212, 40.76785 ], [ -73.98207, 40.76783 ], [ -73.98202, 40.76781 ], [ -73.98196, 40.76779 ], [ -73.98193, 40.76779 ], [ -73.9819, 40.76779 ], [ -73.98189, 40.76779 ], [ -73.98184, 40.76779 ], [ -73.98183, 40.76779 ], [ -73.98183, 40.76779 ], [ -73.98179, 40.7678 ], [ -73.98173, 40.76782 ], [ -73.98168, 40.76784 ], [ -73.98163, 40.76787 ], [ -73.9816, 40.7679 ], [ -73.98156, 40.76794 ], [ -73.98154, 40.76798 ], [ -73.98153, 40.76802 ] ] ], [ [ [ -73.97304, 40.76442 ], [ -73.97303, 40.76443 ], [ -73.97302, 40.76443 ], [ -73.97301, 40.76444 ], [ -73.97278, 40.76478 ], [ -73.97276, 40.7648 ], [ -73.97276, 40.76482 ], [ -73.97275, 40.76486 ], [ -73.97276, 40.76489 ], [ -73.97277, 40.76492 ], [ -73.97278, 40.76495 ], [ -73.97281, 40.76497 ], [ -73.97284, 40.765 ], [ -73.97287, 40.76502 ], [ -73.97291, 40.76503 ], [ -73.97294, 40.76504 ], [ -73.97297, 40.76505 ], [ -73.97301, 40.76505 ], [ -73.97305, 40.76505 ], [ -73.97309, 40.76505 ], [ -73.97313, 40.76504 ], [ -73.97316, 40.76503 ], [ -73.97319, 40.76501 ], [ -73.97322, 40.76499 ], [ -73.97324, 40.76497 ], [ -73.97349, 40.76464 ], [ -73.97349, 40.76464 ], [ -73.97349, 40.76464 ], [ -73.97349, 40.76463 ], [ -73.97349, 40.76462 ], [ -73.97349, 40.76462 ], [ -73.97349, 40.76461 ], [ -73.97349, 40.76461 ], [ -73.97348, 40.7646 ], [ -73.97307, 40.76443 ], [ -73.97306, 40.76443 ], [ -73.97306, 40.76442 ], [ -73.97305, 40.76442 ], [ -73.97304, 40.76442 ] ] ] ] } },
{ "type": "Feature", "properties": { "park_name": "Cunningham Park", "borough": "Q", "acres": 358.0 }, "geometry": { "type": "MultiPolygon", "coordinates": [ [ [ [ -73.77522, 40.72546 ], [ -73.77509, 40.72522 ], [ -73.77466, 40.72442 ], [ -73.77439, 40.72452 ], [ -73.77411, 40.72463 ], [ -73.77182, 40.72539 ], [ -73.77126, 40.72554 ], [ -73.77069, 40.7257 ], [ -73.77028, 40.7258 ], [ -73.76986, 40.7259 ], [ -73.76945, 40.72599 ], [ -73.76936, 40.72601 ], [ -73.76918, 40.72608 ], [ -73.76915, 40.72609 ], [ -73.76913, 40.7261 ], [ -73.76912, 40.72611 ], [ -73.76909, 40.72612 ], [ -73.76906, 40.72614 ], [ -73.76901, 40.72617 ], [ -73.76895, 40.7262 ], [ -73.76887, 40.72626 ], [ -73.76885, 40.72628 ], [ -73.7688, 40.72631 ], [ -73.76875, 40.72636 ], [ -73.76867, 40.72643 ], [ -73.76858, 40.72653 ], [ -73.76849, 40.72664 ], [ -73.76844, 40.72671 ], [ -73.76838, 40.72679 ], [ -73.76832, 40.72689 ], [ -73.76826, 40.727 ], [ -73.76823, 40.72707 ], [ -73.76819, 40.72717 ], [ -73.76817, 40.72723 ], [ -73.76812, 40.72735 ], [ -73.7681, 40.72744 ], [ -73.76808, 40.72752 ], [ -73.76806, 40.72765 ], [ -73.76805, 40.72773 ], [ -73.76804, 40.7278 ], [ -73.76804, 40.72788 ], [ -73.76804, 40.7279 ], [ -73.76804, 40.72791 ], [ -73.76804, 40.72797 ], [ -73.76804, 40.72809 ], [ -73.76806, 40.72821 ], [ -73.76808, 40.72833 ], [ -73.76811, 40.72845 ], [ -73.76815, 40.72856 ], [ -73.7682, 40.72868 ], [ -73.76826, 40.72879 ], [ -73.76827, 40.72882 ], [ -73.76832, 40.72889 ], [ -73.77024, 40.73159 ], [ -73.77042, 40.73156 ], [ -73.77497, 40.73074 ], [ -73.77736, 40.7301 ], [ -73.77534, 40.7257 ], [ -73.77522, 40.72546 ] ] ], [ [ [ -73.7601, 40.72618 ], [ -73.75998, 40.72619 ], [ -73.75986, 40.72621 ], [ -73.75975, 40.72623 ], [ -73.75962, 40.72627 ], [ -73.7595, 40.72631 ], [ -73.75945, 40.72633 ], [ -73.7594, 40.72635 ], [ -73.75936, 40.72638 ], [ -73.75932, 40.72641 ], [ -73.75928, 40.72644 ], [ -73.75925, 40.72648 ], [ -73.75923, 40.72651 ], [ -73.75921, 40.72655 ], [ -73.75919, 40.72659 ], [ -73.75918, 40.72663 ], [ -73.75917, 40.72667 ], [ -73.75917, 40.72671 ], [ -73.75918, 40.72676 ], [ -73.75919, 40.7268 ], [ -73.7592, 40.72684 ], [ -73.75922, 40.72688 ], [ -73.75926, 40.72695 ], [ -73.75933, 40.72704 ], [ -73.75939, 40.72712 ], [ -73.75946, 40.72721 ], [ -73.75954, 40.72729 ], [ -73.75962, 40.72736 ], [ -73.75971, 40.72743 ], [ -73.75979, 40.72749 ], [ -73.76226, 40.72908 ], [ -73.76245, 40.7292 ], [ -73.76263, 40.72932 ], [ -73.76282, 40.72944 ], [ -73.76298, 40.72956 ], [ -73.76316, 40.72969 ], [ -73.76336, 40.72984 ], [ -73.7635, 40.72995 ], [ -73.76366, 40.73008 ], [ -73.76609, 40.73202 ], [ -73.76614, 40.73206 ], [ -73.76621, 40.73209 ], [ -73.76627, 40.73212 ], [ -73.76634, 40.73215 ], [ -73.76641, 40.73216 ], [ -73.76649, 40.73218 ], [ -73.76656, 40.73218 ], [ -73.76664, 40.73218 ], [ -73.76971, 40.73166 ], [ -73.76777, 40.7289 ], [ -73.76753, 40.72867 ], [ -73.76747, 40.72862 ], [ -73.76742, 40.72858 ], [ -73.76736, 40.72854 ], [ -73.7673, 40.7285 ], [ -73.76724, 40.72846 ], [ -73.76717, 40.72841 ], [ -73.76709, 40.72836 ], [ -73.767, 40.72832 ], [ -73.76692, 40.72828 ], [ -73.76538, 40.72762 ], [ -73.76504, 40.72753 ], [ -73.76443, 40.7269 ], [ -73.76411, 40.72658 ], [ -73.76396, 40.72657 ], [ -73.7638, 40.72656 ], [ -73.76359, 40.72654 ], [ -73.76337, 40.72651 ], [ -73.76073, 40.72622 ], [ -73.76049, 40.72619 ], [ -73.76035, 40.72618 ], [ -73.76022, 40.72618 ], [ -73.7601, 40.72618 ] ] ], [ [ [ -73.75959, 40.72859 ], [ -73.75987, 40.72887 ], [ -73.76331, 40.73214 ], [ -73.76378, 40.73269 ], [ -73.76401, 40.73264 ], [ -73.76407, 40.73262 ], [ -73.76412, 40.7326 ], [ -73.76418, 40.73257 ], [ -73.76423, 40.73254 ], [ -73.76427, 40.73251 ], [ -73.76431, 40.73247 ], [ -73.76433, 40.73243 ], [ -73.76437, 40.73238 ], [ -73.76439, 40.73231 ], [ -73.7644, 40.73222 ], [ -73.76439, 40.73217 ], [ -73.76438, 40.73212 ], [ -73.76435, 40.73206 ], [ -73.76432, 40.73201 ], [ -73.76347, 40.73103 ], [ -73.76339, 40.73094 ], [ -73.76332, 40.73085 ], [ -73.76323, 40.73076 ], [ -73.76315, 40.73069 ], [ -73.76307, 40.73061 ], [ -73.76299, 40.73054 ], [ -73.76289, 40.73046 ], [ -73.76279, 40.73037 ], [ -73.76243, 40.73011 ], [ -73.7621, 40.72987 ], [ -73.76175, 40.72964 ], [ -73.76131, 40.72936 ], [ -73.76088, 40.72911 ], [ -73.76056, 40.72893 ], [ -73.7601, 40.72868 ], [ -73.75988, 40.72857 ], [ -73.75974, 40.7285 ], [ -73.75959, 40.72859 ] ] ], [ [ [ -73.76845, 40.73228 ], [ -73.76677, 40.7326 ], [ -73.76798, 40.73565 ], [ -73.76871, 40.73745 ], [ -73.76975, 40.73704 ], [ -73.76998, 40.73695 ], [ -73.77029, 40.73685 ], [ -73.77254, 40.73624 ], [ -73.77263, 40.73621 ], [ -73.77206, 40.73506 ], [ -73.77181, 40.73463 ], [ -73.77154, 40.73418 ], [ -73.77131, 40.73381 ], [ -73.77067, 40.7329 ], [ -73.77008, 40.73206 ], [ -73.77006, 40.73205 ], [ -73.77005, 40.73204 ], [ -73.77003, 40.73203 ], [ -73.77002, 40.73202 ], [ -73.76999, 40.73202 ], [ -73.76997, 40.73201 ], [ -73.76995, 40.73201 ], [ -73.76845, 40.73228 ] ] ], [ [ [ -73.76457, 40.73288 ], [ -73.76398, 40.73299 ], [ -73.76518, 40.73442 ], [ -73.76794, 40.73769 ], [ -73.76658, 40.73495 ], [ -73.76645, 40.7347 ], [ -73.76622, 40.73433 ], [ -73.76603, 40.73408 ], [ -73.76592, 40.73397 ], [ -73.76512, 40.73308 ], [ -73.76505, 40.73303 ], [ -73.76497, 40.73296 ], [ -73.7649, 40.73293 ], [ -73.76482, 40.7329 ], [ -73.76476, 40.73289 ], [ -73.76469, 40.73288 ], [ -73.76462, 40.73288 ], [ -73.76457, 40.73288 ] ] ], [ [ [ -73.7647, 40.73456 ], [ -73.76458, 40.7346 ], [ -73.76445, 40.73464 ], [ -73.76432, 40.73468 ], [ -73.76419, 40.73473 ], [ -73.76415, 40.73474 ], [ -73.76405, 40.73476 ], [ -73.76391, 40.7348 ], [ -73.76378, 40.73484 ], [ -73.76364, 40.73487 ], [ -73.7635, 40.73491 ], [ -73.76337, 40.73494 ], [ -73.76324, 40.73497 ], [ -73.76318, 40.73499 ], [ -73.7631, 40.73501 ], [ -73.76297, 40.73505 ], [ -73.76285, 40.73509 ], [ -73.76287, 40.73513 ], [ -73.76291, 40.73546 ], [ -73.76292, 40.73554 ], [ -73.76291, 40.73559 ], [ -73.7629, 40.73566 ], [ -73.76286, 40.73576 ], [ -73.76283, 40.73582 ], [ -73.76276, 40.73596 ], [ -73.76272, 40.73608 ], [ -73.7627, 40.73617 ], [ -73.76268, 40.73628 ], [ -73.76267, 40.7364 ], [ -73.76267, 40.73655 ], [ -73.76268, 40.73665 ], [ -73.7627, 40.73675 ], [ -73.76274, 40.73692 ], [ -73.7628, 40.73705 ], [ -73.76374, 40.73903 ], [ -73.766, 40.73845 ], [ -73.76765, 40.73788 ], [ -73.76767, 40.73787 ], [ -73.76768, 40.73786 ], [ -73.76769, 40.73785 ], [ -73.7677, 40.73783 ], [ -73.7677, 40.73782 ], [ -73.7677, 40.73781 ], [ -73.7677, 40.73779 ], [ -73.7677, 40.73778 ], [ -73.76768, 40.73774 ], [ -73.7649, 40.7345 ], [ -73.7647, 40.73456 ] ] ], [ [ [ -73.77237, 40.74227 ], [ -73.7725, 40.74228 ], [ -73.77264, 40.7423 ], [ -73.77278, 40.74232 ], [ -73.77291, 40.74235 ], [ -73.77304, 40.74238 ], [ -73.77316, 40.74242 ], [ -73.77332, 40.74245 ], [ -73.77346, 40.74248 ], [ -73.77361, 40.74252 ], [ -73.77375, 40.74256 ], [ -73.77389, 40.74262 ], [ -73.77403, 40.74267 ], [ -73.77416, 40.74274 ], [ -73.77429, 40.74281 ], [ -73.77438, 40.74286 ], [ -73.77448, 40.7429 ], [ -73.77458, 40.74294 ], [ -73.77469, 40.74297 ], [ -73.7748, 40.743 ], [ -73.77491, 40.74302 ], [ -73.77502, 40.74304 ], [ -73.77513, 40.74305 ], [ -73.77525, 40.74305 ], [ -73.77541, 40.74301 ], [ -73.77538, 40.74294 ], [ -73.77442, 40.74093 ], [ -73.77418, 40.74037 ], [ -73.7739, 40.7396 ], [ -73.77329, 40.73778 ], [ -73.7731, 40.73726 ], [ -73.77275, 40.73643 ], [ -73.77036, 40.7371 ], [ -73.76983, 40.73727 ], [ -73.76919, 40.73752 ], [ -73.76921, 40.73778 ], [ -73.76925, 40.73804 ], [ -73.76929, 40.73831 ], [ -73.76935, 40.73857 ], [ -73.76941, 40.73883 ], [ -73.76948, 40.73909 ], [ -73.76956, 40.73934 ], [ -73.76965, 40.7396 ], [ -73.77056, 40.74167 ], [ -73.77064, 40.74181 ], [ -73.77071, 40.74194 ], [ -73.7708, 40.74207 ], [ -73.77089, 40.74219 ], [ -73.77099, 40.74232 ], [ -73.77109, 40.74244 ], [ -73.77126, 40.74241 ], [ -73.77142, 40.74238 ], [ -73.77155, 40.74235 ], [ -73.77169, 40.74232 ], [ -73.77182, 40.7423 ], [ -73.77196, 40.74228 ], [ -73.77209, 40.74227 ], [ -73.77223, 40.74227 ], [ -73.77237, 40.74227 ] ] ], [ [ [ -73.76782, 40.73804 ], [ -73.76607, 40.73867 ], [ -73.76379, 40.73925 ], [ -73.76539, 40.74259 ], [ -73.76544, 40.74271 ], [ -73.7655, 40.74281 ], [ -73.76556, 40.7429 ], [ -73.76565, 40.74302 ], [ -73.76572, 40.74309 ], [ -73.76581, 40.74317 ], [ -73.7659, 40.74324 ], [ -73.76599, 40.74331 ], [ -73.76608, 40.74336 ], [ -73.76618, 40.74343 ], [ -73.76637, 40.74351 ], [ -73.76656, 40.74362 ], [ -73.76667, 40.7437 ], [ -73.76681, 40.74381 ], [ -73.76693, 40.74393 ], [ -73.76703, 40.74404 ], [ -73.76714, 40.7442 ], [ -73.76721, 40.74432 ], [ -73.76774, 40.74541 ], [ -73.76782, 40.7454 ], [ -73.7679, 40.7454 ], [ -73.76799, 40.74538 ], [ -73.76807, 40.74536 ], [ -73.76814, 40.74533 ], [ -73.76822, 40.7453 ], [ -73.76828, 40.74526 ], [ -73.76835, 40.74522 ], [ -73.7684, 40.74517 ], [ -73.76845, 40.74512 ], [ -73.76849, 40.74506 ], [ -73.76852, 40.745 ], [ -73.76855, 40.74494 ], [ -73.76856, 40.74488 ], [ -73.76864, 40.74464 ], [ -73.76872, 40.74441 ], [ -73.76881, 40.74418 ], [ -73.76891, 40.74396 ], [ -73.76902, 40.74373 ], [ -73.76907, 40.74363 ], [ -73.76913, 40.74353 ], [ -73.76919, 40.74344 ], [ -73.76926, 40.74334 ], [ -73.76934, 40.74325 ], [ -73.76943, 40.74317 ], [ -73.76952, 40.74308 ], [ -73.76962, 40.743 ], [ -73.76972, 40.74293 ], [ -73.76983, 40.74286 ], [ -73.76987, 40.74271 ], [ -73.76991, 40.74256 ], [ -73.76993, 40.74241 ], [ -73.76995, 40.74225 ], [ -73.76996, 40.7421 ], [ -73.76996, 40.74195 ], [ -73.76995, 40.74179 ], [ -73.76993, 40.74164 ], [ -73.7699, 40.74149 ], [ -73.76986, 40.74134 ], [ -73.76982, 40.74119 ], [ -73.76889, 40.73916 ], [ -73.76879, 40.73901 ], [ -73.76868, 40.73886 ], [ -73.76856, 40.73871 ], [ -73.76844, 40.73856 ], [ -73.76832, 40.73842 ], [ -73.76818, 40.73828 ], [ -73.76805, 40.73814 ], [ -73.7679, 40.73801 ], [ -73.76782, 40.73804 ] ] ] ] } },
{ "type": "Feature", "properties": { "park_name": "Highland Park", "borough": "B", "acres": 45.059 }, "geometry": { "type": "MultiPolygon", "coordinates": [ [ [ [ -73.88204, 40.68555 ], [ -73.88375, 40.68783 ], [ -73.88444, 40.68739 ], [ -73.8852, 40.6869 ], [ -73.88566, 40.6866 ], [ -73.88578, 40.68652 ], [ -73.88602, 40.68637 ], [ -73.88618, 40.68628 ], [ -73.88634, 40.68621 ], [ -73.88641, 40.68619 ], [ -73.88648, 40.68616 ], [ -73.88657, 40.68613 ], [ -73.88672, 40.68609 ], [ -73.88694, 40.68601 ], [ -73.88716, 40.68592 ], [ -73.88721, 40.6859 ], [ -73.88732, 40.68585 ], [ -73.88744, 40.68578 ], [ -73.88751, 40.68574 ], [ -73.88758, 40.68568 ], [ -73.88774, 40.68556 ], [ -73.88801, 40.68535 ], [ -73.88822, 40.68519 ], [ -73.88867, 40.68483 ], [ -73.88879, 40.68473 ], [ -73.88919, 40.68439 ], [ -73.88955, 40.68412 ], [ -73.88933, 40.68376 ], [ -73.88929, 40.6837 ], [ -73.88915, 40.68347 ], [ -73.88894, 40.68322 ], [ -73.88888, 40.68315 ], [ -73.88892, 40.68314 ], [ -73.88888, 40.68307 ], [ -73.8887, 40.68279 ], [ -73.88872, 40.68278 ], [ -73.8885, 40.68251 ], [ -73.8885, 40.68251 ], [ -73.88814, 40.68268 ], [ -73.8883, 40.68289 ], [ -73.88762, 40.68319 ], [ -73.88747, 40.683 ], [ -73.88204, 40.68555 ] ] ], [ [ [ -73.8938, 40.68514 ], [ -73.89391, 40.68531 ], [ -73.89392, 40.6853 ], [ -73.89435, 40.68477 ], [ -73.89434, 40.68476 ], [ -73.89432, 40.68472 ], [ -73.8943, 40.6847 ], [ -73.89406, 40.68433 ], [ -73.89402, 40.68427 ], [ -73.89398, 40.68421 ], [ -73.89394, 40.68415 ], [ -73.8939, 40.68409 ], [ -73.89385, 40.68403 ], [ -73.89382, 40.68397 ], [ -73.89377, 40.68391 ], [ -73.89373, 40.68383 ], [ -73.89369, 40.68378 ], [ -73.89383, 40.68372 ], [ -73.89383, 40.68372 ], [ -73.8938, 40.68367 ], [ -73.89377, 40.68362 ], [ -73.89373, 40.68357 ], [ -73.8937, 40.68352 ], [ -73.89367, 40.68347 ], [ -73.89363, 40.68341 ], [ -73.89358, 40.68334 ], [ -73.89355, 40.68329 ], [ -73.89352, 40.68325 ], [ -73.89348, 40.6832 ], [ -73.89345, 40.68315 ], [ -73.89342, 40.6831 ], [ -73.89339, 40.68305 ], [ -73.89335, 40.683 ], [ -73.89332, 40.68295 ], [ -73.89329, 40.68291 ], [ -73.89326, 40.68286 ], [ -73.89322, 40.6828 ], [ -73.89317, 40.68273 ], [ -73.89313, 40.68267 ], [ -73.89309, 40.68261 ], [ -73.89295, 40.68239 ], [ -73.89295, 40.68239 ], [ -73.89253, 40.68259 ], [ -73.89217, 40.68282 ], [ -73.89229, 40.683 ], [ -73.89258, 40.68345 ], [ -73.89261, 40.68349 ], [ -73.89267, 40.68358 ], [ -73.89304, 40.68414 ], [ -73.89309, 40.68411 ], [ -73.8938, 40.68514 ] ] ] ] } },
{ "type": "Feature", "properties": { "park_name": "Crotona Park", "borough": "X", "acres": 127.5 }, "geometry": { "type": "MultiPolygon", "coordinates": [ [ [ [ -73.88948, 40.83926 ], [ -73.89409, 40.84198 ], [ -73.89465, 40.84129 ], [ -73.89478, 40.84111 ], [ -73.89484, 40.84102 ], [ -73.89604, 40.839 ], [ -73.89616, 40.8388 ], [ -73.89633, 40.83858 ], [ -73.89694, 40.83786 ], [ -73.89711, 40.83764 ], [ -73.89719, 40.83752 ], [ -73.89729, 40.83736 ], [ -73.89734, 40.83726 ], [ -73.8974, 40.83717 ], [ -73.89744, 40.83706 ], [ -73.8975, 40.83691 ], [ -73.89754, 40.83679 ], [ -73.89755, 40.83677 ], [ -73.89754, 40.83675 ], [ -73.89754, 40.83674 ], [ -73.89753, 40.83672 ], [ -73.89752, 40.83671 ], [ -73.89751, 40.8367 ], [ -73.8975, 40.83669 ], [ -73.89748, 40.83668 ], [ -73.89744, 40.83666 ], [ -73.89718, 40.83653 ], [ -73.89714, 40.8365 ], [ -73.8971, 40.83646 ], [ -73.89706, 40.83644 ], [ -73.89702, 40.83642 ], [ -73.89516, 40.83556 ], [ -73.89476, 40.83595 ], [ -73.89463, 40.83605 ], [ -73.89451, 40.83615 ], [ -73.89438, 40.83624 ], [ -73.89426, 40.8363 ], [ -73.89409, 40.83639 ], [ -73.89398, 40.83644 ], [ -73.89387, 40.83648 ], [ -73.89378, 40.83651 ], [ -73.89364, 40.83656 ], [ -73.89354, 40.83658 ], [ -73.89345, 40.8366 ], [ -73.89334, 40.83662 ], [ -73.89325, 40.83664 ], [ -73.89314, 40.83665 ], [ -73.89296, 40.83666 ], [ -73.89144, 40.83674 ], [ -73.89139, 40.83674 ], [ -73.89131, 40.83675 ], [ -73.89123, 40.83676 ], [ -73.89114, 40.83678 ], [ -73.89106, 40.83679 ], [ -73.89096, 40.83682 ], [ -73.89085, 40.83685 ], [ -73.89074, 40.83689 ], [ -73.89064, 40.83693 ], [ -73.89052, 40.837 ], [ -73.88887, 40.83796 ], [ -73.88847, 40.83859 ], [ -73.88747, 40.8382 ], [ -73.88686, 40.83925 ], [ -73.88815, 40.83972 ], [ -73.88862, 40.83894 ], [ -73.88948, 40.83926 ] ] ], [ [ [ -73.89789, 40.83686 ], [ -73.89788, 40.83687 ], [ -73.89787, 40.83688 ], [ -73.89786, 40.83689 ], [ -73.89778, 40.83712 ], [ -73.89776, 40.83714 ], [ -73.89773, 40.83716 ], [ -73.89771, 40.83719 ], [ -73.89769, 40.83721 ], [ -73.89764, 40.83732 ], [ -73.89755, 40.83749 ], [ -73.89747, 40.83761 ], [ -73.89741, 40.83771 ], [ -73.89732, 40.83783 ], [ -73.89724, 40.83794 ], [ -73.8972, 40.83799 ], [ -73.89694, 40.8383 ], [ -73.89671, 40.83857 ], [ -73.89659, 40.83872 ], [ -73.89647, 40.83887 ], [ -73.89632, 40.8391 ], [ -73.89597, 40.83968 ], [ -73.89578, 40.84001 ], [ -73.89564, 40.84025 ], [ -73.89551, 40.84046 ], [ -73.89532, 40.84079 ], [ -73.89512, 40.84113 ], [ -73.89501, 40.84129 ], [ -73.89492, 40.84142 ], [ -73.89434, 40.84213 ], [ -73.89536, 40.84274 ], [ -73.89546, 40.84278 ], [ -73.89578, 40.84294 ], [ -73.89607, 40.84311 ], [ -73.89619, 40.84318 ], [ -73.89635, 40.84327 ], [ -73.89659, 40.84342 ], [ -73.89977, 40.83772 ], [ -73.89796, 40.83687 ], [ -73.89794, 40.83686 ], [ -73.89792, 40.83686 ], [ -73.8979, 40.83686 ], [ -73.89789, 40.83686 ] ] ], [ [ [ -73.89746, 40.8346 ], [ -73.89746, 40.8346 ], [ -73.89745, 40.83461 ], [ -73.89744, 40.83461 ], [ -73.89744, 40.83461 ], [ -73.89743, 40.83461 ], [ -73.89742, 40.83461 ], [ -73.89742, 40.83462 ], [ -73.89741, 40.83462 ], [ -73.89741, 40.83462 ], [ -73.8974, 40.83463 ], [ -73.8974, 40.83463 ], [ -73.8974, 40.83464 ], [ -73.89739, 40.83464 ], [ -73.89739, 40.83465 ], [ -73.89739, 40.83465 ], [ -73.89739, 40.83466 ], [ -73.89739, 40.83466 ], [ -73.89739, 40.83467 ], [ -73.89739, 40.83467 ], [ -73.89739, 40.83468 ], [ -73.89739, 40.83468 ], [ -73.89739, 40.83469 ], [ -73.8974, 40.83469 ], [ -73.8974, 40.8347 ], [ -73.8974, 40.8347 ], [ -73.89741, 40.83471 ], [ -73.8975, 40.83484 ], [ -73.89751, 40.83485 ], [ -73.89752, 40.83487 ], [ -73.89753, 40.83489 ], [ -73.89753, 40.8349 ], [ -73.89754, 40.83492 ], [ -73.89754, 40.83493 ], [ -73.89754, 40.83495 ], [ -73.89754, 40.83496 ], [ -73.89754, 40.83498 ], [ -73.89754, 40.83499 ], [ -73.89755, 40.835 ], [ -73.89774, 40.83533 ], [ -73.89778, 40.83542 ], [ -73.89786, 40.83563 ], [ -73.89791, 40.83581 ], [ -73.89793, 40.83589 ], [ -73.89794, 40.83596 ], [ -73.89795, 40.83602 ], [ -73.89796, 40.83606 ], [ -73.89797, 40.83612 ], [ -73.89797, 40.83619 ], [ -73.89796, 40.83641 ], [ -73.89796, 40.8365 ], [ -73.89796, 40.83652 ], [ -73.89797, 40.83655 ], [ -73.89799, 40.83657 ], [ -73.89802, 40.83659 ], [ -73.89805, 40.83661 ], [ -73.8981, 40.83663 ], [ -73.89825, 40.8367 ], [ -73.89829, 40.83673 ], [ -73.89831, 40.83676 ], [ -73.89833, 40.83678 ], [ -73.89835, 40.83679 ], [ -73.89839, 40.83682 ], [ -73.89987, 40.83754 ], [ -73.90099, 40.83553 ], [ -73.89748, 40.83461 ], [ -73.89748, 40.8346 ], [ -73.89747, 40.8346 ], [ -73.89746, 40.8346 ] ] ], [ [ [ -73.89582, 40.83498 ], [ -73.89577, 40.835 ], [ -73.89572, 40.83503 ], [ -73.89569, 40.83505 ], [ -73.89564, 40.83509 ], [ -73.8956, 40.83511 ], [ -73.89556, 40.83516 ], [ -73.89532, 40.8354 ], [ -73.89747, 40.83643 ], [ -73.89748, 40.83643 ], [ -73.89749, 40.83643 ], [ -73.8975, 40.83643 ], [ -73.89751, 40.83643 ], [ -73.89751, 40.83643 ], [ -73.89752, 40.83642 ], [ -73.89753, 40.83642 ], [ -73.89753, 40.83642 ], [ -73.89754, 40.83641 ], [ -73.89754, 40.8364 ], [ -73.89754, 40.83639 ], [ -73.89755, 40.83638 ], [ -73.89755, 40.83638 ], [ -73.89753, 40.83619 ], [ -73.89757, 40.83608 ], [ -73.89757, 40.83603 ], [ -73.89756, 40.83599 ], [ -73.89756, 40.83595 ], [ -73.89755, 40.83589 ], [ -73.89754, 40.83583 ], [ -73.89753, 40.83577 ], [ -73.89751, 40.83573 ], [ -73.8975, 40.83569 ], [ -73.89749, 40.83565 ], [ -73.89746, 40.83556 ], [ -73.89744, 40.8355 ], [ -73.89738, 40.83538 ], [ -73.89735, 40.8353 ], [ -73.8973, 40.83522 ], [ -73.89727, 40.83517 ], [ -73.8972, 40.83505 ], [ -73.8971, 40.83488 ], [ -73.89703, 40.83478 ], [ -73.89683, 40.83451 ], [ -73.89582, 40.83498 ] ] ] ] } },
{ "type": "Feature", "properties": { "park_name": "Van Cortlandt Park", "borough": "X", "acres": 1146.43 }, "geometry": { "type": "MultiPolygon", "coordinates": [ [ [ [ -73.8856, 40.89955 ], [ -73.88567, 40.89962 ], [ -73.88567, 40.89962 ], [ -73.88571, 40.89966 ], [ -73.88576, 40.8997 ], [ -73.8858, 40.89973 ], [ -73.88584, 40.89976 ], [ -73.88593, 40.89983 ], [ -73.88601, 40.89989 ], [ -73.8861, 40.89994 ], [ -73.88619, 40.9 ], [ -73.88626, 40.90004 ], [ -73.88633, 40.90008 ], [ -73.88634, 40.90009 ], [ -73.88635, 40.90009 ], [ -73.88638, 40.90011 ], [ -73.88643, 40.90013 ], [ -73.88657, 40.9002 ], [ -73.88658, 40.9002 ], [ -73.88666, 40.90024 ], [ -73.88691, 40.90036 ], [ -73.88695, 40.90038 ], [ -73.88696, 40.90039 ], [ -73.88702, 40.90041 ], [ -73.88703, 40.90041 ], [ -73.88708, 40.90043 ], [ -73.88713, 40.90045 ], [ -73.88714, 40.90046 ], [ -73.88719, 40.90048 ], [ -73.88725, 40.9005 ], [ -73.8873, 40.90052 ], [ -73.88735, 40.90054 ], [ -73.8874, 40.90055 ], [ -73.88745, 40.90057 ], [ -73.88751, 40.90058 ], [ -73.88756, 40.90059 ], [ -73.88761, 40.9006 ], [ -73.88767, 40.90061 ], [ -73.88772, 40.90061 ], [ -73.88777, 40.90062 ], [ -73.88783, 40.90063 ], [ -73.88788, 40.90063 ], [ -73.88794, 40.90063 ], [ -73.88799, 40.90063 ], [ -73.88804, 40.90063 ], [ -73.88807, 40.90063 ], [ -73.88809, 40.90063 ], [ -73.88814, 40.90063 ], [ -73.88819, 40.90062 ], [ -73.88824, 40.90062 ], [ -73.88829, 40.90061 ], [ -73.88834, 40.9006 ], [ -73.88839, 40.90059 ], [ -73.88844, 40.90058 ], [ -73.88849, 40.90057 ], [ -73.88853, 40.90056 ], [ -73.88858, 40.90054 ], [ -73.88863, 40.90053 ], [ -73.88868, 40.90051 ], [ -73.88873, 40.90049 ], [ -73.88877, 40.90048 ], [ -73.88878, 40.90048 ], [ -73.88879, 40.90047 ], [ -73.88884, 40.90046 ], [ -73.88909, 40.90037 ], [ -73.88935, 40.90028 ], [ -73.8896, 40.90019 ], [ -73.88987, 40.90009 ], [ -73.89015, 40.89999 ], [ -73.89043, 40.89989 ], [ -73.8907, 40.89979 ], [ -73.89078, 40.89977 ], [ -73.89085, 40.89975 ], [ -73.89093, 40.89972 ], [ -73.89094, 40.89972 ], [ -73.89095, 40.89972 ], [ -73.89097, 40.89972 ], [ -73.89098, 40.89971 ], [ -73.891, 40.89971 ], [ -73.89101, 40.89971 ], [ -73.89103, 40.89971 ], [ -73.89106, 40.89971 ], [ -73.8911, 40.8997 ], [ -73.89113, 40.8997 ], [ -73.89117, 40.89969 ], [ -73.8912, 40.89968 ], [ -73.89123, 40.89968 ], [ -73.8913, 40.89966 ], [ -73.89137, 40.89965 ], [ -73.89144, 40.89963 ], [ -73.8915, 40.89962 ], [ -73.8916, 40.8996 ], [ -73.8917, 40.89958 ], [ -73.89178, 40.89957 ], [ -73.89189, 40.89955 ], [ -73.89201, 40.89953 ], [ -73.89218, 40.89951 ], [ -73.89235, 40.89949 ], [ -73.89237, 40.89949 ], [ -73.89252, 40.89948 ], [ -73.8927, 40.89947 ], [ -73.89288, 40.89946 ], [ -73.89305, 40.89946 ], [ -73.8931, 40.89946 ], [ -73.89316, 40.89946 ], [ -73.89321, 40.89946 ], [ -73.89328, 40.89946 ], [ -73.89335, 40.89945 ], [ -73.8934, 40.89945 ], [ -73.89344, 40.89945 ], [ -73.89348, 40.89945 ], [ -73.89352, 40.89945 ], [ -73.89371, 40.89946 ], [ -73.89391, 40.89947 ], [ -73.89403, 40.89948 ], [ -73.89406, 40.89949 ], [ -73.89408, 40.89949 ], [ -73.89432, 40.89952 ], [ -73.8944, 40.89952 ], [ -73.8945, 40.89954 ], [ -73.89451, 40.89954 ], [ -73.89474, 40.89957 ], [ -73.8949, 40.89958 ], [ -73.89506, 40.8996 ], [ -73.89522, 40.89961 ], [ -73.89529, 40.89961 ], [ -73.89535, 40.89961 ], [ -73.89541, 40.89961 ], [ -73.89548, 40.89961 ], [ -73.89552, 40.8996 ], [ -73.89554, 40.8996 ], [ -73.8956, 40.8996 ], [ -73.89566, 40.89959 ], [ -73.89573, 40.89958 ], [ -73.89579, 40.89957 ], [ -73.89585, 40.89956 ], [ -73.89591, 40.89954 ], [ -73.89597, 40.89953 ], [ -73.89603, 40.89951 ], [ -73.89608, 40.89949 ], [ -73.89614, 40.89947 ], [ -73.8962, 40.89945 ], [ -73.89625, 40.89943 ], [ -73.89631, 40.8994 ], [ -73.89635, 40.89938 ], [ -73.89639, 40.89936 ], [ -73.89643, 40.89934 ], [ -73.89647, 40.89932 ], [ -73.89651, 40.89929 ], [ -73.89654, 40.89928 ], [ -73.89655, 40.89927 ], [ -73.89659, 40.89924 ], [ -73.89661, 40.89922 ], [ -73.89664, 40.8992 ], [ -73.89667, 40.89917 ], [ -73.89671, 40.89914 ], [ -73.89674, 40.8991 ], [ -73.89674, 40.8991 ], [ -73.89677, 40.89907 ], [ -73.8968, 40.89903 ], [ -73.89683, 40.89899 ], [ -73.89684, 40.89897 ], [ -73.89684, 40.89897 ], [ -73.89684, 40.89897 ], [ -73.89684, 40.89897 ], [ -73.89685, 40.89896 ], [ -73.89685, 40.89896 ], [ -73.89688, 40.8989 ], [ -73.89691, 40.89884 ], [ -73.89694, 40.89877 ], [ -73.89695, 40.89875 ], [ -73.8969, 40.89839 ], [ -73.89689, 40.89833 ], [ -73.89668, 40.89684 ], [ -73.89665, 40.8966 ], [ -73.89651, 40.89564 ], [ -73.89651, 40.89559 ], [ -73.89651, 40.89559 ], [ -73.89635, 40.89452 ], [ -73.89628, 40.89416 ], [ -73.89625, 40.89395 ], [ -73.89625, 40.89383 ], [ -73.89625, 40.89373 ], [ -73.89625, 40.89366 ], [ -73.89626, 40.89358 ], [ -73.89629, 40.89346 ], [ -73.89633, 40.89333 ], [ -73.89637, 40.89319 ], [ -73.89639, 40.89315 ], [ -73.89641, 40.89309 ], [ -73.89643, 40.89305 ], [ -73.89645, 40.89301 ], [ -73.89646, 40.89296 ], [ -73.89648, 40.89293 ], [ -73.8965, 40.89286 ], [ -73.89652, 40.89281 ], [ -73.89653, 40.89278 ], [ -73.89656, 40.89271 ], [ -73.89659, 40.89263 ], [ -73.89663, 40.89255 ], [ -73.89665, 40.89252 ], [ -73.89666, 40.89248 ], [ -73.89671, 40.8924 ], [ -73.89675, 40.89235 ], [ -73.89678, 40.89229 ], [ -73.89682, 40.89222 ], [ -73.89685, 40.89217 ], [ -73.8969, 40.8921 ], [ -73.89693, 40.89203 ], [ -73.89696, 40.89198 ], [ -73.897, 40.8919 ], [ -73.89703, 40.89184 ], [ -73.89706, 40.8918 ], [ -73.89708, 40.89174 ], [ -73.89712, 40.89165 ], [ -73.89716, 40.89156 ], [ -73.89719, 40.89148 ], [ -73.89722, 40.89139 ], [ -73.89725, 40.89131 ], [ -73.89727, 40.89124 ], [ -73.89729, 40.89117 ], [ -73.89732, 40.89109 ], [ -73.89734, 40.89102 ], [ -73.89736, 40.89098 ], [ -73.89741, 40.89081 ], [ -73.89747, 40.89068 ], [ -73.89751, 40.89058 ], [ -73.8976, 40.89038 ], [ -73.8977, 40.89019 ], [ -73.8978, 40.88999 ], [ -73.89789, 40.88982 ], [ -73.89794, 40.88973 ], [ -73.89798, 40.88964 ], [ -73.89807, 40.88947 ], [ -73.89814, 40.88933 ], [ -73.89822, 40.88917 ], [ -73.8983, 40.88901 ], [ -73.89835, 40.88891 ], [ -73.89841, 40.88881 ], [ -73.89883, 40.88798 ], [ -73.89886, 40.88791 ], [ -73.89889, 40.88786 ], [ -73.89892, 40.88781 ], [ -73.89899, 40.88767 ], [ -73.89903, 40.88759 ], [ -73.89909, 40.88747 ], [ -73.89911, 40.88742 ], [ -73.89914, 40.88737 ], [ -73.89918, 40.88729 ], [ -73.89921, 40.88723 ], [ -73.89923, 40.88718 ], [ -73.89925, 40.88713 ], [ -73.89925, 40.88711 ], [ -73.89926, 40.8871 ], [ -73.89926, 40.88708 ], [ -73.89927, 40.88707 ], [ -73.89927, 40.88705 ], [ -73.89927, 40.88704 ], [ -73.89928, 40.88703 ], [ -73.89928, 40.88701 ], [ -73.89928, 40.887 ], [ -73.89928, 40.88699 ], [ -73.89928, 40.88698 ], [ -73.89928, 40.88697 ], [ -73.89928, 40.88695 ], [ -73.89928, 40.88694 ], [ -73.89927, 40.88693 ], [ -73.89927, 40.88691 ], [ -73.89927, 40.88689 ], [ -73.89926, 40.88687 ], [ -73.89926, 40.88685 ], [ -73.89925, 40.88683 ], [ -73.89924, 40.88681 ], [ -73.89924, 40.88679 ], [ -73.89923, 40.88678 ], [ -73.89922, 40.88676 ], [ -73.89921, 40.88674 ], [ -73.8992, 40.88672 ], [ -73.89919, 40.8867 ], [ -73.89917, 40.88668 ], [ -73.89916, 40.88667 ], [ -73.89914, 40.88665 ], [ -73.89913, 40.88663 ], [ -73.89911, 40.88662 ], [ -73.8991, 40.8866 ], [ -73.89908, 40.88659 ], [ -73.89906, 40.88657 ], [ -73.89905, 40.88657 ], [ -73.89899, 40.8865 ], [ -73.8989, 40.88649 ], [ -73.8975, 40.88622 ], [ -73.89682, 40.88609 ], [ -73.89681, 40.8861 ], [ -73.89681, 40.8861 ], [ -73.89679, 40.88611 ], [ -73.89679, 40.88611 ], [ -73.89679, 40.88611 ], [ -73.89669, 40.8862 ], [ -73.89654, 40.88631 ], [ -73.89639, 40.88643 ], [ -73.8963, 40.88649 ], [ -73.89624, 40.88654 ], [ -73.89608, 40.88664 ], [ -73.89593, 40.88674 ], [ -73.8959, 40.88676 ], [ -73.89572, 40.88687 ], [ -73.89553, 40.88698 ], [ -73.89546, 40.88702 ], [ -73.89536, 40.88707 ], [ -73.89525, 40.88713 ], [ -73.89506, 40.88723 ], [ -73.89482, 40.88735 ], [ -73.89457, 40.88746 ], [ -73.89441, 40.88754 ], [ -73.89429, 40.88759 ], [ -73.89424, 40.88762 ], [ -73.89413, 40.88767 ], [ -73.89408, 40.88769 ], [ -73.89394, 40.88775 ], [ -73.89383, 40.88779 ], [ -73.8937, 40.88785 ], [ -73.89358, 40.8879 ], [ -73.89342, 40.88797 ], [ -73.89326, 40.88803 ], [ -73.89309, 40.8881 ], [ -73.8928, 40.8882 ], [ -73.89251, 40.8883 ], [ -73.89222, 40.8884 ], [ -73.89193, 40.88849 ], [ -73.89171, 40.88856 ], [ -73.89149, 40.88862 ], [ -73.89119, 40.88871 ], [ -73.89088, 40.88879 ], [ -73.89058, 40.88886 ], [ -73.89025, 40.88894 ], [ -73.88993, 40.88902 ], [ -73.8898, 40.88905 ], [ -73.88967, 40.88909 ], [ -73.88955, 40.88913 ], [ -73.88943, 40.88918 ], [ -73.88938, 40.8892 ], [ -73.88932, 40.88922 ], [ -73.88927, 40.88925 ], [ -73.88922, 40.88928 ], [ -73.88917, 40.8893 ], [ -73.88904, 40.88938 ], [ -73.88891, 40.88946 ], [ -73.88883, 40.88951 ], [ -73.88879, 40.88954 ], [ -73.88868, 40.88962 ], [ -73.88859, 40.88968 ], [ -73.88851, 40.88975 ], [ -73.88843, 40.88982 ], [ -73.88835, 40.88989 ], [ -73.88827, 40.88996 ], [ -73.8882, 40.89003 ], [ -73.88816, 40.89007 ], [ -73.88812, 40.89012 ], [ -73.88808, 40.89016 ], [ -73.88804, 40.89021 ], [ -73.88803, 40.89022 ], [ -73.88799, 40.89026 ], [ -73.88791, 40.89034 ], [ -73.88787, 40.89038 ], [ -73.88784, 40.89043 ], [ -73.8878, 40.89047 ], [ -73.88778, 40.89049 ], [ -73.88776, 40.89051 ], [ -73.88772, 40.89055 ], [ -73.88769, 40.89059 ], [ -73.88765, 40.89063 ], [ -73.88749, 40.89083 ], [ -73.88734, 40.89103 ], [ -73.88719, 40.89123 ], [ -73.88703, 40.89147 ], [ -73.88688, 40.89171 ], [ -73.88678, 40.89188 ], [ -73.88673, 40.89196 ], [ -73.88671, 40.892 ], [ -73.88671, 40.89201 ], [ -73.88668, 40.89206 ], [ -73.88665, 40.89211 ], [ -73.88663, 40.89216 ], [ -73.8866, 40.8922 ], [ -73.88657, 40.89225 ], [ -73.88655, 40.8923 ], [ -73.88652, 40.89235 ], [ -73.88649, 40.8924 ], [ -73.88648, 40.89243 ], [ -73.88647, 40.89245 ], [ -73.88644, 40.8925 ], [ -73.88642, 40.89254 ], [ -73.88641, 40.89255 ], [ -73.88639, 40.89259 ], [ -73.88636, 40.89264 ], [ -73.88634, 40.89269 ], [ -73.88631, 40.89274 ], [ -73.88628, 40.89279 ], [ -73.88626, 40.89284 ], [ -73.88623, 40.89288 ], [ -73.8862, 40.89293 ], [ -73.88618, 40.89298 ], [ -73.88615, 40.89303 ], [ -73.88612, 40.89308 ], [ -73.8861, 40.89313 ], [ -73.88607, 40.89318 ], [ -73.88604, 40.89323 ], [ -73.88602, 40.89328 ], [ -73.88599, 40.89332 ], [ -73.88596, 40.89338 ], [ -73.88594, 40.89343 ], [ -73.88591, 40.89348 ], [ -73.88588, 40.89353 ], [ -73.88585, 40.89358 ], [ -73.88583, 40.89363 ], [ -73.8858, 40.89368 ], [ -73.88577, 40.89373 ], [ -73.88574, 40.89378 ], [ -73.88572, 40.89382 ], [ -73.88569, 40.89389 ], [ -73.88563, 40.89398 ], [ -73.88561, 40.89402 ], [ -73.88559, 40.89406 ], [ -73.88556, 40.89411 ], [ -73.88554, 40.89415 ], [ -73.88552, 40.8942 ], [ -73.88549, 40.89424 ], [ -73.88547, 40.89429 ], [ -73.88544, 40.89433 ], [ -73.88542, 40.89438 ], [ -73.88539, 40.89442 ], [ -73.88537, 40.89446 ], [ -73.88535, 40.89451 ], [ -73.88532, 40.89456 ], [ -73.8853, 40.8946 ], [ -73.88527, 40.89465 ], [ -73.88525, 40.8947 ], [ -73.88522, 40.89475 ], [ -73.88521, 40.89477 ], [ -73.8852, 40.8948 ], [ -73.88518, 40.89484 ], [ -73.88516, 40.89488 ], [ -73.88513, 40.89493 ], [ -73.88512, 40.89495 ], [ -73.88511, 40.89497 ], [ -73.8851, 40.895 ], [ -73.8851, 40.895 ], [ -73.8851, 40.895 ], [ -73.88509, 40.89501 ], [ -73.885, 40.89523 ], [ -73.88491, 40.89546 ], [ -73.88483, 40.89569 ], [ -73.88477, 40.89588 ], [ -73.88475, 40.89591 ], [ -73.88469, 40.89614 ], [ -73.88466, 40.89628 ], [ -73.88463, 40.89641 ], [ -73.88461, 40.89655 ], [ -73.8846, 40.89669 ], [ -73.88459, 40.89682 ], [ -73.88458, 40.89696 ], [ -73.88458, 40.89712 ], [ -73.88459, 40.89729 ], [ -73.88461, 40.89745 ], [ -73.88462, 40.89753 ], [ -73.88463, 40.8976 ], [ -73.88463, 40.89762 ], [ -73.88464, 40.89767 ], [ -73.88466, 40.89776 ], [ -73.88466, 40.89778 ], [ -73.8847, 40.89794 ], [ -73.8847, 40.89795 ], [ -73.88471, 40.89797 ], [ -73.88474, 40.8981 ], [ -73.88478, 40.89822 ], [ -73.88483, 40.89835 ], [ -73.88487, 40.89847 ], [ -73.88491, 40.89857 ], [ -73.88496, 40.89867 ], [ -73.88501, 40.89877 ], [ -73.88506, 40.89887 ], [ -73.88512, 40.89897 ], [ -73.88518, 40.89906 ], [ -73.88525, 40.89916 ], [ -73.88531, 40.89924 ], [ -73.88538, 40.89932 ], [ -73.88545, 40.8994 ], [ -73.88552, 40.89948 ], [ -73.8856, 40.89955 ] ] ], [ [ [ -73.88894, 40.90167 ], [ -73.88891, 40.90171 ], [ -73.88889, 40.90176 ], [ -73.88886, 40.90181 ], [ -73.88884, 40.90185 ], [ -73.88883, 40.90186 ], [ -73.88872, 40.90209 ], [ -73.88859, 40.90234 ], [ -73.88857, 40.90238 ], [ -73.88855, 40.90242 ], [ -73.88845, 40.90263 ], [ -73.88836, 40.90286 ], [ -73.88813, 40.90335 ], [ -73.88746, 40.90498 ], [ -73.88696, 40.90644 ], [ -73.88688, 40.90671 ], [ -73.88678, 40.90698 ], [ -73.88668, 40.90725 ], [ -73.88657, 40.90751 ], [ -73.88646, 40.90778 ], [ -73.88633, 40.90804 ], [ -73.88621, 40.9083 ], [ -73.88683, 40.90848 ], [ -73.88764, 40.90872 ], [ -73.89648, 40.91133 ], [ -73.89641, 40.90875 ], [ -73.89624, 40.90445 ], [ -73.89623, 40.90413 ], [ -73.89619, 40.90332 ], [ -73.89624, 40.90298 ], [ -73.89633, 40.90257 ], [ -73.89643, 40.90213 ], [ -73.89653, 40.90165 ], [ -73.89653, 40.90165 ], [ -73.89653, 40.90165 ], [ -73.89653, 40.90165 ], [ -73.89653, 40.90165 ], [ -73.89653, 40.90162 ], [ -73.89652, 40.90158 ], [ -73.89651, 40.90153 ], [ -73.89649, 40.90147 ], [ -73.89648, 40.90144 ], [ -73.89647, 40.9014 ], [ -73.89644, 40.90136 ], [ -73.89642, 40.90131 ], [ -73.89639, 40.90125 ], [ -73.89635, 40.90118 ], [ -73.89631, 40.90112 ], [ -73.89627, 40.90107 ], [ -73.89624, 40.90103 ], [ -73.8962, 40.90098 ], [ -73.8961, 40.90085 ], [ -73.89598, 40.90072 ], [ -73.89586, 40.90058 ], [ -73.89571, 40.90044 ], [ -73.89556, 40.9003 ], [ -73.89551, 40.90025 ], [ -73.89545, 40.9002 ], [ -73.8954, 40.90016 ], [ -73.89534, 40.90011 ], [ -73.89528, 40.90007 ], [ -73.89522, 40.90004 ], [ -73.89516, 40.9 ], [ -73.89509, 40.89997 ], [ -73.89503, 40.89993 ], [ -73.89501, 40.89992 ], [ -73.89495, 40.8999 ], [ -73.89489, 40.89987 ], [ -73.89482, 40.89985 ], [ -73.89476, 40.89983 ], [ -73.89469, 40.89981 ], [ -73.89463, 40.89979 ], [ -73.89456, 40.89977 ], [ -73.89449, 40.89976 ], [ -73.89443, 40.89975 ], [ -73.89442, 40.89975 ], [ -73.89436, 40.89974 ], [ -73.8943, 40.89973 ], [ -73.89423, 40.89972 ], [ -73.89412, 40.8997 ], [ -73.894, 40.89969 ], [ -73.89389, 40.89968 ], [ -73.89384, 40.89967 ], [ -73.89364, 40.89966 ], [ -73.89344, 40.89965 ], [ -73.89329, 40.89964 ], [ -73.89313, 40.89964 ], [ -73.89298, 40.89964 ], [ -73.89284, 40.89964 ], [ -73.89271, 40.89965 ], [ -73.89257, 40.89965 ], [ -73.89244, 40.89966 ], [ -73.89229, 40.89968 ], [ -73.89215, 40.89969 ], [ -73.89201, 40.89971 ], [ -73.89192, 40.89973 ], [ -73.89183, 40.89974 ], [ -73.89177, 40.89975 ], [ -73.89173, 40.89971 ], [ -73.89164, 40.89977 ], [ -73.89153, 40.8998 ], [ -73.89143, 40.89982 ], [ -73.89133, 40.89985 ], [ -73.89123, 40.89987 ], [ -73.89114, 40.8999 ], [ -73.89103, 40.89993 ], [ -73.89094, 40.89997 ], [ -73.89084, 40.90001 ], [ -73.89075, 40.90004 ], [ -73.89074, 40.90005 ], [ -73.89062, 40.9001 ], [ -73.89059, 40.90012 ], [ -73.89045, 40.90019 ], [ -73.8903, 40.90027 ], [ -73.89021, 40.90032 ], [ -73.89012, 40.90038 ], [ -73.89003, 40.90043 ], [ -73.88995, 40.9005 ], [ -73.88987, 40.90056 ], [ -73.88979, 40.90062 ], [ -73.88972, 40.90068 ], [ -73.88965, 40.90073 ], [ -73.88959, 40.90079 ], [ -73.88953, 40.90085 ], [ -73.88947, 40.90091 ], [ -73.88941, 40.90098 ], [ -73.88935, 40.90104 ], [ -73.8893, 40.90111 ], [ -73.88924, 40.90118 ], [ -73.88919, 40.90125 ], [ -73.88917, 40.9013 ], [ -73.88914, 40.90134 ], [ -73.88911, 40.90139 ], [ -73.88908, 40.90144 ], [ -73.88905, 40.90149 ], [ -73.88902, 40.90153 ], [ -73.88899, 40.90158 ], [ -73.88896, 40.90162 ], [ -73.88894, 40.90167 ] ] ], [ [ [ -73.88705, 40.89031 ], [ -73.88689, 40.89043 ], [ -73.88664, 40.89064 ], [ -73.88638, 40.89086 ], [ -73.88614, 40.89108 ], [ -73.8859, 40.89131 ], [ -73.88508, 40.89214 ], [ -73.88426, 40.89296 ], [ -73.88344, 40.89378 ], [ -73.88261, 40.8946 ], [ -73.88257, 40.89464 ], [ -73.88253, 40.89468 ], [ -73.88249, 40.89473 ], [ -73.88245, 40.89477 ], [ -73.8824, 40.89482 ], [ -73.88236, 40.89486 ], [ -73.88232, 40.8949 ], [ -73.88228, 40.89494 ], [ -73.88225, 40.89498 ], [ -73.88221, 40.89502 ], [ -73.88217, 40.89507 ], [ -73.88217, 40.89507 ], [ -73.88217, 40.89507 ], [ -73.88161, 40.89567 ], [ -73.88159, 40.89568 ], [ -73.88152, 40.89574 ], [ -73.88146, 40.89581 ], [ -73.88142, 40.89585 ], [ -73.88138, 40.8959 ], [ -73.88133, 40.89594 ], [ -73.88129, 40.89598 ], [ -73.88125, 40.89603 ], [ -73.88121, 40.89607 ], [ -73.88117, 40.89611 ], [ -73.88112, 40.89618 ], [ -73.88107, 40.89624 ], [ -73.88103, 40.89631 ], [ -73.88099, 40.89635 ], [ -73.88097, 40.89638 ], [ -73.88096, 40.89638 ], [ -73.88093, 40.89642 ], [ -73.88092, 40.89643 ], [ -73.8809, 40.89646 ], [ -73.88079, 40.89658 ], [ -73.88069, 40.89671 ], [ -73.88064, 40.89677 ], [ -73.88063, 40.89678 ], [ -73.8807, 40.89689 ], [ -73.88071, 40.89692 ], [ -73.88072, 40.89694 ], [ -73.88074, 40.89698 ], [ -73.88076, 40.89703 ], [ -73.88079, 40.89707 ], [ -73.88081, 40.89712 ], [ -73.88083, 40.89716 ], [ -73.88086, 40.89721 ], [ -73.88088, 40.89726 ], [ -73.88091, 40.89731 ], [ -73.88093, 40.89736 ], [ -73.88095, 40.8974 ], [ -73.88097, 40.89745 ], [ -73.88099, 40.8975 ], [ -73.881, 40.89754 ], [ -73.88101, 40.89759 ], [ -73.88103, 40.89764 ], [ -73.88104, 40.89768 ], [ -73.88104, 40.89773 ], [ -73.88105, 40.89778 ], [ -73.88105, 40.89783 ], [ -73.88105, 40.89787 ], [ -73.88105, 40.89791 ], [ -73.88105, 40.89795 ], [ -73.88104, 40.89799 ], [ -73.88104, 40.89804 ], [ -73.88103, 40.89808 ], [ -73.88102, 40.89813 ], [ -73.88101, 40.89817 ], [ -73.88099, 40.89822 ], [ -73.88097, 40.89827 ], [ -73.88095, 40.89832 ], [ -73.88093, 40.89837 ], [ -73.88091, 40.89841 ], [ -73.88088, 40.89846 ], [ -73.88085, 40.8985 ], [ -73.88082, 40.89855 ], [ -73.88079, 40.89859 ], [ -73.88076, 40.89863 ], [ -73.88072, 40.89868 ], [ -73.88069, 40.89872 ], [ -73.88065, 40.89876 ], [ -73.88061, 40.8988 ], [ -73.88056, 40.89883 ], [ -73.88052, 40.89887 ], [ -73.88047, 40.89891 ], [ -73.88043, 40.89894 ], [ -73.88038, 40.89897 ], [ -73.88034, 40.89901 ], [ -73.88029, 40.89904 ], [ -73.88024, 40.89908 ], [ -73.8802, 40.89911 ], [ -73.88015, 40.89915 ], [ -73.8801, 40.89918 ], [ -73.88006, 40.89922 ], [ -73.88003, 40.89923 ], [ -73.88001, 40.89925 ], [ -73.87997, 40.89929 ], [ -73.87992, 40.89932 ], [ -73.87988, 40.89936 ], [ -73.87984, 40.89939 ], [ -73.8798, 40.89943 ], [ -73.87973, 40.8995 ], [ -73.87971, 40.89953 ], [ -73.87969, 40.89955 ], [ -73.87966, 40.89959 ], [ -73.87963, 40.89962 ], [ -73.8796, 40.89967 ], [ -73.87956, 40.89974 ], [ -73.87954, 40.89976 ], [ -73.87953, 40.89977 ], [ -73.87953, 40.8998 ], [ -73.87942, 40.90045 ], [ -73.87942, 40.90046 ], [ -73.8785, 40.906 ], [ -73.87874, 40.90608 ], [ -73.87939, 40.90627 ], [ -73.8799, 40.90642 ], [ -73.88077, 40.90668 ], [ -73.8816, 40.90693 ], [ -73.88167, 40.90695 ], [ -73.88262, 40.90723 ], [ -73.88271, 40.90726 ], [ -73.88344, 40.90748 ], [ -73.88358, 40.90752 ], [ -73.88414, 40.90769 ], [ -73.88467, 40.90784 ], [ -73.8849, 40.90792 ], [ -73.88596, 40.90823 ], [ -73.88597, 40.90823 ], [ -73.88619, 40.90776 ], [ -73.88621, 40.90771 ], [ -73.88622, 40.9077 ], [ -73.88623, 40.90766 ], [ -73.88625, 40.90763 ], [ -73.88625, 40.90762 ], [ -73.88628, 40.90757 ], [ -73.8863, 40.90752 ], [ -73.88632, 40.90747 ], [ -73.88635, 40.90738 ], [ -73.88638, 40.90729 ], [ -73.88641, 40.9072 ], [ -73.88644, 40.90711 ], [ -73.88646, 40.90701 ], [ -73.88648, 40.90691 ], [ -73.88649, 40.9068 ], [ -73.8865, 40.9067 ], [ -73.88651, 40.9066 ], [ -73.88651, 40.90649 ], [ -73.88651, 40.90639 ], [ -73.88651, 40.90633 ], [ -73.88651, 40.90628 ], [ -73.8865, 40.90622 ], [ -73.8865, 40.90617 ], [ -73.88649, 40.90611 ], [ -73.88647, 40.90606 ], [ -73.88646, 40.906 ], [ -73.88645, 40.90595 ], [ -73.88644, 40.9059 ], [ -73.88643, 40.90585 ], [ -73.88641, 40.90579 ], [ -73.8864, 40.90574 ], [ -73.88639, 40.90569 ], [ -73.88638, 40.90565 ], [ -73.88637, 40.90561 ], [ -73.88637, 40.9056 ], [ -73.88636, 40.90555 ], [ -73.88635, 40.9055 ], [ -73.88634, 40.90545 ], [ -73.88632, 40.9054 ], [ -73.88631, 40.90535 ], [ -73.8863, 40.90531 ], [ -73.88629, 40.90526 ], [ -73.88628, 40.90522 ], [ -73.88627, 40.90517 ], [ -73.88626, 40.90513 ], [ -73.88622, 40.90495 ], [ -73.88619, 40.90478 ], [ -73.88617, 40.9046 ], [ -73.88617, 40.90455 ], [ -73.88616, 40.9045 ], [ -73.88616, 40.90445 ], [ -73.88615, 40.9044 ], [ -73.88615, 40.90435 ], [ -73.88614, 40.90432 ], [ -73.88614, 40.9043 ], [ -73.88614, 40.90425 ], [ -73.88614, 40.90419 ], [ -73.88614, 40.90414 ], [ -73.88614, 40.90408 ], [ -73.88613, 40.90399 ], [ -73.88614, 40.9039 ], [ -73.88614, 40.9038 ], [ -73.88616, 40.90371 ], [ -73.88617, 40.90361 ], [ -73.88619, 40.90352 ], [ -73.88621, 40.90343 ], [ -73.88624, 40.90333 ], [ -73.88626, 40.90325 ], [ -73.88629, 40.90317 ], [ -73.88633, 40.90309 ], [ -73.88636, 40.90301 ], [ -73.8864, 40.90293 ], [ -73.88645, 40.90285 ], [ -73.88649, 40.90277 ], [ -73.88654, 40.9027 ], [ -73.88666, 40.90254 ], [ -73.88677, 40.90239 ], [ -73.8869, 40.90223 ], [ -73.88703, 40.90209 ], [ -73.88717, 40.90194 ], [ -73.88724, 40.90187 ], [ -73.88737, 40.90175 ], [ -73.88741, 40.90171 ], [ -73.88746, 40.90166 ], [ -73.88762, 40.90153 ], [ -73.88766, 40.90149 ], [ -73.88771, 40.90145 ], [ -73.88776, 40.90142 ], [ -73.88779, 40.90139 ], [ -73.88772, 40.9013 ], [ -73.8877, 40.90127 ], [ -73.88766, 40.90123 ], [ -73.88765, 40.90121 ], [ -73.88763, 40.90118 ], [ -73.8876, 40.90115 ], [ -73.88755, 40.90109 ], [ -73.88749, 40.90103 ], [ -73.88744, 40.90097 ], [ -73.88737, 40.90091 ], [ -73.88731, 40.90086 ], [ -73.88729, 40.90084 ], [ -73.88723, 40.90079 ], [ -73.88716, 40.90073 ], [ -73.88708, 40.90068 ], [ -73.88701, 40.90063 ], [ -73.88693, 40.90058 ], [ -73.88686, 40.90053 ], [ -73.88659, 40.90038 ], [ -73.88653, 40.90035 ], [ -73.88639, 40.90028 ], [ -73.88635, 40.90026 ], [ -73.88634, 40.90025 ], [ -73.88631, 40.90024 ], [ -73.88628, 40.90022 ], [ -73.88623, 40.9002 ], [ -73.88618, 40.90017 ], [ -73.88613, 40.90014 ], [ -73.88611, 40.90013 ], [ -73.88608, 40.90011 ], [ -73.88599, 40.90006 ], [ -73.8859, 40.9 ], [ -73.88581, 40.89994 ], [ -73.88572, 40.89987 ], [ -73.88563, 40.8998 ], [ -73.88554, 40.89972 ], [ -73.88545, 40.89965 ], [ -73.88541, 40.89961 ], [ -73.88537, 40.89957 ], [ -73.88533, 40.89952 ], [ -73.88529, 40.89949 ], [ -73.88522, 40.89941 ], [ -73.88515, 40.89932 ], [ -73.88508, 40.89924 ], [ -73.88501, 40.89915 ], [ -73.88495, 40.89907 ], [ -73.88493, 40.89903 ], [ -73.8849, 40.89898 ], [ -73.88482, 40.89883 ], [ -73.88474, 40.89869 ], [ -73.8847, 40.89861 ], [ -73.88464, 40.89846 ], [ -73.88464, 40.89846 ], [ -73.88461, 40.8984 ], [ -73.88458, 40.89833 ], [ -73.88456, 40.89826 ], [ -73.88451, 40.89811 ], [ -73.88447, 40.89796 ], [ -73.88444, 40.89782 ], [ -73.88441, 40.89767 ], [ -73.8844, 40.8976 ], [ -73.88439, 40.89753 ], [ -73.88438, 40.89747 ], [ -73.88437, 40.89738 ], [ -73.88437, 40.89736 ], [ -73.88436, 40.89723 ], [ -73.88435, 40.89709 ], [ -73.88435, 40.89693 ], [ -73.88436, 40.89676 ], [ -73.88438, 40.8966 ], [ -73.8844, 40.89644 ], [ -73.88443, 40.89628 ], [ -73.88446, 40.89612 ], [ -73.88453, 40.89588 ], [ -73.8846, 40.89564 ], [ -73.88469, 40.89541 ], [ -73.88478, 40.89517 ], [ -73.88489, 40.89494 ], [ -73.885, 40.89471 ], [ -73.88512, 40.89447 ], [ -73.88524, 40.89425 ], [ -73.88527, 40.8942 ], [ -73.88529, 40.89416 ], [ -73.88532, 40.89411 ], [ -73.88534, 40.89406 ], [ -73.88536, 40.89403 ], [ -73.88537, 40.89402 ], [ -73.88539, 40.89398 ], [ -73.88539, 40.89397 ], [ -73.88541, 40.89393 ], [ -73.88544, 40.89388 ], [ -73.88547, 40.89383 ], [ -73.88549, 40.89378 ], [ -73.88552, 40.89373 ], [ -73.88555, 40.89368 ], [ -73.88556, 40.89365 ], [ -73.88558, 40.89363 ], [ -73.8856, 40.89358 ], [ -73.88563, 40.89353 ], [ -73.88566, 40.89348 ], [ -73.88568, 40.89344 ], [ -73.88571, 40.89339 ], [ -73.88573, 40.89334 ], [ -73.88576, 40.8933 ], [ -73.88578, 40.89325 ], [ -73.88581, 40.89321 ], [ -73.88583, 40.89316 ], [ -73.88586, 40.89311 ], [ -73.88589, 40.89306 ], [ -73.88591, 40.89301 ], [ -73.88594, 40.89296 ], [ -73.88596, 40.89291 ], [ -73.88599, 40.89286 ], [ -73.88601, 40.89281 ], [ -73.88604, 40.89276 ], [ -73.88607, 40.89272 ], [ -73.88609, 40.89267 ], [ -73.88611, 40.89263 ], [ -73.88613, 40.89258 ], [ -73.88616, 40.89254 ], [ -73.88618, 40.89249 ], [ -73.8862, 40.89245 ], [ -73.88622, 40.8924 ], [ -73.88625, 40.89235 ], [ -73.88627, 40.8923 ], [ -73.8863, 40.89225 ], [ -73.88632, 40.8922 ], [ -73.88635, 40.89215 ], [ -73.88637, 40.8921 ], [ -73.88639, 40.89205 ], [ -73.88642, 40.892 ], [ -73.88644, 40.89195 ], [ -73.88646, 40.8919 ], [ -73.88648, 40.89185 ], [ -73.88651, 40.8918 ], [ -73.88653, 40.89175 ], [ -73.88655, 40.89171 ], [ -73.88656, 40.89166 ], [ -73.88658, 40.89162 ], [ -73.8866, 40.89157 ], [ -73.88662, 40.89153 ], [ -73.88664, 40.89148 ], [ -73.88666, 40.89144 ], [ -73.88668, 40.89139 ], [ -73.8867, 40.89134 ], [ -73.88672, 40.89129 ], [ -73.88674, 40.89124 ], [ -73.88676, 40.89119 ], [ -73.88678, 40.89115 ], [ -73.8868, 40.8911 ], [ -73.88682, 40.89105 ], [ -73.88683, 40.891 ], [ -73.88685, 40.89095 ], [ -73.88686, 40.8909 ], [ -73.88688, 40.89085 ], [ -73.88689, 40.89084 ], [ -73.8869, 40.8908 ], [ -73.88691, 40.89075 ], [ -73.88693, 40.89071 ], [ -73.88694, 40.89068 ], [ -73.88694, 40.89066 ], [ -73.88696, 40.89061 ], [ -73.88698, 40.89056 ], [ -73.88699, 40.89051 ], [ -73.88699, 40.89051 ], [ -73.88699, 40.89051 ], [ -73.88699, 40.89051 ], [ -73.88705, 40.89031 ] ] ], [ [ [ -73.87984, 40.89114 ], [ -73.88015, 40.89169 ], [ -73.8803, 40.89195 ], [ -73.88044, 40.89225 ], [ -73.88052, 40.89249 ], [ -73.88055, 40.89262 ], [ -73.88058, 40.89286 ], [ -73.88058, 40.89302 ], [ -73.88057, 40.89323 ], [ -73.88035, 40.89481 ], [ -73.88033, 40.89498 ], [ -73.88033, 40.89501 ], [ -73.88034, 40.89503 ], [ -73.88036, 40.89505 ], [ -73.88039, 40.89507 ], [ -73.88043, 40.89508 ], [ -73.88046, 40.89508 ], [ -73.8805, 40.89508 ], [ -73.88057, 40.89508 ], [ -73.88063, 40.89507 ], [ -73.88069, 40.89506 ], [ -73.88093, 40.89497 ], [ -73.88112, 40.89489 ], [ -73.88151, 40.89471 ], [ -73.88159, 40.89469 ], [ -73.88168, 40.89464 ], [ -73.88173, 40.89461 ], [ -73.88179, 40.89457 ], [ -73.88184, 40.89454 ], [ -73.88189, 40.89451 ], [ -73.88194, 40.89448 ], [ -73.88199, 40.89445 ], [ -73.88204, 40.89442 ], [ -73.88209, 40.89439 ], [ -73.88211, 40.89438 ], [ -73.88214, 40.89436 ], [ -73.88219, 40.89432 ], [ -73.8822, 40.89431 ], [ -73.88224, 40.89429 ], [ -73.88229, 40.89425 ], [ -73.88232, 40.89423 ], [ -73.88234, 40.89422 ], [ -73.8824, 40.89418 ], [ -73.88245, 40.89415 ], [ -73.8825, 40.89411 ], [ -73.88271, 40.89395 ], [ -73.88294, 40.89376 ], [ -73.8831, 40.89363 ], [ -73.88322, 40.89351 ], [ -73.88344, 40.8933 ], [ -73.88369, 40.89304 ], [ -73.88383, 40.8929 ], [ -73.88413, 40.89257 ], [ -73.88444, 40.89225 ], [ -73.88475, 40.89193 ], [ -73.88507, 40.89161 ], [ -73.8854, 40.89129 ], [ -73.88573, 40.89098 ], [ -73.88607, 40.89068 ], [ -73.88642, 40.89037 ], [ -73.88642, 40.89037 ], [ -73.88646, 40.89034 ], [ -73.88653, 40.89028 ], [ -73.88653, 40.89028 ], [ -73.88668, 40.89016 ], [ -73.88683, 40.89005 ], [ -73.88699, 40.88994 ], [ -73.88715, 40.88983 ], [ -73.88715, 40.88983 ], [ -73.88715, 40.88982 ], [ -73.88716, 40.88977 ], [ -73.88718, 40.88972 ], [ -73.88718, 40.88967 ], [ -73.88719, 40.88962 ], [ -73.8872, 40.88958 ], [ -73.88721, 40.88953 ], [ -73.88722, 40.88948 ], [ -73.88725, 40.88923 ], [ -73.88727, 40.88897 ], [ -73.88728, 40.88872 ], [ -73.88729, 40.88846 ], [ -73.88729, 40.88823 ], [ -73.88729, 40.88799 ], [ -73.88728, 40.88776 ], [ -73.88728, 40.88766 ], [ -73.88727, 40.88758 ], [ -73.88727, 40.88752 ], [ -73.88727, 40.88747 ], [ -73.88726, 40.88746 ], [ -73.88726, 40.88737 ], [ -73.88725, 40.88732 ], [ -73.88725, 40.88727 ], [ -73.88725, 40.88725 ], [ -73.88725, 40.88722 ], [ -73.88724, 40.88716 ], [ -73.88724, 40.88714 ], [ -73.88724, 40.88712 ], [ -73.88724, 40.88711 ], [ -73.88723, 40.88706 ], [ -73.88722, 40.887 ], [ -73.88722, 40.88695 ], [ -73.88721, 40.8869 ], [ -73.88721, 40.88685 ], [ -73.8872, 40.88679 ], [ -73.8872, 40.88674 ], [ -73.88719, 40.88669 ], [ -73.88718, 40.88664 ], [ -73.88717, 40.88658 ], [ -73.88717, 40.88653 ], [ -73.88716, 40.88648 ], [ -73.88715, 40.88643 ], [ -73.88712, 40.88621 ], [ -73.88708, 40.88599 ], [ -73.88705, 40.88583 ], [ -73.88705, 40.88582 ], [ -73.88704, 40.88577 ], [ -73.887, 40.88555 ], [ -73.88699, 40.8855 ], [ -73.88698, 40.88545 ], [ -73.88697, 40.88541 ], [ -73.88696, 40.88536 ], [ -73.88695, 40.88532 ], [ -73.88694, 40.88527 ], [ -73.88693, 40.88522 ], [ -73.88692, 40.88518 ], [ -73.88691, 40.88514 ], [ -73.8869, 40.88509 ], [ -73.88689, 40.88505 ], [ -73.88688, 40.885 ], [ -73.88687, 40.88497 ], [ -73.88687, 40.88495 ], [ -73.88685, 40.8849 ], [ -73.88684, 40.88486 ], [ -73.88683, 40.88481 ], [ -73.88682, 40.88476 ], [ -73.88682, 40.88472 ], [ -73.88681, 40.88467 ], [ -73.88679, 40.88462 ], [ -73.88679, 40.88458 ], [ -73.88678, 40.88454 ], [ -73.88677, 40.8845 ], [ -73.88676, 40.88447 ], [ -73.88674, 40.88443 ], [ -73.88672, 40.88441 ], [ -73.88669, 40.88438 ], [ -73.88657, 40.88432 ], [ -73.88636, 40.88423 ], [ -73.88633, 40.88427 ], [ -73.88462, 40.88346 ], [ -73.88429, 40.8833 ], [ -73.8842, 40.88327 ], [ -73.88412, 40.88325 ], [ -73.88402, 40.88324 ], [ -73.88395, 40.88323 ], [ -73.88384, 40.88324 ], [ -73.8837, 40.88326 ], [ -73.88284, 40.88347 ], [ -73.88277, 40.88347 ], [ -73.88269, 40.88347 ], [ -73.88264, 40.88346 ], [ -73.88258, 40.88345 ], [ -73.8825, 40.88343 ], [ -73.88231, 40.88334 ], [ -73.88205, 40.88321 ], [ -73.88131, 40.88286 ], [ -73.87936, 40.88551 ], [ -73.8781, 40.88724 ], [ -73.87823, 40.8877 ], [ -73.87827, 40.88781 ], [ -73.87837, 40.88802 ], [ -73.87875, 40.88889 ], [ -73.87892, 40.88929 ], [ -73.87909, 40.88968 ], [ -73.87926, 40.89007 ], [ -73.87936, 40.89026 ], [ -73.87965, 40.8908 ], [ -73.87984, 40.89114 ] ] ], [ [ [ -73.87052, 40.90063 ], [ -73.87034, 40.90073 ], [ -73.87015, 40.90086 ], [ -73.86997, 40.90098 ], [ -73.86985, 40.90106 ], [ -73.86972, 40.90117 ], [ -73.86961, 40.90124 ], [ -73.86952, 40.90132 ], [ -73.86949, 40.90133 ], [ -73.86942, 40.90139 ], [ -73.8693, 40.90148 ], [ -73.86924, 40.90153 ], [ -73.86915, 40.90162 ], [ -73.86905, 40.90171 ], [ -73.86897, 40.90177 ], [ -73.86892, 40.90182 ], [ -73.86886, 40.90187 ], [ -73.86879, 40.90195 ], [ -73.86873, 40.90201 ], [ -73.86866, 40.90208 ], [ -73.86859, 40.90216 ], [ -73.86854, 40.90222 ], [ -73.86848, 40.90228 ], [ -73.86847, 40.90228 ], [ -73.86847, 40.90232 ], [ -73.86847, 40.90235 ], [ -73.86847, 40.90238 ], [ -73.86847, 40.9024 ], [ -73.86847, 40.90242 ], [ -73.86846, 40.90243 ], [ -73.86846, 40.90245 ], [ -73.86845, 40.90247 ], [ -73.86845, 40.90249 ], [ -73.86844, 40.9025 ], [ -73.86843, 40.90252 ], [ -73.86843, 40.90253 ], [ -73.86842, 40.90254 ], [ -73.86842, 40.90255 ], [ -73.86841, 40.90256 ], [ -73.8684, 40.90257 ], [ -73.8684, 40.90258 ], [ -73.86838, 40.9026 ], [ -73.86838, 40.90261 ], [ -73.86837, 40.90262 ], [ -73.86836, 40.90263 ], [ -73.86835, 40.90265 ], [ -73.86834, 40.90266 ], [ -73.86832, 40.90268 ], [ -73.86831, 40.9027 ], [ -73.86829, 40.90272 ], [ -73.86828, 40.90273 ], [ -73.86826, 40.90274 ], [ -73.86824, 40.90277 ], [ -73.86822, 40.90278 ], [ -73.8682, 40.9028 ], [ -73.86819, 40.9028 ], [ -73.86816, 40.90282 ], [ -73.86814, 40.90283 ], [ -73.86813, 40.90284 ], [ -73.86812, 40.90284 ], [ -73.8681, 40.90285 ], [ -73.86809, 40.90285 ], [ -73.86808, 40.90286 ], [ -73.86807, 40.90286 ], [ -73.86806, 40.90287 ], [ -73.86805, 40.90287 ], [ -73.86805, 40.90288 ], [ -73.86803, 40.90289 ], [ -73.86802, 40.9029 ], [ -73.86802, 40.9029 ], [ -73.86801, 40.90292 ], [ -73.87214, 40.90414 ], [ -73.8756, 40.90516 ], [ -73.87779, 40.9058 ], [ -73.87819, 40.90326 ], [ -73.87842, 40.90187 ], [ -73.87839, 40.90187 ], [ -73.87849, 40.90143 ], [ -73.87863, 40.90055 ], [ -73.87862, 40.90059 ], [ -73.87873, 40.89988 ], [ -73.87882, 40.89931 ], [ -73.87889, 40.89891 ], [ -73.87895, 40.89858 ], [ -73.8791, 40.89793 ], [ -73.87922, 40.8975 ], [ -73.87933, 40.89705 ], [ -73.87943, 40.89668 ], [ -73.87957, 40.89616 ], [ -73.87964, 40.89587 ], [ -73.87968, 40.89573 ], [ -73.87971, 40.89563 ], [ -73.87974, 40.8955 ], [ -73.87978, 40.89537 ], [ -73.8775, 40.89551 ], [ -73.87729, 40.89553 ], [ -73.87719, 40.89581 ], [ -73.87718, 40.89584 ], [ -73.87718, 40.89585 ], [ -73.87716, 40.8959 ], [ -73.87713, 40.89597 ], [ -73.87712, 40.89602 ], [ -73.87709, 40.89607 ], [ -73.87708, 40.89611 ], [ -73.87705, 40.89615 ], [ -73.87703, 40.89619 ], [ -73.87701, 40.89624 ], [ -73.87699, 40.89627 ], [ -73.87697, 40.89632 ], [ -73.87695, 40.89635 ], [ -73.87692, 40.8964 ], [ -73.87689, 40.89645 ], [ -73.87687, 40.89649 ], [ -73.87683, 40.89655 ], [ -73.87679, 40.89661 ], [ -73.87675, 40.89668 ], [ -73.87672, 40.89672 ], [ -73.87667, 40.89679 ], [ -73.87665, 40.89681 ], [ -73.87662, 40.89685 ], [ -73.87659, 40.8969 ], [ -73.87656, 40.89694 ], [ -73.87653, 40.89698 ], [ -73.8765, 40.89701 ], [ -73.87649, 40.89704 ], [ -73.87645, 40.89708 ], [ -73.87643, 40.89711 ], [ -73.87641, 40.89713 ], [ -73.8764, 40.89715 ], [ -73.87639, 40.89716 ], [ -73.87603, 40.89757 ], [ -73.87569, 40.89791 ], [ -73.87545, 40.89811 ], [ -73.87516, 40.89834 ], [ -73.8748, 40.89858 ], [ -73.87461, 40.89869 ], [ -73.87461, 40.89869 ], [ -73.87455, 40.89872 ], [ -73.87405, 40.89899 ], [ -73.87368, 40.89916 ], [ -73.8732, 40.89936 ], [ -73.87315, 40.89938 ], [ -73.87285, 40.8995 ], [ -73.87285, 40.8995 ], [ -73.87265, 40.89958 ], [ -73.87246, 40.89966 ], [ -73.87219, 40.89976 ], [ -73.872, 40.89984 ], [ -73.87175, 40.89996 ], [ -73.87149, 40.90008 ], [ -73.87136, 40.90015 ], [ -73.87133, 40.90016 ], [ -73.8711, 40.90029 ], [ -73.87077, 40.90048 ], [ -73.87052, 40.90063 ] ] ], [ [ [ -73.88755, 40.88437 ], [ -73.88752, 40.88441 ], [ -73.88749, 40.88445 ], [ -73.88746, 40.88448 ], [ -73.88742, 40.88453 ], [ -73.88742, 40.88453 ], [ -73.88742, 40.88453 ], [ -73.88739, 40.88457 ], [ -73.88738, 40.88458 ], [ -73.88736, 40.8846 ], [ -73.88734, 40.88463 ], [ -73.88732, 40.88466 ], [ -73.8873, 40.88469 ], [ -73.88729, 40.88472 ], [ -73.88727, 40.88475 ], [ -73.88726, 40.88478 ], [ -73.88724, 40.88481 ], [ -73.88723, 40.88485 ], [ -73.88722, 40.88488 ], [ -73.88721, 40.88492 ], [ -73.8872, 40.88495 ], [ -73.88719, 40.88499 ], [ -73.88719, 40.88502 ], [ -73.88718, 40.88506 ], [ -73.88718, 40.88509 ], [ -73.88718, 40.88513 ], [ -73.88718, 40.88516 ], [ -73.88719, 40.8852 ], [ -73.88719, 40.88523 ], [ -73.8872, 40.88527 ], [ -73.88721, 40.88532 ], [ -73.88722, 40.88537 ], [ -73.88723, 40.88542 ], [ -73.88724, 40.88548 ], [ -73.88725, 40.88553 ], [ -73.88726, 40.88558 ], [ -73.88728, 40.88563 ], [ -73.88729, 40.88569 ], [ -73.8873, 40.88574 ], [ -73.88731, 40.88579 ], [ -73.88732, 40.88584 ], [ -73.88733, 40.88589 ], [ -73.88734, 40.88594 ], [ -73.88734, 40.88596 ], [ -73.88735, 40.88599 ], [ -73.88736, 40.88604 ], [ -73.88737, 40.88609 ], [ -73.88738, 40.88614 ], [ -73.88739, 40.88618 ], [ -73.8874, 40.88623 ], [ -73.88741, 40.88628 ], [ -73.88742, 40.88633 ], [ -73.88743, 40.88638 ], [ -73.88744, 40.88643 ], [ -73.88745, 40.88647 ], [ -73.88746, 40.88652 ], [ -73.88747, 40.88657 ], [ -73.88748, 40.88662 ], [ -73.88749, 40.88667 ], [ -73.8875, 40.88672 ], [ -73.88751, 40.88677 ], [ -73.88752, 40.88682 ], [ -73.88754, 40.88688 ], [ -73.88755, 40.88693 ], [ -73.88756, 40.88699 ], [ -73.88757, 40.88704 ], [ -73.88758, 40.88709 ], [ -73.88759, 40.88712 ], [ -73.88759, 40.88715 ], [ -73.8876, 40.8872 ], [ -73.88761, 40.88725 ], [ -73.88763, 40.88731 ], [ -73.88764, 40.88736 ], [ -73.88765, 40.88741 ], [ -73.88766, 40.88746 ], [ -73.88767, 40.88752 ], [ -73.88771, 40.88773 ], [ -73.88774, 40.88794 ], [ -73.88777, 40.88815 ], [ -73.88777, 40.88818 ], [ -73.88778, 40.88836 ], [ -73.88779, 40.88857 ], [ -73.88779, 40.88873 ], [ -73.88778, 40.88889 ], [ -73.88777, 40.88905 ], [ -73.88777, 40.88907 ], [ -73.8878, 40.88906 ], [ -73.88784, 40.88904 ], [ -73.88787, 40.88902 ], [ -73.88791, 40.88901 ], [ -73.88795, 40.88899 ], [ -73.88799, 40.88897 ], [ -73.88803, 40.88896 ], [ -73.88807, 40.88895 ], [ -73.88812, 40.88893 ], [ -73.88816, 40.88892 ], [ -73.8882, 40.88891 ], [ -73.88825, 40.8889 ], [ -73.88829, 40.88889 ], [ -73.88834, 40.88889 ], [ -73.88838, 40.88888 ], [ -73.88843, 40.88888 ], [ -73.88848, 40.88887 ], [ -73.88852, 40.88887 ], [ -73.88857, 40.88887 ], [ -73.88864, 40.88887 ], [ -73.88871, 40.88887 ], [ -73.88878, 40.88886 ], [ -73.88879, 40.88886 ], [ -73.88884, 40.88886 ], [ -73.88891, 40.88886 ], [ -73.889, 40.88885 ], [ -73.88909, 40.88885 ], [ -73.88918, 40.88884 ], [ -73.88926, 40.88884 ], [ -73.88935, 40.88883 ], [ -73.88943, 40.88881 ], [ -73.88952, 40.8888 ], [ -73.88956, 40.88879 ], [ -73.8896, 40.88879 ], [ -73.88965, 40.88878 ], [ -73.88969, 40.88877 ], [ -73.88995, 40.88871 ], [ -73.89021, 40.88865 ], [ -73.89054, 40.88857 ], [ -73.89088, 40.88848 ], [ -73.89089, 40.88848 ], [ -73.89121, 40.8884 ], [ -73.8915, 40.88833 ], [ -73.89178, 40.88825 ], [ -73.89191, 40.88821 ], [ -73.89205, 40.88817 ], [ -73.89233, 40.88808 ], [ -73.89238, 40.88807 ], [ -73.89243, 40.88805 ], [ -73.89248, 40.88803 ], [ -73.89254, 40.88801 ], [ -73.8926, 40.88798 ], [ -73.89266, 40.88796 ], [ -73.89272, 40.88793 ], [ -73.89278, 40.8879 ], [ -73.89283, 40.88787 ], [ -73.89292, 40.88783 ], [ -73.89299, 40.88778 ], [ -73.89307, 40.88773 ], [ -73.89315, 40.88768 ], [ -73.89321, 40.88764 ], [ -73.89327, 40.88759 ], [ -73.89333, 40.88754 ], [ -73.89339, 40.88749 ], [ -73.89345, 40.88744 ], [ -73.89355, 40.88734 ], [ -73.89365, 40.88723 ], [ -73.89374, 40.88713 ], [ -73.89375, 40.88712 ], [ -73.89385, 40.887 ], [ -73.89394, 40.88688 ], [ -73.89403, 40.88675 ], [ -73.8941, 40.88666 ], [ -73.89416, 40.88656 ], [ -73.89422, 40.88647 ], [ -73.89428, 40.88637 ], [ -73.89433, 40.88627 ], [ -73.89437, 40.88617 ], [ -73.89446, 40.88594 ], [ -73.89452, 40.88578 ], [ -73.89452, 40.88576 ], [ -73.89454, 40.88572 ], [ -73.89454, 40.88571 ], [ -73.89454, 40.8857 ], [ -73.89454, 40.88569 ], [ -73.89455, 40.88568 ], [ -73.89455, 40.88567 ], [ -73.89455, 40.88567 ], [ -73.89455, 40.88566 ], [ -73.89448, 40.88565 ], [ -73.89436, 40.88563 ], [ -73.888, 40.88443 ], [ -73.88786, 40.8844 ], [ -73.88757, 40.88435 ], [ -73.88755, 40.88437 ] ] ], [ [ [ -73.88625, 40.90392 ], [ -73.88625, 40.90404 ], [ -73.88625, 40.90417 ], [ -73.88626, 40.90429 ], [ -73.88627, 40.90448 ], [ -73.88629, 40.90468 ], [ -73.88632, 40.90487 ], [ -73.88633, 40.90492 ], [ -73.88634, 40.90496 ], [ -73.88635, 40.90501 ], [ -73.88636, 40.90506 ], [ -73.88637, 40.90511 ], [ -73.88638, 40.90516 ], [ -73.8864, 40.90522 ], [ -73.88641, 40.90527 ], [ -73.88642, 40.90532 ], [ -73.88643, 40.90534 ], [ -73.88662, 40.90625 ], [ -73.88662, 40.90627 ], [ -73.88663, 40.90637 ], [ -73.88663, 40.90643 ], [ -73.88663, 40.90647 ], [ -73.88663, 40.90658 ], [ -73.88663, 40.90658 ], [ -73.88664, 40.90659 ], [ -73.88664, 40.90659 ], [ -73.88665, 40.90659 ], [ -73.88665, 40.90658 ], [ -73.88667, 40.90654 ], [ -73.88669, 40.90649 ], [ -73.8867, 40.90644 ], [ -73.88672, 40.90639 ], [ -73.88673, 40.90635 ], [ -73.88675, 40.9063 ], [ -73.88677, 40.90625 ], [ -73.88678, 40.9062 ], [ -73.8868, 40.90615 ], [ -73.88682, 40.9061 ], [ -73.88684, 40.90605 ], [ -73.88685, 40.906 ], [ -73.88687, 40.90594 ], [ -73.88689, 40.90589 ], [ -73.8869, 40.90584 ], [ -73.88692, 40.90579 ], [ -73.88694, 40.90574 ], [ -73.88696, 40.90569 ], [ -73.88697, 40.90563 ], [ -73.88699, 40.90558 ], [ -73.88701, 40.90553 ], [ -73.88702, 40.90548 ], [ -73.88704, 40.90543 ], [ -73.88706, 40.90538 ], [ -73.88708, 40.90533 ], [ -73.88709, 40.90528 ], [ -73.88711, 40.90523 ], [ -73.88713, 40.90518 ], [ -73.88715, 40.90513 ], [ -73.88716, 40.90508 ], [ -73.88718, 40.90503 ], [ -73.8872, 40.90499 ], [ -73.88722, 40.90494 ], [ -73.88723, 40.90489 ], [ -73.88725, 40.90484 ], [ -73.88727, 40.90479 ], [ -73.88729, 40.90474 ], [ -73.88731, 40.90469 ], [ -73.88732, 40.90464 ], [ -73.88734, 40.90459 ], [ -73.88736, 40.90454 ], [ -73.88738, 40.90449 ], [ -73.8874, 40.90444 ], [ -73.88742, 40.9044 ], [ -73.88744, 40.90434 ], [ -73.88746, 40.90429 ], [ -73.88748, 40.90424 ], [ -73.8875, 40.90419 ], [ -73.88752, 40.90414 ], [ -73.88754, 40.90409 ], [ -73.88756, 40.90404 ], [ -73.88758, 40.90399 ], [ -73.8876, 40.90394 ], [ -73.88762, 40.9039 ], [ -73.88764, 40.90385 ], [ -73.88766, 40.9038 ], [ -73.88768, 40.90375 ], [ -73.88769, 40.90373 ], [ -73.88764, 40.9037 ], [ -73.88763, 40.90371 ], [ -73.8876, 40.90372 ], [ -73.88758, 40.90373 ], [ -73.88755, 40.90374 ], [ -73.88753, 40.90375 ], [ -73.8875, 40.90376 ], [ -73.88747, 40.90377 ], [ -73.88745, 40.90378 ], [ -73.88742, 40.90378 ], [ -73.88739, 40.90379 ], [ -73.88737, 40.90379 ], [ -73.88734, 40.9038 ], [ -73.88732, 40.9038 ], [ -73.88729, 40.9038 ], [ -73.88727, 40.9038 ], [ -73.88724, 40.9038 ], [ -73.88722, 40.90381 ], [ -73.88719, 40.9038 ], [ -73.88717, 40.9038 ], [ -73.88714, 40.9038 ], [ -73.88712, 40.9038 ], [ -73.88709, 40.9038 ], [ -73.88707, 40.90379 ], [ -73.88704, 40.90379 ], [ -73.88702, 40.90379 ], [ -73.88699, 40.90378 ], [ -73.88697, 40.90377 ], [ -73.88695, 40.90377 ], [ -73.88692, 40.90376 ], [ -73.8869, 40.90375 ], [ -73.88688, 40.90375 ], [ -73.88685, 40.90374 ], [ -73.88683, 40.90373 ], [ -73.88681, 40.90372 ], [ -73.88679, 40.90371 ], [ -73.88677, 40.9037 ], [ -73.88675, 40.90368 ], [ -73.88673, 40.90367 ], [ -73.88671, 40.90366 ], [ -73.88669, 40.90365 ], [ -73.88667, 40.90363 ], [ -73.88665, 40.90362 ], [ -73.88664, 40.9036 ], [ -73.88662, 40.90359 ], [ -73.88661, 40.90357 ], [ -73.88659, 40.90356 ], [ -73.88658, 40.90354 ], [ -73.88656, 40.90353 ], [ -73.88655, 40.90351 ], [ -73.88654, 40.90349 ], [ -73.88653, 40.90347 ], [ -73.88652, 40.90346 ], [ -73.88651, 40.90344 ], [ -73.8865, 40.90342 ], [ -73.88649, 40.9034 ], [ -73.88649, 40.90338 ], [ -73.88648, 40.90336 ], [ -73.88648, 40.90334 ], [ -73.88647, 40.90332 ], [ -73.88647, 40.90329 ], [ -73.88647, 40.90327 ], [ -73.88647, 40.90326 ], [ -73.88646, 40.90321 ], [ -73.88646, 40.90313 ], [ -73.88648, 40.90308 ], [ -73.88643, 40.90314 ], [ -73.8864, 40.90319 ], [ -73.88637, 40.90329 ], [ -73.88634, 40.90338 ], [ -73.88632, 40.90348 ], [ -73.88629, 40.90357 ], [ -73.88628, 40.90367 ], [ -73.88626, 40.90379 ], [ -73.88625, 40.90392 ] ] ], [ [ [ -73.88786, 40.9016 ], [ -73.88784, 40.90162 ], [ -73.88779, 40.90166 ], [ -73.88774, 40.9017 ], [ -73.8877, 40.90174 ], [ -73.88767, 40.90176 ], [ -73.88765, 40.90178 ], [ -73.88764, 40.90179 ], [ -73.88761, 40.90182 ], [ -73.88757, 40.90186 ], [ -73.88753, 40.90189 ], [ -73.88749, 40.90193 ], [ -73.88745, 40.90197 ], [ -73.88741, 40.90201 ], [ -73.88737, 40.90205 ], [ -73.88733, 40.9021 ], [ -73.88729, 40.90214 ], [ -73.88725, 40.90218 ], [ -73.88722, 40.90221 ], [ -73.88719, 40.90225 ], [ -73.88715, 40.90229 ], [ -73.88712, 40.90233 ], [ -73.88708, 40.90237 ], [ -73.88705, 40.90241 ], [ -73.88701, 40.90246 ], [ -73.88697, 40.9025 ], [ -73.88693, 40.90254 ], [ -73.88688, 40.90261 ], [ -73.88683, 40.90268 ], [ -73.88678, 40.90275 ], [ -73.88674, 40.90282 ], [ -73.8867, 40.90289 ], [ -73.88666, 40.90297 ], [ -73.88664, 40.90299 ], [ -73.88663, 40.90301 ], [ -73.88662, 40.90303 ], [ -73.88661, 40.90305 ], [ -73.88661, 40.90307 ], [ -73.8866, 40.90309 ], [ -73.88659, 40.90312 ], [ -73.88659, 40.90314 ], [ -73.88658, 40.90316 ], [ -73.88658, 40.90318 ], [ -73.88658, 40.9032 ], [ -73.88657, 40.90323 ], [ -73.88657, 40.90325 ], [ -73.88657, 40.90327 ], [ -73.88658, 40.90329 ], [ -73.88658, 40.90332 ], [ -73.88658, 40.90334 ], [ -73.88659, 40.90336 ], [ -73.88659, 40.90337 ], [ -73.8866, 40.90339 ], [ -73.88661, 40.9034 ], [ -73.88662, 40.90342 ], [ -73.88663, 40.90344 ], [ -73.88664, 40.90345 ], [ -73.88665, 40.90347 ], [ -73.88666, 40.90348 ], [ -73.88667, 40.90349 ], [ -73.88668, 40.90351 ], [ -73.8867, 40.90352 ], [ -73.88671, 40.90354 ], [ -73.88672, 40.90355 ], [ -73.88674, 40.90356 ], [ -73.88675, 40.90357 ], [ -73.88677, 40.90359 ], [ -73.88679, 40.9036 ], [ -73.8868, 40.90361 ], [ -73.88682, 40.90362 ], [ -73.88684, 40.90363 ], [ -73.88686, 40.90364 ], [ -73.88688, 40.90365 ], [ -73.8869, 40.90366 ], [ -73.88692, 40.90366 ], [ -73.88694, 40.90367 ], [ -73.88696, 40.90368 ], [ -73.88698, 40.90369 ], [ -73.887, 40.90369 ], [ -73.88702, 40.9037 ], [ -73.88704, 40.9037 ], [ -73.88706, 40.90371 ], [ -73.88708, 40.90371 ], [ -73.8871, 40.90371 ], [ -73.88712, 40.90371 ], [ -73.88714, 40.90372 ], [ -73.88716, 40.90372 ], [ -73.88718, 40.90372 ], [ -73.8872, 40.90372 ], [ -73.88723, 40.90372 ], [ -73.88725, 40.90372 ], [ -73.88727, 40.90371 ], [ -73.88729, 40.90371 ], [ -73.88731, 40.90371 ], [ -73.88733, 40.90371 ], [ -73.88735, 40.9037 ], [ -73.88737, 40.9037 ], [ -73.88739, 40.90369 ], [ -73.88741, 40.90369 ], [ -73.88743, 40.90368 ], [ -73.88744, 40.90368 ], [ -73.88746, 40.90367 ], [ -73.88748, 40.90366 ], [ -73.8875, 40.90366 ], [ -73.88752, 40.90365 ], [ -73.88753, 40.90364 ], [ -73.88755, 40.90363 ], [ -73.88758, 40.90361 ], [ -73.88761, 40.90359 ], [ -73.88764, 40.90357 ], [ -73.88766, 40.90355 ], [ -73.88769, 40.90353 ], [ -73.88772, 40.90351 ], [ -73.88774, 40.90349 ], [ -73.88776, 40.90346 ], [ -73.88778, 40.90344 ], [ -73.88781, 40.90342 ], [ -73.88781, 40.90341 ], [ -73.88783, 40.90339 ], [ -73.88785, 40.90337 ], [ -73.88786, 40.90334 ], [ -73.88788, 40.90332 ], [ -73.8879, 40.90329 ], [ -73.88793, 40.90323 ], [ -73.88796, 40.90317 ], [ -73.88798, 40.90311 ], [ -73.88801, 40.90305 ], [ -73.88803, 40.90299 ], [ -73.88805, 40.90293 ], [ -73.88806, 40.90287 ], [ -73.88808, 40.90281 ], [ -73.88809, 40.90274 ], [ -73.8881, 40.90267 ], [ -73.88811, 40.9026 ], [ -73.88811, 40.90254 ], [ -73.88811, 40.90247 ], [ -73.88811, 40.9024 ], [ -73.88811, 40.90233 ], [ -73.8881, 40.90226 ], [ -73.88809, 40.9022 ], [ -73.88808, 40.90211 ], [ -73.88806, 40.90202 ], [ -73.88803, 40.90194 ], [ -73.88801, 40.90185 ], [ -73.88798, 40.90177 ], [ -73.88794, 40.90169 ], [ -73.88791, 40.9016 ], [ -73.88789, 40.90158 ], [ -73.88786, 40.9016 ] ] ], [ [ [ -73.88054, 40.89641 ], [ -73.8816, 40.89528 ], [ -73.88233, 40.89453 ], [ -73.88312, 40.89369 ], [ -73.88297, 40.89382 ], [ -73.88285, 40.89393 ], [ -73.88274, 40.89402 ], [ -73.88264, 40.89408 ], [ -73.88251, 40.89418 ], [ -73.8825, 40.89419 ], [ -73.88248, 40.8942 ], [ -73.88244, 40.89423 ], [ -73.8824, 40.89426 ], [ -73.88236, 40.89429 ], [ -73.8823, 40.89432 ], [ -73.88225, 40.89436 ], [ -73.8822, 40.8944 ], [ -73.88214, 40.89443 ], [ -73.88209, 40.89447 ], [ -73.88204, 40.8945 ], [ -73.88199, 40.89453 ], [ -73.88194, 40.89456 ], [ -73.88189, 40.89459 ], [ -73.88172, 40.89469 ], [ -73.88154, 40.89479 ], [ -73.88136, 40.89488 ], [ -73.88124, 40.89493 ], [ -73.88113, 40.89499 ], [ -73.88101, 40.89504 ], [ -73.88088, 40.89508 ], [ -73.88082, 40.89511 ], [ -73.88075, 40.89513 ], [ -73.88069, 40.89515 ], [ -73.88062, 40.89517 ], [ -73.88055, 40.89518 ], [ -73.88048, 40.8952 ], [ -73.88048, 40.8952 ], [ -73.88048, 40.8952 ], [ -73.88033, 40.89522 ], [ -73.88032, 40.89545 ], [ -73.88031, 40.89563 ], [ -73.88031, 40.89574 ], [ -73.88033, 40.89585 ], [ -73.88035, 40.89594 ], [ -73.88038, 40.89604 ], [ -73.88043, 40.89617 ], [ -73.88048, 40.8963 ], [ -73.88052, 40.89637 ], [ -73.88052, 40.89637 ], [ -73.88054, 40.8964 ], [ -73.88054, 40.89641 ] ] ], [ [ [ -73.89016, 40.9002 ], [ -73.89, 40.90027 ], [ -73.88985, 40.90034 ], [ -73.8897, 40.90041 ], [ -73.88952, 40.90051 ], [ -73.88934, 40.9006 ], [ -73.88912, 40.90072 ], [ -73.88891, 40.90085 ], [ -73.88887, 40.90087 ], [ -73.88882, 40.9009 ], [ -73.88876, 40.90093 ], [ -73.88873, 40.90095 ], [ -73.88871, 40.90097 ], [ -73.88865, 40.901 ], [ -73.8886, 40.90103 ], [ -73.88855, 40.90107 ], [ -73.8885, 40.9011 ], [ -73.88845, 40.90114 ], [ -73.8884, 40.90117 ], [ -73.88835, 40.90121 ], [ -73.88831, 40.90124 ], [ -73.88826, 40.90128 ], [ -73.88822, 40.90131 ], [ -73.88817, 40.90135 ], [ -73.88813, 40.90138 ], [ -73.8881, 40.9014 ], [ -73.88804, 40.90145 ], [ -73.88805, 40.90148 ], [ -73.88807, 40.9015 ], [ -73.88808, 40.90153 ], [ -73.8881, 40.90157 ], [ -73.88811, 40.90158 ], [ -73.8881, 40.90159 ], [ -73.8881, 40.90159 ], [ -73.8881, 40.9016 ], [ -73.88814, 40.90168 ], [ -73.88815, 40.90171 ], [ -73.88817, 40.90175 ], [ -73.88819, 40.90182 ], [ -73.88822, 40.9019 ], [ -73.88824, 40.90197 ], [ -73.88826, 40.90209 ], [ -73.88828, 40.9022 ], [ -73.88829, 40.90226 ], [ -73.8883, 40.90232 ], [ -73.88831, 40.90237 ], [ -73.88831, 40.90242 ], [ -73.88832, 40.90248 ], [ -73.88833, 40.90253 ], [ -73.88833, 40.90253 ], [ -73.88834, 40.90254 ], [ -73.88834, 40.90253 ], [ -73.88835, 40.90253 ], [ -73.88838, 40.90248 ], [ -73.8884, 40.90243 ], [ -73.88843, 40.90238 ], [ -73.88846, 40.90233 ], [ -73.88848, 40.90228 ], [ -73.88851, 40.90223 ], [ -73.88853, 40.90219 ], [ -73.88856, 40.90214 ], [ -73.88858, 40.9021 ], [ -73.88861, 40.90205 ], [ -73.88863, 40.902 ], [ -73.88866, 40.90196 ], [ -73.88868, 40.90191 ], [ -73.88871, 40.90186 ], [ -73.88873, 40.90182 ], [ -73.88876, 40.90177 ], [ -73.88876, 40.90175 ], [ -73.88878, 40.90172 ], [ -73.88881, 40.90167 ], [ -73.88884, 40.90163 ], [ -73.88885, 40.9016 ], [ -73.88886, 40.90158 ], [ -73.88889, 40.90153 ], [ -73.88892, 40.90148 ], [ -73.88898, 40.90138 ], [ -73.88904, 40.90128 ], [ -73.88911, 40.90118 ], [ -73.88918, 40.90109 ], [ -73.88926, 40.90099 ], [ -73.88932, 40.90092 ], [ -73.88939, 40.90085 ], [ -73.88946, 40.90078 ], [ -73.88953, 40.90071 ], [ -73.8896, 40.90064 ], [ -73.88968, 40.90058 ], [ -73.88976, 40.90051 ], [ -73.88984, 40.90045 ], [ -73.88995, 40.90038 ], [ -73.89002, 40.90033 ], [ -73.89019, 40.90019 ], [ -73.89016, 40.9002 ] ] ], [ [ [ -73.88704, 40.8845 ], [ -73.88703, 40.88455 ], [ -73.88703, 40.8846 ], [ -73.88702, 40.88464 ], [ -73.88702, 40.88469 ], [ -73.88701, 40.88473 ], [ -73.88701, 40.88478 ], [ -73.887, 40.88486 ], [ -73.887, 40.88494 ], [ -73.887, 40.88502 ], [ -73.88701, 40.8851 ], [ -73.88701, 40.88517 ], [ -73.88702, 40.88525 ], [ -73.88704, 40.88533 ], [ -73.88705, 40.88538 ], [ -73.88706, 40.88543 ], [ -73.88707, 40.88549 ], [ -73.88708, 40.88554 ], [ -73.88709, 40.88559 ], [ -73.8871, 40.88564 ], [ -73.88711, 40.88567 ], [ -73.88711, 40.8857 ], [ -73.88712, 40.88575 ], [ -73.88713, 40.8858 ], [ -73.88714, 40.88585 ], [ -73.88715, 40.8859 ], [ -73.88716, 40.88596 ], [ -73.88717, 40.88601 ], [ -73.88717, 40.88603 ], [ -73.88718, 40.88606 ], [ -73.88719, 40.88611 ], [ -73.88719, 40.88616 ], [ -73.8872, 40.88622 ], [ -73.88721, 40.88627 ], [ -73.88725, 40.88648 ], [ -73.88728, 40.88669 ], [ -73.8873, 40.88691 ], [ -73.88732, 40.88712 ], [ -73.88733, 40.88718 ], [ -73.88735, 40.88745 ], [ -73.88736, 40.88772 ], [ -73.88737, 40.88799 ], [ -73.88738, 40.88827 ], [ -73.88738, 40.88846 ], [ -73.88737, 40.88866 ], [ -73.88736, 40.88885 ], [ -73.88734, 40.88911 ], [ -73.88732, 40.88937 ], [ -73.88728, 40.88963 ], [ -73.88729, 40.88964 ], [ -73.88729, 40.88964 ], [ -73.88731, 40.8896 ], [ -73.88732, 40.88957 ], [ -73.88733, 40.88954 ], [ -73.88735, 40.8895 ], [ -73.88737, 40.88947 ], [ -73.88739, 40.88943 ], [ -73.8874, 40.88941 ], [ -73.88742, 40.88938 ], [ -73.88745, 40.88935 ], [ -73.88747, 40.88932 ], [ -73.8875, 40.88929 ], [ -73.88752, 40.88926 ], [ -73.88755, 40.88924 ], [ -73.88758, 40.88921 ], [ -73.88759, 40.8892 ], [ -73.88761, 40.88919 ], [ -73.88764, 40.88916 ], [ -73.88766, 40.88915 ], [ -73.88768, 40.88913 ], [ -73.88768, 40.8891 ], [ -73.88769, 40.88908 ], [ -73.88769, 40.88905 ], [ -73.88771, 40.88868 ], [ -73.88767, 40.88801 ], [ -73.88762, 40.88767 ], [ -73.88755, 40.88734 ], [ -73.88754, 40.88729 ], [ -73.88753, 40.88725 ], [ -73.88752, 40.88722 ], [ -73.88752, 40.8872 ], [ -73.88751, 40.88715 ], [ -73.8875, 40.88712 ], [ -73.8875, 40.8871 ], [ -73.88749, 40.88705 ], [ -73.88748, 40.887 ], [ -73.88747, 40.88696 ], [ -73.88746, 40.88691 ], [ -73.88745, 40.88686 ], [ -73.88744, 40.88682 ], [ -73.88743, 40.88677 ], [ -73.88742, 40.88672 ], [ -73.88741, 40.88668 ], [ -73.8874, 40.88663 ], [ -73.88739, 40.88658 ], [ -73.88738, 40.88654 ], [ -73.88737, 40.88649 ], [ -73.88736, 40.88646 ], [ -73.88736, 40.88644 ], [ -73.88735, 40.88639 ], [ -73.88734, 40.88633 ], [ -73.88733, 40.88628 ], [ -73.88732, 40.88623 ], [ -73.88731, 40.88618 ], [ -73.8873, 40.88614 ], [ -73.88729, 40.88609 ], [ -73.88728, 40.88604 ], [ -73.88727, 40.886 ], [ -73.88726, 40.88595 ], [ -73.88725, 40.88591 ], [ -73.88724, 40.88586 ], [ -73.88723, 40.88581 ], [ -73.88722, 40.88577 ], [ -73.88721, 40.88572 ], [ -73.8872, 40.88568 ], [ -73.88719, 40.88563 ], [ -73.88718, 40.88559 ], [ -73.88717, 40.88554 ], [ -73.88716, 40.88549 ], [ -73.88715, 40.88545 ], [ -73.88714, 40.8854 ], [ -73.88713, 40.88535 ], [ -73.88713, 40.88534 ], [ -73.88712, 40.8853 ], [ -73.88711, 40.88525 ], [ -73.8871, 40.88522 ], [ -73.8871, 40.8852 ], [ -73.88709, 40.88517 ], [ -73.88707, 40.88512 ], [ -73.88706, 40.88509 ], [ -73.88706, 40.88506 ], [ -73.88705, 40.88503 ], [ -73.88704, 40.885 ], [ -73.88704, 40.88497 ], [ -73.88704, 40.88494 ], [ -73.88704, 40.88491 ], [ -73.88704, 40.88488 ], [ -73.88704, 40.88485 ], [ -73.88704, 40.88482 ], [ -73.88704, 40.8848 ], [ -73.88704, 40.88474 ], [ -73.88704, 40.88469 ], [ -73.88704, 40.88464 ], [ -73.88705, 40.88459 ], [ -73.88705, 40.88455 ], [ -73.88705, 40.8845 ], [ -73.88704, 40.8845 ], [ -73.88704, 40.8845 ] ] ], [ [ [ -73.88048, 40.89697 ], [ -73.88043, 40.89704 ], [ -73.88041, 40.89709 ], [ -73.88038, 40.89713 ], [ -73.88035, 40.89717 ], [ -73.88032, 40.89722 ], [ -73.88029, 40.89726 ], [ -73.88027, 40.8973 ], [ -73.88024, 40.89735 ], [ -73.88021, 40.89739 ], [ -73.88019, 40.89744 ], [ -73.88016, 40.89748 ], [ -73.88013, 40.89752 ], [ -73.88011, 40.89757 ], [ -73.88008, 40.89761 ], [ -73.88006, 40.89766 ], [ -73.88004, 40.89768 ], [ -73.88003, 40.89771 ], [ -73.88001, 40.89774 ], [ -73.88001, 40.89774 ], [ -73.87996, 40.89809 ], [ -73.87996, 40.89809 ], [ -73.87996, 40.89811 ], [ -73.87997, 40.89812 ], [ -73.87997, 40.89813 ], [ -73.87998, 40.89814 ], [ -73.87999, 40.89815 ], [ -73.87999, 40.89816 ], [ -73.88, 40.89817 ], [ -73.88001, 40.89818 ], [ -73.88001, 40.89819 ], [ -73.88002, 40.8982 ], [ -73.88003, 40.89821 ], [ -73.88004, 40.89822 ], [ -73.88005, 40.89823 ], [ -73.88006, 40.89824 ], [ -73.88007, 40.89825 ], [ -73.88008, 40.89825 ], [ -73.88009, 40.89826 ], [ -73.88011, 40.89827 ], [ -73.88011, 40.89827 ], [ -73.88012, 40.89828 ], [ -73.88013, 40.89828 ], [ -73.88014, 40.89829 ], [ -73.88016, 40.8983 ], [ -73.88017, 40.8983 ], [ -73.88018, 40.89831 ], [ -73.8802, 40.89831 ], [ -73.88021, 40.89832 ], [ -73.88021, 40.89832 ], [ -73.88023, 40.89832 ], [ -73.88024, 40.89833 ], [ -73.88025, 40.89833 ], [ -73.88027, 40.89834 ], [ -73.88028, 40.89834 ], [ -73.8803, 40.89834 ], [ -73.88032, 40.89834 ], [ -73.88033, 40.89835 ], [ -73.88035, 40.89835 ], [ -73.88036, 40.89835 ], [ -73.88038, 40.89835 ], [ -73.88039, 40.89835 ], [ -73.88041, 40.89835 ], [ -73.88042, 40.89835 ], [ -73.88044, 40.89835 ], [ -73.88046, 40.89835 ], [ -73.88047, 40.89834 ], [ -73.88049, 40.89834 ], [ -73.8805, 40.89834 ], [ -73.88052, 40.89834 ], [ -73.88053, 40.89833 ], [ -73.88055, 40.89833 ], [ -73.88056, 40.89832 ], [ -73.88058, 40.89832 ], [ -73.88059, 40.89831 ], [ -73.8806, 40.89831 ], [ -73.88062, 40.8983 ], [ -73.88063, 40.8983 ], [ -73.88064, 40.89829 ], [ -73.88066, 40.89828 ], [ -73.88067, 40.89828 ], [ -73.88068, 40.89827 ], [ -73.88069, 40.89826 ], [ -73.8807, 40.89825 ], [ -73.88072, 40.89825 ], [ -73.88072, 40.89824 ], [ -73.88073, 40.89824 ], [ -73.88074, 40.89823 ], [ -73.88075, 40.89822 ], [ -73.88076, 40.89821 ], [ -73.88076, 40.8982 ], [ -73.88076, 40.8982 ], [ -73.88077, 40.89819 ], [ -73.88078, 40.89818 ], [ -73.88079, 40.89817 ], [ -73.8808, 40.89816 ], [ -73.88081, 40.89814 ], [ -73.88082, 40.89812 ], [ -73.88083, 40.89809 ], [ -73.88083, 40.89807 ], [ -73.88084, 40.89805 ], [ -73.88085, 40.89803 ], [ -73.88085, 40.89801 ], [ -73.88086, 40.89799 ], [ -73.88086, 40.89797 ], [ -73.88086, 40.89796 ], [ -73.88086, 40.89794 ], [ -73.88086, 40.89792 ], [ -73.88086, 40.89787 ], [ -73.88086, 40.89782 ], [ -73.88086, 40.89777 ], [ -73.88085, 40.89772 ], [ -73.88084, 40.89767 ], [ -73.88083, 40.89762 ], [ -73.88082, 40.89758 ], [ -73.88081, 40.89753 ], [ -73.88079, 40.89748 ], [ -73.88077, 40.89743 ], [ -73.88075, 40.89739 ], [ -73.88073, 40.89734 ], [ -73.8807, 40.89729 ], [ -73.88068, 40.89724 ], [ -73.88065, 40.89719 ], [ -73.88062, 40.89715 ], [ -73.8806, 40.8971 ], [ -73.88057, 40.89705 ], [ -73.88057, 40.89703 ], [ -73.88056, 40.89702 ], [ -73.88055, 40.897 ], [ -73.88051, 40.89693 ], [ -73.88048, 40.89697 ] ] ], [ [ [ -73.8796, 40.89939 ], [ -73.87957, 40.89955 ], [ -73.87958, 40.89954 ], [ -73.87961, 40.89951 ], [ -73.87964, 40.89948 ], [ -73.87967, 40.89945 ], [ -73.87971, 40.89941 ], [ -73.87975, 40.89937 ], [ -73.87977, 40.89935 ], [ -73.87977, 40.89935 ], [ -73.87979, 40.89933 ], [ -73.87986, 40.89927 ], [ -73.87993, 40.89922 ], [ -73.88001, 40.89916 ], [ -73.88005, 40.89912 ], [ -73.8801, 40.89909 ], [ -73.88015, 40.89905 ], [ -73.8802, 40.89902 ], [ -73.88025, 40.89898 ], [ -73.88029, 40.89895 ], [ -73.8803, 40.89894 ], [ -73.88033, 40.89892 ], [ -73.88036, 40.8989 ], [ -73.88038, 40.89888 ], [ -73.88039, 40.89887 ], [ -73.88042, 40.89885 ], [ -73.88046, 40.89882 ], [ -73.88051, 40.89878 ], [ -73.88055, 40.89874 ], [ -73.88057, 40.89872 ], [ -73.88059, 40.8987 ], [ -73.88061, 40.89868 ], [ -73.88063, 40.89866 ], [ -73.88067, 40.89862 ], [ -73.8807, 40.89857 ], [ -73.88073, 40.89853 ], [ -73.88076, 40.89848 ], [ -73.88079, 40.89844 ], [ -73.8808, 40.89843 ], [ -73.88082, 40.89839 ], [ -73.88084, 40.89835 ], [ -73.88087, 40.8983 ], [ -73.88089, 40.89825 ], [ -73.88091, 40.8982 ], [ -73.88092, 40.89815 ], [ -73.88093, 40.8981 ], [ -73.88094, 40.89806 ], [ -73.88092, 40.89807 ], [ -73.88092, 40.8981 ], [ -73.88091, 40.89812 ], [ -73.8809, 40.89815 ], [ -73.88089, 40.89817 ], [ -73.88088, 40.89818 ], [ -73.88088, 40.89819 ], [ -73.88087, 40.8982 ], [ -73.88086, 40.89822 ], [ -73.88085, 40.89823 ], [ -73.88084, 40.89824 ], [ -73.88083, 40.89825 ], [ -73.88082, 40.89826 ], [ -73.88081, 40.89827 ], [ -73.88079, 40.89829 ], [ -73.88078, 40.8983 ], [ -73.88077, 40.89831 ], [ -73.88076, 40.89832 ], [ -73.88074, 40.89832 ], [ -73.88073, 40.89833 ], [ -73.88071, 40.89834 ], [ -73.8807, 40.89835 ], [ -73.88068, 40.89836 ], [ -73.88067, 40.89837 ], [ -73.88065, 40.89837 ], [ -73.88063, 40.89838 ], [ -73.88062, 40.89839 ], [ -73.8806, 40.89839 ], [ -73.88058, 40.8984 ], [ -73.88057, 40.8984 ], [ -73.88055, 40.89841 ], [ -73.88053, 40.89841 ], [ -73.88051, 40.89841 ], [ -73.88049, 40.89842 ], [ -73.88048, 40.89842 ], [ -73.88046, 40.89842 ], [ -73.88044, 40.89842 ], [ -73.88042, 40.89842 ], [ -73.8804, 40.89842 ], [ -73.88038, 40.89842 ], [ -73.88037, 40.89842 ], [ -73.88035, 40.89842 ], [ -73.88033, 40.89842 ], [ -73.88031, 40.89842 ], [ -73.88029, 40.89842 ], [ -73.88027, 40.89841 ], [ -73.88026, 40.89841 ], [ -73.88024, 40.89841 ], [ -73.88022, 40.8984 ], [ -73.88021, 40.8984 ], [ -73.8802, 40.8984 ], [ -73.88019, 40.89839 ], [ -73.88017, 40.89839 ], [ -73.88015, 40.89838 ], [ -73.88014, 40.89838 ], [ -73.88012, 40.89837 ], [ -73.88012, 40.89837 ], [ -73.88011, 40.89836 ], [ -73.88009, 40.89836 ], [ -73.88008, 40.89835 ], [ -73.88007, 40.89834 ], [ -73.88005, 40.89833 ], [ -73.88004, 40.89832 ], [ -73.88003, 40.89832 ], [ -73.88002, 40.89831 ], [ -73.88, 40.8983 ], [ -73.87999, 40.89829 ], [ -73.87998, 40.89828 ], [ -73.87997, 40.89827 ], [ -73.87996, 40.89826 ], [ -73.87995, 40.89825 ], [ -73.87995, 40.89824 ], [ -73.87993, 40.89822 ], [ -73.87992, 40.8982 ], [ -73.87991, 40.89818 ], [ -73.8799, 40.89815 ], [ -73.87989, 40.89813 ], [ -73.87988, 40.8981 ], [ -73.87988, 40.89808 ], [ -73.87988, 40.89805 ], [ -73.87988, 40.89803 ], [ -73.87987, 40.89802 ], [ -73.87986, 40.89801 ], [ -73.87984, 40.89801 ], [ -73.87982, 40.89804 ], [ -73.87982, 40.89808 ], [ -73.87981, 40.89813 ], [ -73.8798, 40.89819 ], [ -73.87979, 40.89826 ], [ -73.87977, 40.89834 ], [ -73.87975, 40.89847 ], [ -73.87975, 40.8985 ], [ -73.8797, 40.89877 ], [ -73.87968, 40.8989 ], [ -73.87968, 40.89892 ], [ -73.87961, 40.8993 ], [ -73.8796, 40.89939 ] ] ], [ [ [ -73.89552, 40.88588 ], [ -73.89546, 40.88588 ], [ -73.89539, 40.88589 ], [ -73.89537, 40.88589 ], [ -73.89534, 40.88589 ], [ -73.89531, 40.88589 ], [ -73.89528, 40.8859 ], [ -73.89526, 40.8859 ], [ -73.89525, 40.8859 ], [ -73.89522, 40.88591 ], [ -73.8952, 40.88592 ], [ -73.89517, 40.88592 ], [ -73.89514, 40.88593 ], [ -73.89511, 40.88594 ], [ -73.89508, 40.88595 ], [ -73.89505, 40.88596 ], [ -73.89502, 40.88597 ], [ -73.89499, 40.88599 ], [ -73.89496, 40.886 ], [ -73.89495, 40.88601 ], [ -73.89494, 40.88601 ], [ -73.89493, 40.88601 ], [ -73.89492, 40.88602 ], [ -73.89491, 40.88603 ], [ -73.8949, 40.88604 ], [ -73.89489, 40.88604 ], [ -73.89488, 40.88605 ], [ -73.89487, 40.88606 ], [ -73.89486, 40.88607 ], [ -73.89485, 40.88608 ], [ -73.89484, 40.88609 ], [ -73.89484, 40.88609 ], [ -73.89483, 40.8861 ], [ -73.89482, 40.88611 ], [ -73.89482, 40.88612 ], [ -73.89481, 40.88613 ], [ -73.8948, 40.88614 ], [ -73.8948, 40.88615 ], [ -73.89479, 40.88616 ], [ -73.89479, 40.88617 ], [ -73.89478, 40.88618 ], [ -73.89478, 40.88619 ], [ -73.89477, 40.8862 ], [ -73.89477, 40.88621 ], [ -73.89477, 40.88622 ], [ -73.89476, 40.88624 ], [ -73.89476, 40.88625 ], [ -73.89476, 40.88626 ], [ -73.89476, 40.88627 ], [ -73.89476, 40.88628 ], [ -73.89476, 40.88629 ], [ -73.89476, 40.8863 ], [ -73.89476, 40.88632 ], [ -73.89476, 40.88633 ], [ -73.89477, 40.88634 ], [ -73.89477, 40.88635 ], [ -73.89477, 40.88636 ], [ -73.89477, 40.88637 ], [ -73.89478, 40.88638 ], [ -73.89478, 40.88639 ], [ -73.89479, 40.8864 ], [ -73.89479, 40.88641 ], [ -73.89479, 40.88641 ], [ -73.8948, 40.88642 ], [ -73.89481, 40.88643 ], [ -73.89481, 40.88644 ], [ -73.89482, 40.88645 ], [ -73.89483, 40.88646 ], [ -73.89484, 40.88647 ], [ -73.89484, 40.88648 ], [ -73.89485, 40.88649 ], [ -73.89486, 40.8865 ], [ -73.89487, 40.88651 ], [ -73.89488, 40.88651 ], [ -73.89489, 40.88652 ], [ -73.8949, 40.88653 ], [ -73.89491, 40.88653 ], [ -73.89492, 40.88654 ], [ -73.89493, 40.88655 ], [ -73.89495, 40.88655 ], [ -73.89496, 40.88656 ], [ -73.89497, 40.88656 ], [ -73.89498, 40.88657 ], [ -73.89499, 40.88657 ], [ -73.895, 40.88658 ], [ -73.89502, 40.88658 ], [ -73.89503, 40.88659 ], [ -73.89504, 40.88659 ], [ -73.89505, 40.88659 ], [ -73.89507, 40.88659 ], [ -73.89508, 40.8866 ], [ -73.89509, 40.8866 ], [ -73.89511, 40.8866 ], [ -73.89512, 40.8866 ], [ -73.89513, 40.8866 ], [ -73.89514, 40.8866 ], [ -73.89516, 40.8866 ], [ -73.89517, 40.8866 ], [ -73.89518, 40.8866 ], [ -73.89519, 40.8866 ], [ -73.8952, 40.8866 ], [ -73.89521, 40.8866 ], [ -73.89523, 40.8866 ], [ -73.89524, 40.8866 ], [ -73.89526, 40.8866 ], [ -73.89528, 40.88659 ], [ -73.8953, 40.88659 ], [ -73.89532, 40.88658 ], [ -73.89534, 40.88658 ], [ -73.89536, 40.88657 ], [ -73.89538, 40.88656 ], [ -73.8954, 40.88656 ], [ -73.89542, 40.88655 ], [ -73.89544, 40.88654 ], [ -73.89546, 40.88653 ], [ -73.89548, 40.88652 ], [ -73.8955, 40.88651 ], [ -73.89551, 40.8865 ], [ -73.89553, 40.88649 ], [ -73.89579, 40.88633 ], [ -73.8958, 40.88632 ], [ -73.89581, 40.88632 ], [ -73.89604, 40.88617 ], [ -73.89617, 40.88608 ], [ -73.89631, 40.886 ], [ -73.8958, 40.8859 ], [ -73.89574, 40.88589 ], [ -73.8957, 40.88588 ], [ -73.89564, 40.88588 ], [ -73.89558, 40.88588 ], [ -73.89552, 40.88588 ] ] ], [ [ [ -73.8875, 40.89001 ], [ -73.88738, 40.89008 ], [ -73.88727, 40.89016 ], [ -73.88724, 40.89029 ], [ -73.8872, 40.89041 ], [ -73.88715, 40.89054 ], [ -73.8871, 40.89066 ], [ -73.88706, 40.89077 ], [ -73.88697, 40.89099 ], [ -73.88688, 40.89121 ], [ -73.88679, 40.89142 ], [ -73.8867, 40.89163 ], [ -73.8866, 40.89184 ], [ -73.88649, 40.89206 ], [ -73.88638, 40.89229 ], [ -73.88626, 40.89252 ], [ -73.88617, 40.89271 ], [ -73.88607, 40.8929 ], [ -73.88596, 40.89308 ], [ -73.88594, 40.89313 ], [ -73.88592, 40.89317 ], [ -73.88589, 40.89321 ], [ -73.88587, 40.89325 ], [ -73.88585, 40.8933 ], [ -73.88582, 40.89334 ], [ -73.8858, 40.89339 ], [ -73.88578, 40.89341 ], [ -73.88577, 40.89344 ], [ -73.88575, 40.89347 ], [ -73.88574, 40.89349 ], [ -73.88572, 40.89354 ], [ -73.88569, 40.89358 ], [ -73.88566, 40.89363 ], [ -73.88564, 40.89368 ], [ -73.88561, 40.89373 ], [ -73.88559, 40.89378 ], [ -73.88556, 40.89382 ], [ -73.88554, 40.89387 ], [ -73.88551, 40.89391 ], [ -73.88549, 40.89395 ], [ -73.88548, 40.89398 ], [ -73.88546, 40.89401 ], [ -73.88544, 40.89405 ], [ -73.88541, 40.8941 ], [ -73.88539, 40.89414 ], [ -73.88537, 40.89418 ], [ -73.88534, 40.89422 ], [ -73.88532, 40.89427 ], [ -73.8853, 40.89431 ], [ -73.88527, 40.89436 ], [ -73.88524, 40.8944 ], [ -73.88522, 40.89445 ], [ -73.88519, 40.8945 ], [ -73.88518, 40.89452 ], [ -73.88515, 40.89458 ], [ -73.88514, 40.8946 ], [ -73.88512, 40.89465 ], [ -73.88509, 40.89469 ], [ -73.88498, 40.89493 ], [ -73.88487, 40.89518 ], [ -73.88477, 40.89542 ], [ -73.88468, 40.89567 ], [ -73.88462, 40.89585 ], [ -73.88457, 40.89603 ], [ -73.88453, 40.89621 ], [ -73.88451, 40.89628 ], [ -73.88451, 40.89633 ], [ -73.88449, 40.89639 ], [ -73.88447, 40.89658 ], [ -73.88445, 40.89676 ], [ -73.88444, 40.89695 ], [ -73.88444, 40.89702 ], [ -73.88444, 40.89709 ], [ -73.88444, 40.89717 ], [ -73.88444, 40.89724 ], [ -73.88445, 40.89738 ], [ -73.88447, 40.89753 ], [ -73.88448, 40.89757 ], [ -73.88454, 40.89756 ], [ -73.88453, 40.89751 ], [ -73.88451, 40.89738 ], [ -73.8845, 40.89724 ], [ -73.8845, 40.89711 ], [ -73.8845, 40.89697 ], [ -73.8845, 40.89684 ], [ -73.88451, 40.8967 ], [ -73.88454, 40.89652 ], [ -73.88455, 40.89645 ], [ -73.88457, 40.89634 ], [ -73.88461, 40.89615 ], [ -73.88465, 40.89597 ], [ -73.88471, 40.89579 ], [ -73.88477, 40.89561 ], [ -73.88478, 40.89557 ], [ -73.8848, 40.89553 ], [ -73.88484, 40.89541 ], [ -73.88487, 40.89535 ], [ -73.88497, 40.89509 ], [ -73.88509, 40.89484 ], [ -73.88522, 40.89458 ], [ -73.88524, 40.89454 ], [ -73.88527, 40.89449 ], [ -73.88529, 40.89444 ], [ -73.88532, 40.89439 ], [ -73.88535, 40.89434 ], [ -73.88537, 40.8943 ], [ -73.8854, 40.89425 ], [ -73.88543, 40.8942 ], [ -73.88545, 40.89415 ], [ -73.88548, 40.89411 ], [ -73.8855, 40.89406 ], [ -73.88553, 40.89401 ], [ -73.88555, 40.89398 ], [ -73.88556, 40.89396 ], [ -73.88558, 40.89391 ], [ -73.8856, 40.89389 ], [ -73.88561, 40.89387 ], [ -73.88563, 40.89382 ], [ -73.88566, 40.89377 ], [ -73.88569, 40.89372 ], [ -73.88569, 40.89371 ], [ -73.88571, 40.89367 ], [ -73.88574, 40.89362 ], [ -73.88577, 40.89357 ], [ -73.88579, 40.89352 ], [ -73.88582, 40.89347 ], [ -73.88585, 40.89343 ], [ -73.88587, 40.89339 ], [ -73.88587, 40.89338 ], [ -73.8859, 40.89332 ], [ -73.88593, 40.89327 ], [ -73.88596, 40.89322 ], [ -73.88598, 40.89317 ], [ -73.88601, 40.89312 ], [ -73.88604, 40.89307 ], [ -73.88607, 40.89302 ], [ -73.8861, 40.89297 ], [ -73.88612, 40.89292 ], [ -73.88615, 40.89288 ], [ -73.88617, 40.89283 ], [ -73.8862, 40.89278 ], [ -73.88622, 40.89273 ], [ -73.88625, 40.89269 ], [ -73.88627, 40.89264 ], [ -73.8863, 40.89259 ], [ -73.88632, 40.89255 ], [ -73.88634, 40.89253 ], [ -73.88635, 40.8925 ], [ -73.88638, 40.89245 ], [ -73.8864, 40.89241 ], [ -73.88643, 40.89236 ], [ -73.88645, 40.89231 ], [ -73.88648, 40.89227 ], [ -73.8865, 40.89222 ], [ -73.88653, 40.89217 ], [ -73.88654, 40.89215 ], [ -73.88655, 40.89213 ], [ -73.88658, 40.89208 ], [ -73.88661, 40.89203 ], [ -73.88663, 40.89198 ], [ -73.88666, 40.89193 ], [ -73.88668, 40.89189 ], [ -73.88671, 40.89184 ], [ -73.88673, 40.89179 ], [ -73.88676, 40.89174 ], [ -73.88679, 40.89169 ], [ -73.88681, 40.89165 ], [ -73.88684, 40.8916 ], [ -73.88686, 40.89155 ], [ -73.88689, 40.8915 ], [ -73.88692, 40.89145 ], [ -73.88694, 40.8914 ], [ -73.88697, 40.89135 ], [ -73.88699, 40.8913 ], [ -73.88711, 40.89106 ], [ -73.88722, 40.89082 ], [ -73.88732, 40.89057 ], [ -73.88741, 40.89032 ], [ -73.88741, 40.8903 ], [ -73.88742, 40.89027 ], [ -73.8875, 40.89001 ] ] ], [ [ [ -73.88805, 40.8897 ], [ -73.8879, 40.88978 ], [ -73.88775, 40.88986 ], [ -73.8876, 40.88995 ], [ -73.88753, 40.8902 ], [ -73.88753, 40.89022 ], [ -73.8875, 40.89031 ], [ -73.88749, 40.89034 ], [ -73.88741, 40.89055 ], [ -73.88733, 40.89077 ], [ -73.88725, 40.89099 ], [ -73.88725, 40.89099 ], [ -73.88726, 40.89099 ], [ -73.88726, 40.89099 ], [ -73.88727, 40.89099 ], [ -73.88732, 40.89092 ], [ -73.88734, 40.89089 ], [ -73.88743, 40.89079 ], [ -73.88746, 40.89074 ], [ -73.8875, 40.8907 ], [ -73.88754, 40.89065 ], [ -73.88757, 40.89061 ], [ -73.88761, 40.89056 ], [ -73.88765, 40.89052 ], [ -73.88769, 40.89047 ], [ -73.88773, 40.89043 ], [ -73.88776, 40.89039 ], [ -73.88778, 40.89037 ], [ -73.88779, 40.89036 ], [ -73.8878, 40.89034 ], [ -73.88784, 40.8903 ], [ -73.88792, 40.89021 ], [ -73.88796, 40.89017 ], [ -73.88801, 40.89013 ], [ -73.88805, 40.89008 ], [ -73.88809, 40.89004 ], [ -73.88813, 40.89 ], [ -73.88818, 40.88995 ], [ -73.88822, 40.88991 ], [ -73.88826, 40.88987 ], [ -73.8883, 40.88983 ], [ -73.88834, 40.8898 ], [ -73.88838, 40.88976 ], [ -73.88843, 40.88972 ], [ -73.88849, 40.88966 ], [ -73.88856, 40.88961 ], [ -73.88863, 40.88955 ], [ -73.88871, 40.8895 ], [ -73.88879, 40.88945 ], [ -73.88885, 40.88941 ], [ -73.88891, 40.88937 ], [ -73.88897, 40.88934 ], [ -73.88904, 40.8893 ], [ -73.88909, 40.88927 ], [ -73.88907, 40.88926 ], [ -73.88873, 40.8894 ], [ -73.88839, 40.88954 ], [ -73.88805, 40.88969 ], [ -73.88805, 40.8897 ] ], [ [ -73.88805, 40.8897 ], [ -73.88805, 40.8897 ], [ -73.88805, 40.8897 ], [ -73.88805, 40.8897 ] ] ], [ [ [ -73.89434, 40.88679 ], [ -73.89431, 40.88696 ], [ -73.8943, 40.88713 ], [ -73.8943, 40.8873 ], [ -73.89436, 40.88727 ], [ -73.8944, 40.88725 ], [ -73.89452, 40.88719 ], [ -73.89462, 40.88713 ], [ -73.89483, 40.88701 ], [ -73.89503, 40.88689 ], [ -73.89523, 40.88677 ], [ -73.89543, 40.88664 ], [ -73.89559, 40.88653 ], [ -73.89576, 40.88641 ], [ -73.89573, 40.88643 ], [ -73.8957, 40.88644 ], [ -73.89568, 40.88646 ], [ -73.89565, 40.88647 ], [ -73.8956, 40.8865 ], [ -73.89555, 40.88653 ], [ -73.89553, 40.88655 ], [ -73.8955, 40.88656 ], [ -73.89547, 40.88658 ], [ -73.89544, 40.88659 ], [ -73.89541, 40.88661 ], [ -73.89539, 40.88661 ], [ -73.89538, 40.88662 ], [ -73.89537, 40.88662 ], [ -73.89536, 40.88663 ], [ -73.89535, 40.88663 ], [ -73.89534, 40.88664 ], [ -73.89533, 40.88664 ], [ -73.89532, 40.88664 ], [ -73.89531, 40.88665 ], [ -73.8953, 40.88665 ], [ -73.89529, 40.88665 ], [ -73.89528, 40.88666 ], [ -73.89526, 40.88666 ], [ -73.89525, 40.88666 ], [ -73.89524, 40.88666 ], [ -73.89522, 40.88666 ], [ -73.8952, 40.88666 ], [ -73.89516, 40.88666 ], [ -73.89514, 40.88667 ], [ -73.89513, 40.88667 ], [ -73.89512, 40.88667 ], [ -73.8951, 40.88667 ], [ -73.89509, 40.88667 ], [ -73.89507, 40.88666 ], [ -73.89506, 40.88666 ], [ -73.89505, 40.88666 ], [ -73.89503, 40.88666 ], [ -73.89502, 40.88666 ], [ -73.89501, 40.88665 ], [ -73.89499, 40.88665 ], [ -73.89498, 40.88665 ], [ -73.89497, 40.88664 ], [ -73.89495, 40.88664 ], [ -73.89494, 40.88664 ], [ -73.89493, 40.88663 ], [ -73.89492, 40.88663 ], [ -73.8949, 40.88662 ], [ -73.89489, 40.88661 ], [ -73.89488, 40.88661 ], [ -73.89487, 40.8866 ], [ -73.89486, 40.8866 ], [ -73.89485, 40.88659 ], [ -73.89481, 40.88657 ], [ -73.89478, 40.88654 ], [ -73.89475, 40.88652 ], [ -73.89473, 40.8865 ], [ -73.89472, 40.8865 ], [ -73.8947, 40.88648 ], [ -73.89468, 40.88646 ], [ -73.89467, 40.88645 ], [ -73.89465, 40.88643 ], [ -73.89464, 40.88642 ], [ -73.89462, 40.8864 ], [ -73.89461, 40.88639 ], [ -73.8946, 40.88637 ], [ -73.89459, 40.88636 ], [ -73.89458, 40.88634 ], [ -73.89457, 40.88632 ], [ -73.89456, 40.8863 ], [ -73.89455, 40.88629 ], [ -73.89455, 40.88627 ], [ -73.89454, 40.88625 ], [ -73.89454, 40.88624 ], [ -73.89453, 40.88623 ], [ -73.89453, 40.88622 ], [ -73.89453, 40.8862 ], [ -73.89452, 40.88618 ], [ -73.89452, 40.88616 ], [ -73.89452, 40.88614 ], [ -73.89452, 40.88612 ], [ -73.89446, 40.88628 ], [ -73.89441, 40.88645 ], [ -73.89437, 40.88662 ], [ -73.89434, 40.88679 ] ] ], [ [ [ -73.87996, 40.89585 ], [ -73.87987, 40.89643 ], [ -73.87966, 40.89767 ], [ -73.88014, 40.8969 ], [ -73.88019, 40.89681 ], [ -73.88024, 40.89674 ], [ -73.88031, 40.89663 ], [ -73.88027, 40.89654 ], [ -73.88, 40.8957 ], [ -73.87996, 40.89585 ] ] ], [ [ [ -73.88772, 40.90103 ], [ -73.88779, 40.9011 ], [ -73.88781, 40.90112 ], [ -73.88789, 40.90122 ], [ -73.88792, 40.90126 ], [ -73.88793, 40.90128 ], [ -73.88795, 40.90127 ], [ -73.88798, 40.90124 ], [ -73.88799, 40.90123 ], [ -73.88803, 40.9012 ], [ -73.88805, 40.90119 ], [ -73.88808, 40.90116 ], [ -73.88812, 40.90113 ], [ -73.88816, 40.9011 ], [ -73.88821, 40.90106 ], [ -73.88826, 40.90102 ], [ -73.88831, 40.90099 ], [ -73.88836, 40.90095 ], [ -73.88841, 40.90092 ], [ -73.88844, 40.9009 ], [ -73.88846, 40.90088 ], [ -73.88852, 40.90085 ], [ -73.88858, 40.90081 ], [ -73.88863, 40.90078 ], [ -73.88869, 40.90074 ], [ -73.88874, 40.90071 ], [ -73.88877, 40.90069 ], [ -73.8888, 40.90067 ], [ -73.88885, 40.90064 ], [ -73.88891, 40.90061 ], [ -73.88896, 40.90058 ], [ -73.88901, 40.90054 ], [ -73.88906, 40.90051 ], [ -73.88911, 40.90048 ], [ -73.88916, 40.90045 ], [ -73.88922, 40.90042 ], [ -73.88921, 40.90041 ], [ -73.88915, 40.90043 ], [ -73.88909, 40.90045 ], [ -73.88903, 40.90046 ], [ -73.88896, 40.90049 ], [ -73.8889, 40.90051 ], [ -73.88883, 40.90053 ], [ -73.88877, 40.90055 ], [ -73.88872, 40.90057 ], [ -73.88866, 40.90059 ], [ -73.88861, 40.90061 ], [ -73.88856, 40.90062 ], [ -73.8885, 40.90063 ], [ -73.88845, 40.90064 ], [ -73.88839, 40.90065 ], [ -73.88833, 40.90066 ], [ -73.88828, 40.90067 ], [ -73.88822, 40.90068 ], [ -73.88816, 40.90069 ], [ -73.8881, 40.90069 ], [ -73.88804, 40.90069 ], [ -73.888, 40.90069 ], [ -73.88799, 40.90069 ], [ -73.88793, 40.90069 ], [ -73.88787, 40.90069 ], [ -73.88781, 40.90069 ], [ -73.8877, 40.901 ], [ -73.88772, 40.90103 ] ] ], [ [ [ -73.89624, 40.90089 ], [ -73.89626, 40.9009 ], [ -73.89626, 40.90091 ], [ -73.89627, 40.90091 ], [ -73.89628, 40.90092 ], [ -73.8963, 40.90093 ], [ -73.89631, 40.90094 ], [ -73.89631, 40.90094 ], [ -73.89632, 40.90094 ], [ -73.89633, 40.90095 ], [ -73.89635, 40.90096 ], [ -73.89636, 40.90096 ], [ -73.89638, 40.90097 ], [ -73.89639, 40.90097 ], [ -73.8964, 40.90098 ], [ -73.89641, 40.90098 ], [ -73.89642, 40.90098 ], [ -73.89644, 40.90099 ], [ -73.89646, 40.90099 ], [ -73.89647, 40.901 ], [ -73.89649, 40.901 ], [ -73.89651, 40.901 ], [ -73.89652, 40.90101 ], [ -73.89655, 40.90101 ], [ -73.89667, 40.90103 ], [ -73.89671, 40.90085 ], [ -73.89667, 40.90086 ], [ -73.89664, 40.90087 ], [ -73.89661, 40.90087 ], [ -73.89661, 40.90087 ], [ -73.89659, 40.90087 ], [ -73.89658, 40.90087 ], [ -73.89657, 40.90088 ], [ -73.89656, 40.90088 ], [ -73.89654, 40.90088 ], [ -73.89653, 40.90088 ], [ -73.89651, 40.90087 ], [ -73.8965, 40.90087 ], [ -73.8965, 40.90087 ], [ -73.89649, 40.90087 ], [ -73.89647, 40.90087 ], [ -73.89646, 40.90087 ], [ -73.89644, 40.90087 ], [ -73.89643, 40.90086 ], [ -73.89642, 40.90086 ], [ -73.89642, 40.90086 ], [ -73.8964, 40.90086 ], [ -73.89639, 40.90085 ], [ -73.89638, 40.90085 ], [ -73.89637, 40.90085 ], [ -73.89637, 40.90084 ], [ -73.89636, 40.90084 ], [ -73.89635, 40.90084 ], [ -73.89634, 40.90083 ], [ -73.89634, 40.90083 ], [ -73.89633, 40.90083 ], [ -73.89631, 40.90082 ], [ -73.89629, 40.90081 ], [ -73.89627, 40.90079 ], [ -73.89625, 40.90078 ], [ -73.89623, 40.90077 ], [ -73.89622, 40.90076 ], [ -73.8962, 40.90075 ], [ -73.89618, 40.90073 ], [ -73.89617, 40.90072 ], [ -73.89615, 40.9007 ], [ -73.89614, 40.90069 ], [ -73.89613, 40.90068 ], [ -73.89611, 40.90066 ], [ -73.8961, 40.90064 ], [ -73.89609, 40.90063 ], [ -73.89608, 40.90062 ], [ -73.89608, 40.90061 ], [ -73.89607, 40.9006 ], [ -73.89606, 40.90059 ], [ -73.89606, 40.90058 ], [ -73.89605, 40.90057 ], [ -73.89604, 40.90055 ], [ -73.89604, 40.90054 ], [ -73.89603, 40.90053 ], [ -73.89603, 40.90051 ], [ -73.89602, 40.9005 ], [ -73.89602, 40.90048 ], [ -73.89602, 40.90048 ], [ -73.89602, 40.90047 ], [ -73.89602, 40.90046 ], [ -73.89602, 40.90045 ], [ -73.89602, 40.90044 ], [ -73.89602, 40.90043 ], [ -73.89602, 40.90042 ], [ -73.89602, 40.90041 ], [ -73.89602, 40.90041 ], [ -73.89602, 40.9004 ], [ -73.89602, 40.90039 ], [ -73.89603, 40.90038 ], [ -73.89603, 40.90037 ], [ -73.89603, 40.90036 ], [ -73.89604, 40.90035 ], [ -73.89604, 40.90035 ], [ -73.89604, 40.90034 ], [ -73.89605, 40.90033 ], [ -73.89605, 40.90033 ], [ -73.89607, 40.90029 ], [ -73.8961, 40.90026 ], [ -73.89614, 40.90024 ], [ -73.89618, 40.90021 ], [ -73.89623, 40.9002 ], [ -73.89623, 40.90015 ], [ -73.89549, 40.89995 ], [ -73.89532, 40.89991 ], [ -73.89514, 40.89989 ], [ -73.89514, 40.8999 ], [ -73.89513, 40.8999 ], [ -73.89513, 40.89991 ], [ -73.8953, 40.9 ], [ -73.89545, 40.90012 ], [ -73.89548, 40.90013 ], [ -73.89551, 40.90016 ], [ -73.89554, 40.90019 ], [ -73.89555, 40.90019 ], [ -73.89557, 40.90021 ], [ -73.8956, 40.90024 ], [ -73.8957, 40.90033 ], [ -73.89572, 40.90035 ], [ -73.89576, 40.90039 ], [ -73.89579, 40.90042 ], [ -73.89589, 40.90051 ], [ -73.89598, 40.90061 ], [ -73.89608, 40.90072 ], [ -73.89616, 40.90082 ], [ -73.89618, 40.90084 ], [ -73.89619, 40.90084 ], [ -73.8962, 40.90085 ], [ -73.89621, 40.90086 ], [ -73.89622, 40.90087 ], [ -73.89623, 40.90088 ], [ -73.89624, 40.90089 ] ] ], [ [ [ -73.89424, 40.88654 ], [ -73.8942, 40.88664 ], [ -73.89415, 40.88672 ], [ -73.89409, 40.8868 ], [ -73.89404, 40.88688 ], [ -73.894, 40.88693 ], [ -73.89397, 40.88698 ], [ -73.89393, 40.88703 ], [ -73.8939, 40.88708 ], [ -73.89386, 40.88713 ], [ -73.89382, 40.88717 ], [ -73.89373, 40.88726 ], [ -73.89365, 40.88736 ], [ -73.89355, 40.88745 ], [ -73.8935, 40.8875 ], [ -73.89344, 40.88755 ], [ -73.89338, 40.8876 ], [ -73.89331, 40.88765 ], [ -73.89325, 40.8877 ], [ -73.89321, 40.88772 ], [ -73.89318, 40.88774 ], [ -73.89314, 40.88777 ], [ -73.89309, 40.8878 ], [ -73.89304, 40.88783 ], [ -73.89299, 40.88786 ], [ -73.89293, 40.88788 ], [ -73.89288, 40.88791 ], [ -73.89273, 40.88797 ], [ -73.89259, 40.88803 ], [ -73.89284, 40.88794 ], [ -73.8931, 40.88784 ], [ -73.89311, 40.88784 ], [ -73.89315, 40.88782 ], [ -73.8933, 40.88776 ], [ -73.8935, 40.88768 ], [ -73.8938, 40.88754 ], [ -73.89409, 40.88741 ], [ -73.89415, 40.88738 ], [ -73.89415, 40.88734 ], [ -73.89415, 40.88733 ], [ -73.89415, 40.88728 ], [ -73.89417, 40.88713 ], [ -73.89418, 40.88698 ], [ -73.89419, 40.88692 ], [ -73.8942, 40.88683 ], [ -73.89422, 40.88673 ], [ -73.89425, 40.8866 ], [ -73.89426, 40.88657 ], [ -73.89426, 40.88655 ], [ -73.89427, 40.88652 ], [ -73.89427, 40.8865 ], [ -73.89429, 40.88645 ], [ -73.89424, 40.88654 ] ] ], [ [ [ -73.89687, 40.90013 ], [ -73.89688, 40.90009 ], [ -73.89688, 40.90009 ], [ -73.89691, 40.89993 ], [ -73.89692, 40.89988 ], [ -73.89693, 40.89985 ], [ -73.89693, 40.89981 ], [ -73.89694, 40.89976 ], [ -73.89695, 40.89969 ], [ -73.89695, 40.89969 ], [ -73.89695, 40.89965 ], [ -73.89695, 40.89964 ], [ -73.89693, 40.89961 ], [ -73.89691, 40.89959 ], [ -73.89689, 40.89958 ], [ -73.89687, 40.89956 ], [ -73.89686, 40.89956 ], [ -73.89685, 40.89955 ], [ -73.89684, 40.89955 ], [ -73.89683, 40.89954 ], [ -73.89682, 40.89954 ], [ -73.89681, 40.89953 ], [ -73.89679, 40.89953 ], [ -73.89678, 40.89952 ], [ -73.89678, 40.89952 ], [ -73.89677, 40.89952 ], [ -73.89676, 40.89951 ], [ -73.89675, 40.89951 ], [ -73.89674, 40.89951 ], [ -73.89673, 40.89951 ], [ -73.89673, 40.89951 ], [ -73.89671, 40.8995 ], [ -73.8967, 40.8995 ], [ -73.89669, 40.8995 ], [ -73.89668, 40.8995 ], [ -73.89667, 40.8995 ], [ -73.89666, 40.8995 ], [ -73.89664, 40.8995 ], [ -73.89663, 40.8995 ], [ -73.89662, 40.8995 ], [ -73.89661, 40.8995 ], [ -73.8966, 40.8995 ], [ -73.89659, 40.8995 ], [ -73.89658, 40.8995 ], [ -73.89657, 40.8995 ], [ -73.89656, 40.8995 ], [ -73.89655, 40.89951 ], [ -73.89653, 40.89951 ], [ -73.89652, 40.89951 ], [ -73.89651, 40.89951 ], [ -73.8965, 40.89952 ], [ -73.89649, 40.89952 ], [ -73.89647, 40.89953 ], [ -73.89645, 40.89953 ], [ -73.89644, 40.89954 ], [ -73.89642, 40.89955 ], [ -73.8964, 40.89956 ], [ -73.89638, 40.89956 ], [ -73.89636, 40.89957 ], [ -73.89635, 40.89958 ], [ -73.89633, 40.89959 ], [ -73.89632, 40.8996 ], [ -73.89632, 40.8996 ], [ -73.89631, 40.89961 ], [ -73.8963, 40.89961 ], [ -73.89629, 40.89962 ], [ -73.89629, 40.89962 ], [ -73.89628, 40.89963 ], [ -73.89627, 40.89964 ], [ -73.89627, 40.89964 ], [ -73.89626, 40.89965 ], [ -73.89626, 40.89966 ], [ -73.89625, 40.89966 ], [ -73.89625, 40.89967 ], [ -73.89624, 40.89968 ], [ -73.89624, 40.89968 ], [ -73.89624, 40.89969 ], [ -73.89623, 40.8997 ], [ -73.89623, 40.89971 ], [ -73.89623, 40.89971 ], [ -73.89623, 40.89972 ], [ -73.89622, 40.89973 ], [ -73.89622, 40.89973 ], [ -73.89622, 40.89974 ], [ -73.89622, 40.89975 ], [ -73.89622, 40.89976 ], [ -73.89622, 40.89977 ], [ -73.89622, 40.89977 ], [ -73.89622, 40.89978 ], [ -73.89623, 40.89979 ], [ -73.89623, 40.8998 ], [ -73.89623, 40.8998 ], [ -73.89623, 40.89981 ], [ -73.89623, 40.89982 ], [ -73.89624, 40.89982 ], [ -73.89624, 40.89983 ], [ -73.89624, 40.89984 ], [ -73.89625, 40.89985 ], [ -73.89625, 40.89985 ], [ -73.89626, 40.89986 ], [ -73.89626, 40.89987 ], [ -73.89627, 40.89987 ], [ -73.89627, 40.89988 ], [ -73.89628, 40.89988 ], [ -73.8963, 40.8999 ], [ -73.89633, 40.89992 ], [ -73.89636, 40.89993 ], [ -73.89638, 40.89995 ], [ -73.89641, 40.89997 ], [ -73.89644, 40.89998 ], [ -73.89647, 40.89999 ], [ -73.8965, 40.90001 ], [ -73.89653, 40.90002 ], [ -73.89659, 40.90004 ], [ -73.89663, 40.90005 ], [ -73.89664, 40.90005 ], [ -73.89665, 40.90006 ], [ -73.89672, 40.90008 ], [ -73.89678, 40.9001 ], [ -73.89687, 40.90013 ] ] ], [ [ [ -73.8965, 40.90081 ], [ -73.89651, 40.90081 ], [ -73.89652, 40.90082 ], [ -73.89654, 40.90082 ], [ -73.89655, 40.90082 ], [ -73.89656, 40.90082 ], [ -73.89657, 40.90081 ], [ -73.89658, 40.90081 ], [ -73.89659, 40.90081 ], [ -73.8966, 40.90081 ], [ -73.8966, 40.90081 ], [ -73.89662, 40.90081 ], [ -73.89662, 40.90081 ], [ -73.89665, 40.9008 ], [ -73.89669, 40.90079 ], [ -73.89671, 40.90078 ], [ -73.89672, 40.90077 ], [ -73.89683, 40.90032 ], [ -73.89683, 40.90031 ], [ -73.89679, 40.9003 ], [ -73.89676, 40.90029 ], [ -73.89673, 40.90029 ], [ -73.89668, 40.90028 ], [ -73.89665, 40.90027 ], [ -73.89662, 40.90026 ], [ -73.89659, 40.90026 ], [ -73.89659, 40.90026 ], [ -73.89656, 40.90025 ], [ -73.89653, 40.90025 ], [ -73.89649, 40.90024 ], [ -73.89646, 40.90024 ], [ -73.89643, 40.90024 ], [ -73.89639, 40.90024 ], [ -73.89639, 40.90024 ], [ -73.89638, 40.90023 ], [ -73.89637, 40.90023 ], [ -73.89636, 40.90023 ], [ -73.89635, 40.90023 ], [ -73.89635, 40.90024 ], [ -73.89634, 40.90024 ], [ -73.89633, 40.90024 ], [ -73.89632, 40.90024 ], [ -73.89631, 40.90024 ], [ -73.89631, 40.90024 ], [ -73.8963, 40.90024 ], [ -73.89629, 40.90024 ], [ -73.89628, 40.90025 ], [ -73.89627, 40.90025 ], [ -73.89627, 40.90025 ], [ -73.89626, 40.90025 ], [ -73.89625, 40.90026 ], [ -73.89624, 40.90026 ], [ -73.89624, 40.90026 ], [ -73.89623, 40.90027 ], [ -73.89622, 40.90027 ], [ -73.89621, 40.90027 ], [ -73.8962, 40.90028 ], [ -73.8962, 40.90028 ], [ -73.89619, 40.90029 ], [ -73.89619, 40.90029 ], [ -73.89618, 40.90029 ], [ -73.89617, 40.9003 ], [ -73.89617, 40.9003 ], [ -73.89616, 40.90031 ], [ -73.89616, 40.90032 ], [ -73.89615, 40.90032 ], [ -73.89614, 40.90033 ], [ -73.89614, 40.90033 ], [ -73.89613, 40.90034 ], [ -73.89613, 40.90035 ], [ -73.89612, 40.90035 ], [ -73.89612, 40.90036 ], [ -73.89612, 40.90037 ], [ -73.89611, 40.90037 ], [ -73.89611, 40.90038 ], [ -73.89611, 40.90039 ], [ -73.8961, 40.9004 ], [ -73.8961, 40.9004 ], [ -73.8961, 40.90041 ], [ -73.8961, 40.90042 ], [ -73.8961, 40.90043 ], [ -73.8961, 40.90044 ], [ -73.8961, 40.90044 ], [ -73.8961, 40.90045 ], [ -73.8961, 40.90046 ], [ -73.8961, 40.90047 ], [ -73.8961, 40.90047 ], [ -73.8961, 40.90048 ], [ -73.8961, 40.90049 ], [ -73.89611, 40.9005 ], [ -73.89611, 40.90051 ], [ -73.89611, 40.90051 ], [ -73.89611, 40.90052 ], [ -73.89614, 40.90056 ], [ -73.89616, 40.9006 ], [ -73.89617, 40.90061 ], [ -73.89618, 40.90062 ], [ -73.89618, 40.90063 ], [ -73.89619, 40.90064 ], [ -73.8962, 40.90065 ], [ -73.89621, 40.90066 ], [ -73.89622, 40.90067 ], [ -73.89623, 40.90068 ], [ -73.89624, 40.90069 ], [ -73.89625, 40.9007 ], [ -73.89626, 40.90071 ], [ -73.89627, 40.90071 ], [ -73.89628, 40.90072 ], [ -73.89629, 40.90073 ], [ -73.8963, 40.90074 ], [ -73.89631, 40.90075 ], [ -73.89632, 40.90075 ], [ -73.89633, 40.90076 ], [ -73.89635, 40.90077 ], [ -73.89636, 40.90077 ], [ -73.89637, 40.90078 ], [ -73.89638, 40.90078 ], [ -73.8964, 40.90079 ], [ -73.89641, 40.90079 ], [ -73.89643, 40.9008 ], [ -73.89644, 40.9008 ], [ -73.89644, 40.9008 ], [ -73.89645, 40.90081 ], [ -73.89646, 40.90081 ], [ -73.89647, 40.90081 ], [ -73.89648, 40.90081 ], [ -73.89649, 40.90081 ], [ -73.8965, 40.90081 ] ] ], [ [ [ -73.88907, 40.88892 ], [ -73.88901, 40.88892 ], [ -73.88895, 40.88893 ], [ -73.88889, 40.88893 ], [ -73.88883, 40.88893 ], [ -73.88879, 40.88893 ], [ -73.88877, 40.88893 ], [ -73.88871, 40.88893 ], [ -73.88867, 40.88893 ], [ -73.88864, 40.88894 ], [ -73.88858, 40.88894 ], [ -73.88851, 40.88894 ], [ -73.88845, 40.88894 ], [ -73.88841, 40.88895 ], [ -73.88837, 40.88895 ], [ -73.88833, 40.88895 ], [ -73.8883, 40.88896 ], [ -73.88829, 40.88896 ], [ -73.88825, 40.88897 ], [ -73.88821, 40.88897 ], [ -73.88818, 40.88898 ], [ -73.88814, 40.88899 ], [ -73.88812, 40.889 ], [ -73.8881, 40.889 ], [ -73.88807, 40.88902 ], [ -73.88803, 40.88903 ], [ -73.888, 40.88904 ], [ -73.88796, 40.88906 ], [ -73.88793, 40.88907 ], [ -73.8879, 40.88909 ], [ -73.88787, 40.8891 ], [ -73.88784, 40.88912 ], [ -73.88781, 40.88913 ], [ -73.88778, 40.88915 ], [ -73.88776, 40.88917 ], [ -73.88776, 40.88918 ], [ -73.88774, 40.88927 ], [ -73.88772, 40.8894 ], [ -73.88771, 40.88946 ], [ -73.8877, 40.88951 ], [ -73.8879, 40.88941 ], [ -73.88809, 40.88932 ], [ -73.88829, 40.88923 ], [ -73.88849, 40.88915 ], [ -73.8887, 40.88908 ], [ -73.88872, 40.88907 ], [ -73.88875, 40.88906 ], [ -73.88895, 40.88899 ], [ -73.88915, 40.88893 ], [ -73.88915, 40.88892 ], [ -73.88911, 40.88892 ], [ -73.88907, 40.88892 ] ] ], [ [ [ -73.8961, 40.89989 ], [ -73.89611, 40.89989 ], [ -73.89611, 40.89988 ], [ -73.89611, 40.89988 ], [ -73.89612, 40.89988 ], [ -73.89612, 40.89987 ], [ -73.89613, 40.89987 ], [ -73.89614, 40.89987 ], [ -73.89615, 40.89987 ], [ -73.89613, 40.89982 ], [ -73.89613, 40.89977 ], [ -73.89613, 40.89976 ], [ -73.89614, 40.89972 ], [ -73.89616, 40.89968 ], [ -73.89616, 40.89967 ], [ -73.89617, 40.89966 ], [ -73.89617, 40.89965 ], [ -73.89618, 40.89964 ], [ -73.89618, 40.89964 ], [ -73.89619, 40.89963 ], [ -73.8962, 40.89962 ], [ -73.8962, 40.89961 ], [ -73.89621, 40.8996 ], [ -73.89622, 40.8996 ], [ -73.89622, 40.89959 ], [ -73.89623, 40.89959 ], [ -73.89623, 40.89958 ], [ -73.89624, 40.89958 ], [ -73.89625, 40.89957 ], [ -73.89627, 40.89956 ], [ -73.89628, 40.89955 ], [ -73.8963, 40.89954 ], [ -73.89631, 40.89953 ], [ -73.89633, 40.89952 ], [ -73.89634, 40.89951 ], [ -73.89635, 40.89951 ], [ -73.89636, 40.8995 ], [ -73.89638, 40.8995 ], [ -73.89639, 40.89949 ], [ -73.89643, 40.89947 ], [ -73.89645, 40.89947 ], [ -73.89647, 40.89946 ], [ -73.89648, 40.89946 ], [ -73.89649, 40.89946 ], [ -73.8965, 40.89946 ], [ -73.89651, 40.89945 ], [ -73.89653, 40.89945 ], [ -73.89654, 40.89945 ], [ -73.89655, 40.89944 ], [ -73.89657, 40.89944 ], [ -73.89658, 40.89944 ], [ -73.8966, 40.89944 ], [ -73.89661, 40.89944 ], [ -73.89662, 40.89944 ], [ -73.89663, 40.89944 ], [ -73.89665, 40.89944 ], [ -73.89666, 40.89944 ], [ -73.89667, 40.89944 ], [ -73.89669, 40.89944 ], [ -73.8967, 40.89944 ], [ -73.89672, 40.89944 ], [ -73.89673, 40.89944 ], [ -73.89674, 40.89945 ], [ -73.89674, 40.89945 ], [ -73.89675, 40.89945 ], [ -73.89677, 40.89945 ], [ -73.89678, 40.89946 ], [ -73.89679, 40.89946 ], [ -73.89681, 40.89946 ], [ -73.89682, 40.89947 ], [ -73.89682, 40.89947 ], [ -73.89683, 40.89947 ], [ -73.89683, 40.89947 ], [ -73.89684, 40.89948 ], [ -73.89686, 40.89949 ], [ -73.89687, 40.89949 ], [ -73.89687, 40.89949 ], [ -73.89689, 40.8995 ], [ -73.89689, 40.8995 ], [ -73.8969, 40.89951 ], [ -73.89693, 40.89952 ], [ -73.89695, 40.89954 ], [ -73.89697, 40.89956 ], [ -73.89698, 40.89947 ], [ -73.89699, 40.89941 ], [ -73.89687, 40.8994 ], [ -73.89687, 40.8994 ], [ -73.89686, 40.8994 ], [ -73.89679, 40.8994 ], [ -73.89674, 40.8994 ], [ -73.89672, 40.89939 ], [ -73.89665, 40.89939 ], [ -73.89664, 40.89939 ], [ -73.89662, 40.89939 ], [ -73.89661, 40.89939 ], [ -73.89659, 40.89939 ], [ -73.89658, 40.89939 ], [ -73.89657, 40.89939 ], [ -73.89655, 40.89939 ], [ -73.89654, 40.8994 ], [ -73.89652, 40.8994 ], [ -73.89651, 40.8994 ], [ -73.89649, 40.8994 ], [ -73.89648, 40.89941 ], [ -73.89647, 40.89941 ], [ -73.89645, 40.89941 ], [ -73.89644, 40.89942 ], [ -73.89643, 40.89942 ], [ -73.89641, 40.89943 ], [ -73.8964, 40.89943 ], [ -73.89639, 40.89944 ], [ -73.89633, 40.89946 ], [ -73.89628, 40.89949 ], [ -73.89627, 40.89949 ], [ -73.8962, 40.89952 ], [ -73.89616, 40.89953 ], [ -73.89611, 40.89955 ], [ -73.89605, 40.89957 ], [ -73.89599, 40.89958 ], [ -73.89594, 40.8996 ], [ -73.89588, 40.89961 ], [ -73.89582, 40.89962 ], [ -73.89576, 40.89963 ], [ -73.8957, 40.89964 ], [ -73.89564, 40.89965 ], [ -73.89563, 40.89965 ], [ -73.89559, 40.89966 ], [ -73.89558, 40.89966 ], [ -73.89554, 40.89966 ], [ -73.8955, 40.89966 ], [ -73.89546, 40.89966 ], [ -73.89543, 40.89967 ], [ -73.89539, 40.89966 ], [ -73.89535, 40.89966 ], [ -73.89531, 40.89966 ], [ -73.89527, 40.89966 ], [ -73.89523, 40.89965 ], [ -73.89521, 40.89966 ], [ -73.8952, 40.89967 ], [ -73.8961, 40.8999 ], [ -73.8961, 40.89989 ] ] ], [ [ [ -73.89468, 40.88569 ], [ -73.89468, 40.8857 ], [ -73.89467, 40.8857 ], [ -73.89467, 40.8857 ], [ -73.89466, 40.88571 ], [ -73.89466, 40.88571 ], [ -73.89466, 40.88572 ], [ -73.89464, 40.88576 ], [ -73.89462, 40.8858 ], [ -73.89461, 40.88585 ], [ -73.8946, 40.88587 ], [ -73.89459, 40.88589 ], [ -73.89458, 40.88591 ], [ -73.89458, 40.88594 ], [ -73.89457, 40.88596 ], [ -73.89457, 40.88598 ], [ -73.89457, 40.886 ], [ -73.89457, 40.88603 ], [ -73.89457, 40.88605 ], [ -73.89457, 40.88607 ], [ -73.89457, 40.88609 ], [ -73.89457, 40.88611 ], [ -73.89457, 40.88613 ], [ -73.89458, 40.88615 ], [ -73.89458, 40.88617 ], [ -73.89459, 40.88618 ], [ -73.89459, 40.88619 ], [ -73.8946, 40.8862 ], [ -73.8946, 40.88622 ], [ -73.89461, 40.88624 ], [ -73.89462, 40.88626 ], [ -73.89463, 40.88628 ], [ -73.89464, 40.88628 ], [ -73.89464, 40.88628 ], [ -73.89465, 40.88626 ], [ -73.89465, 40.88625 ], [ -73.89467, 40.88619 ], [ -73.89467, 40.88617 ], [ -73.89468, 40.88616 ], [ -73.89469, 40.88614 ], [ -73.8947, 40.88613 ], [ -73.89471, 40.88612 ], [ -73.89471, 40.8861 ], [ -73.89472, 40.88609 ], [ -73.89473, 40.88608 ], [ -73.89475, 40.88606 ], [ -73.89476, 40.88605 ], [ -73.89477, 40.88604 ], [ -73.89479, 40.88602 ], [ -73.8948, 40.88601 ], [ -73.89482, 40.886 ], [ -73.89484, 40.88598 ], [ -73.89486, 40.88597 ], [ -73.89487, 40.88596 ], [ -73.89489, 40.88595 ], [ -73.89491, 40.88594 ], [ -73.89493, 40.88593 ], [ -73.89495, 40.88592 ], [ -73.89497, 40.88591 ], [ -73.89499, 40.8859 ], [ -73.895, 40.8859 ], [ -73.89501, 40.88589 ], [ -73.89503, 40.88589 ], [ -73.89506, 40.88588 ], [ -73.89508, 40.88587 ], [ -73.89513, 40.88586 ], [ -73.89518, 40.88585 ], [ -73.89523, 40.88584 ], [ -73.89528, 40.88583 ], [ -73.89533, 40.88582 ], [ -73.89536, 40.88582 ], [ -73.89468, 40.88569 ], [ -73.89468, 40.88569 ] ] ], [ [ [ -73.89699, 40.89923 ], [ -73.89699, 40.89917 ], [ -73.89699, 40.89909 ], [ -73.89698, 40.89901 ], [ -73.89697, 40.8989 ], [ -73.89696, 40.89892 ], [ -73.89695, 40.89894 ], [ -73.89693, 40.89896 ], [ -73.89691, 40.899 ], [ -73.89687, 40.89905 ], [ -73.89685, 40.89908 ], [ -73.89684, 40.8991 ], [ -73.89683, 40.89911 ], [ -73.8968, 40.89914 ], [ -73.89678, 40.89917 ], [ -73.89675, 40.89919 ], [ -73.89675, 40.8992 ], [ -73.89674, 40.89921 ], [ -73.89673, 40.89922 ], [ -73.89672, 40.89923 ], [ -73.89671, 40.89923 ], [ -73.8967, 40.89924 ], [ -73.89669, 40.89925 ], [ -73.89668, 40.89926 ], [ -73.89666, 40.89926 ], [ -73.89665, 40.89927 ], [ -73.89664, 40.89928 ], [ -73.89662, 40.89929 ], [ -73.8966, 40.8993 ], [ -73.89662, 40.89934 ], [ -73.89663, 40.89934 ], [ -73.89665, 40.89934 ], [ -73.89667, 40.89934 ], [ -73.89669, 40.89934 ], [ -73.89674, 40.89934 ], [ -73.89675, 40.89934 ], [ -73.89679, 40.89934 ], [ -73.89683, 40.89935 ], [ -73.89683, 40.89935 ], [ -73.89684, 40.89935 ], [ -73.8969, 40.89935 ], [ -73.8969, 40.89935 ], [ -73.89699, 40.89935 ], [ -73.89699, 40.89923 ] ] ], [ [ [ -73.89654, 40.90139 ], [ -73.89656, 40.90145 ], [ -73.89657, 40.90148 ], [ -73.89666, 40.90107 ], [ -73.89657, 40.90106 ], [ -73.89647, 40.90105 ], [ -73.89641, 40.90104 ], [ -73.89641, 40.90104 ], [ -73.8964, 40.90104 ], [ -73.89639, 40.90104 ], [ -73.89638, 40.90104 ], [ -73.89638, 40.90105 ], [ -73.89638, 40.90105 ], [ -73.89637, 40.90105 ], [ -73.89637, 40.90105 ], [ -73.89636, 40.90106 ], [ -73.89636, 40.90106 ], [ -73.89636, 40.90107 ], [ -73.89637, 40.90108 ], [ -73.8964, 40.90112 ], [ -73.89643, 40.90117 ], [ -73.89646, 40.90122 ], [ -73.89647, 40.90125 ], [ -73.89648, 40.90128 ], [ -73.8965, 40.90131 ], [ -73.8965, 40.9013 ], [ -73.89652, 40.90135 ], [ -73.89654, 40.90139 ] ] ], [ [ [ -73.88765, 40.88925 ], [ -73.88763, 40.88927 ], [ -73.8876, 40.8893 ], [ -73.88757, 40.88933 ], [ -73.88755, 40.88935 ], [ -73.88752, 40.88938 ], [ -73.8875, 40.88941 ], [ -73.88748, 40.88945 ], [ -73.88746, 40.88948 ], [ -73.88744, 40.88951 ], [ -73.88742, 40.88954 ], [ -73.88741, 40.88957 ], [ -73.8874, 40.88961 ], [ -73.88738, 40.88964 ], [ -73.88737, 40.88967 ], [ -73.88736, 40.8897 ], [ -73.88749, 40.88963 ], [ -73.88761, 40.88956 ], [ -73.88762, 40.8895 ], [ -73.88762, 40.88949 ], [ -73.88762, 40.88949 ], [ -73.88764, 40.88942 ], [ -73.88767, 40.88925 ], [ -73.88767, 40.88923 ], [ -73.88765, 40.88925 ] ] ], [ [ [ -73.89928, 40.88667 ], [ -73.89932, 40.88674 ], [ -73.89936, 40.88682 ], [ -73.89939, 40.88689 ], [ -73.89953, 40.8866 ], [ -73.89917, 40.88654 ], [ -73.89923, 40.8866 ], [ -73.89928, 40.88667 ] ] ], [ [ [ -73.88717, 40.88444 ], [ -73.88717, 40.88445 ], [ -73.88717, 40.88445 ], [ -73.88717, 40.88471 ], [ -73.88717, 40.88471 ], [ -73.88718, 40.88471 ], [ -73.88728, 40.8846 ], [ -73.88728, 40.88459 ], [ -73.88736, 40.8845 ], [ -73.88736, 40.8845 ], [ -73.88744, 40.8844 ], [ -73.88745, 40.88439 ], [ -73.88745, 40.88438 ], [ -73.88744, 40.88437 ], [ -73.88743, 40.88437 ], [ -73.88721, 40.88442 ], [ -73.88718, 40.88443 ], [ -73.88717, 40.88444 ], [ -73.88717, 40.88444 ], [ -73.88717, 40.88444 ], [ -73.88717, 40.88444 ] ] ], [ [ [ -73.88681, 40.88444 ], [ -73.8868, 40.88445 ], [ -73.8868, 40.88445 ], [ -73.88685, 40.88463 ], [ -73.88685, 40.88466 ], [ -73.88691, 40.88492 ], [ -73.88692, 40.88492 ], [ -73.88692, 40.88489 ], [ -73.88692, 40.88489 ], [ -73.88692, 40.88481 ], [ -73.88692, 40.88481 ], [ -73.88692, 40.88478 ], [ -73.88693, 40.8847 ], [ -73.88694, 40.88459 ], [ -73.88695, 40.8845 ], [ -73.88695, 40.88448 ], [ -73.88695, 40.88447 ], [ -73.88696, 40.88446 ], [ -73.88695, 40.88445 ], [ -73.88695, 40.88445 ], [ -73.88695, 40.88445 ], [ -73.88694, 40.88444 ], [ -73.88692, 40.88444 ], [ -73.88691, 40.88444 ], [ -73.88688, 40.88444 ], [ -73.88687, 40.88444 ], [ -73.88685, 40.88444 ], [ -73.88683, 40.88444 ], [ -73.88683, 40.88444 ], [ -73.88681, 40.88444 ] ] ] ] } },
{ "type": "Feature", "properties": { "park_name": "Alley Pond Park", "borough": "Q", "acres": 635.514 }, "geometry": { "type": "MultiPolygon", "coordinates": [ [ [ [ -73.74359, 40.75154 ], [ -73.74378, 40.75154 ], [ -73.74395, 40.75154 ], [ -73.74411, 40.75154 ], [ -73.74413, 40.75154 ], [ -73.74507, 40.75152 ], [ -73.74509, 40.75152 ], [ -73.74513, 40.75152 ], [ -73.74526, 40.75151 ], [ -73.74532, 40.75151 ], [ -73.7454, 40.7515 ], [ -73.74548, 40.75149 ], [ -73.74549, 40.75148 ], [ -73.74551, 40.75146 ], [ -73.74539, 40.75121 ], [ -73.74515, 40.75071 ], [ -73.74515, 40.75071 ], [ -73.74514, 40.75068 ], [ -73.74489, 40.75017 ], [ -73.74489, 40.75015 ], [ -73.74462, 40.74958 ], [ -73.74439, 40.7491 ], [ -73.74408, 40.74846 ], [ -73.744, 40.74829 ], [ -73.74399, 40.74827 ], [ -73.74396, 40.74824 ], [ -73.74396, 40.7482 ], [ -73.74396, 40.74817 ], [ -73.74396, 40.74814 ], [ -73.74398, 40.74811 ], [ -73.74392, 40.74796 ], [ -73.74391, 40.7479 ], [ -73.7439, 40.74784 ], [ -73.74391, 40.74777 ], [ -73.74392, 40.74771 ], [ -73.74394, 40.74765 ], [ -73.74397, 40.74759 ], [ -73.74401, 40.74753 ], [ -73.74405, 40.74747 ], [ -73.7441, 40.74742 ], [ -73.74416, 40.74737 ], [ -73.74422, 40.74733 ], [ -73.74429, 40.74729 ], [ -73.74432, 40.74728 ], [ -73.74439, 40.74725 ], [ -73.74456, 40.7472 ], [ -73.74624, 40.74672 ], [ -73.74609, 40.74638 ], [ -73.74609, 40.74638 ], [ -73.74574, 40.74557 ], [ -73.74487, 40.74358 ], [ -73.74482, 40.74348 ], [ -73.74478, 40.74338 ], [ -73.74476, 40.74329 ], [ -73.74472, 40.74305 ], [ -73.74476, 40.74306 ], [ -73.74486, 40.74306 ], [ -73.74495, 40.74304 ], [ -73.74502, 40.74303 ], [ -73.74514, 40.743 ], [ -73.74535, 40.74294 ], [ -73.74543, 40.74291 ], [ -73.74549, 40.74289 ], [ -73.7456, 40.74287 ], [ -73.7457, 40.74285 ], [ -73.74579, 40.74284 ], [ -73.7459, 40.74284 ], [ -73.74596, 40.74284 ], [ -73.74607, 40.74286 ], [ -73.74647, 40.74292 ], [ -73.74723, 40.74304 ], [ -73.74723, 40.74304 ], [ -73.74758, 40.7431 ], [ -73.7484, 40.74322 ], [ -73.74848, 40.74322 ], [ -73.74861, 40.74322 ], [ -73.74879, 40.74319 ], [ -73.74901, 40.74316 ], [ -73.74997, 40.74301 ], [ -73.75055, 40.74292 ], [ -73.75063, 40.74291 ], [ -73.75116, 40.7428 ], [ -73.75331, 40.74234 ], [ -73.75292, 40.74194 ], [ -73.75182, 40.7408 ], [ -73.75137, 40.74033 ], [ -73.75135, 40.74032 ], [ -73.75134, 40.74031 ], [ -73.75133, 40.7403 ], [ -73.75131, 40.74028 ], [ -73.75129, 40.74027 ], [ -73.75127, 40.74025 ], [ -73.75125, 40.74024 ], [ -73.75123, 40.74023 ], [ -73.7512, 40.74021 ], [ -73.75117, 40.7402 ], [ -73.75115, 40.74019 ], [ -73.75114, 40.74019 ], [ -73.75112, 40.74018 ], [ -73.7511, 40.74018 ], [ -73.75107, 40.74017 ], [ -73.75105, 40.74017 ], [ -73.75103, 40.74016 ], [ -73.75102, 40.74016 ], [ -73.75098, 40.74015 ], [ -73.75096, 40.74015 ], [ -73.75092, 40.74014 ], [ -73.75074, 40.74011 ], [ -73.7507, 40.7401 ], [ -73.75065, 40.74009 ], [ -73.75062, 40.74008 ], [ -73.75057, 40.74008 ], [ -73.75054, 40.74007 ], [ -73.75051, 40.74006 ], [ -73.75046, 40.74005 ], [ -73.75043, 40.74005 ], [ -73.75039, 40.74004 ], [ -73.75038, 40.74004 ], [ -73.75035, 40.74003 ], [ -73.75031, 40.74002 ], [ -73.75028, 40.74001 ], [ -73.75025, 40.74001 ], [ -73.75023, 40.74 ], [ -73.75022, 40.73999 ], [ -73.75019, 40.73999 ], [ -73.75017, 40.73998 ], [ -73.75015, 40.73997 ], [ -73.75013, 40.73996 ], [ -73.75011, 40.73995 ], [ -73.75008, 40.73994 ], [ -73.75006, 40.73993 ], [ -73.75004, 40.73992 ], [ -73.75003, 40.73991 ], [ -73.75001, 40.73991 ], [ -73.74999, 40.7399 ], [ -73.74997, 40.73989 ], [ -73.74995, 40.73988 ], [ -73.74994, 40.73988 ], [ -73.74992, 40.73987 ], [ -73.74989, 40.73987 ], [ -73.74986, 40.73987 ], [ -73.74984, 40.73987 ], [ -73.74982, 40.73987 ], [ -73.74979, 40.73987 ], [ -73.74977, 40.73987 ], [ -73.74976, 40.73988 ], [ -73.74974, 40.73988 ], [ -73.74973, 40.73988 ], [ -73.74971, 40.73988 ], [ -73.74956, 40.73991 ], [ -73.74916, 40.73998 ], [ -73.74833, 40.74014 ], [ -73.74515, 40.74071 ], [ -73.74415, 40.7409 ], [ -73.74405, 40.74092 ], [ -73.74385, 40.74096 ], [ -73.74382, 40.74091 ], [ -73.7438, 40.74084 ], [ -73.74378, 40.74075 ], [ -73.74371, 40.74028 ], [ -73.74359, 40.73947 ], [ -73.74359, 40.73947 ], [ -73.74355, 40.73918 ], [ -73.74329, 40.73887 ], [ -73.74329, 40.73887 ], [ -73.74312, 40.73866 ], [ -73.74312, 40.73866 ], [ -73.74304, 40.73856 ], [ -73.74162, 40.73885 ], [ -73.74156, 40.73887 ], [ -73.74152, 40.73887 ], [ -73.74147, 40.73887 ], [ -73.74138, 40.73888 ], [ -73.7413, 40.73888 ], [ -73.74125, 40.73888 ], [ -73.74118, 40.73888 ], [ -73.74109, 40.73886 ], [ -73.74103, 40.73885 ], [ -73.74093, 40.73883 ], [ -73.74083, 40.7388 ], [ -73.74077, 40.73877 ], [ -73.74075, 40.73876 ], [ -73.74048, 40.73905 ], [ -73.74031, 40.73896 ], [ -73.7403, 40.73895 ], [ -73.74001, 40.7393 ], [ -73.73999, 40.73932 ], [ -73.73999, 40.73932 ], [ -73.73991, 40.73941 ], [ -73.73974, 40.73961 ], [ -73.73962, 40.73972 ], [ -73.73958, 40.73975 ], [ -73.73937, 40.73995 ], [ -73.73915, 40.74013 ], [ -73.73903, 40.74023 ], [ -73.73871, 40.74046 ], [ -73.73838, 40.74069 ], [ -73.73805, 40.74092 ], [ -73.73772, 40.74114 ], [ -73.73738, 40.74134 ], [ -73.73739, 40.74135 ], [ -73.73717, 40.74149 ], [ -73.73714, 40.74151 ], [ -73.73708, 40.74154 ], [ -73.73707, 40.74155 ], [ -73.73705, 40.74156 ], [ -73.73702, 40.74157 ], [ -73.73699, 40.74159 ], [ -73.73694, 40.74162 ], [ -73.7369, 40.74166 ], [ -73.73686, 40.74168 ], [ -73.73681, 40.74171 ], [ -73.73677, 40.74173 ], [ -73.73673, 40.74176 ], [ -73.73657, 40.74187 ], [ -73.73641, 40.74199 ], [ -73.73625, 40.7421 ], [ -73.73625, 40.7421 ], [ -73.73621, 40.74214 ], [ -73.73617, 40.74217 ], [ -73.73617, 40.74217 ], [ -73.73615, 40.74218 ], [ -73.736, 40.74231 ], [ -73.73585, 40.74244 ], [ -73.73581, 40.74247 ], [ -73.73578, 40.7425 ], [ -73.73575, 40.74253 ], [ -73.73572, 40.74256 ], [ -73.73568, 40.7426 ], [ -73.73567, 40.7426 ], [ -73.73567, 40.74261 ], [ -73.73563, 40.74264 ], [ -73.7356, 40.74267 ], [ -73.73557, 40.7427 ], [ -73.73554, 40.74273 ], [ -73.73551, 40.74277 ], [ -73.73549, 40.74279 ], [ -73.73548, 40.74279 ], [ -73.73547, 40.7428 ], [ -73.73544, 40.74284 ], [ -73.73541, 40.74287 ], [ -73.73538, 40.74291 ], [ -73.73535, 40.74294 ], [ -73.73531, 40.74299 ], [ -73.73526, 40.74307 ], [ -73.73524, 40.74312 ], [ -73.73519, 40.74322 ], [ -73.73518, 40.74325 ], [ -73.73518, 40.74325 ], [ -73.73518, 40.74325 ], [ -73.73517, 40.74329 ], [ -73.73516, 40.74332 ], [ -73.73514, 40.74338 ], [ -73.73513, 40.74343 ], [ -73.73512, 40.74348 ], [ -73.73512, 40.74351 ], [ -73.73512, 40.74351 ], [ -73.73512, 40.74352 ], [ -73.73512, 40.74353 ], [ -73.73512, 40.74353 ], [ -73.73512, 40.74359 ], [ -73.73512, 40.74361 ], [ -73.73512, 40.74363 ], [ -73.73511, 40.74364 ], [ -73.73511, 40.74364 ], [ -73.73511, 40.7437 ], [ -73.73512, 40.74375 ], [ -73.73512, 40.74379 ], [ -73.73513, 40.74384 ], [ -73.73513, 40.74389 ], [ -73.73514, 40.74393 ], [ -73.73514, 40.74398 ], [ -73.73515, 40.744 ], [ -73.73515, 40.74402 ], [ -73.73515, 40.74406 ], [ -73.73516, 40.74411 ], [ -73.73517, 40.74415 ], [ -73.73517, 40.74416 ], [ -73.73518, 40.74421 ], [ -73.73518, 40.74424 ], [ -73.73519, 40.74427 ], [ -73.73519, 40.74432 ], [ -73.7352, 40.74437 ], [ -73.73521, 40.74438 ], [ -73.73521, 40.74441 ], [ -73.73522, 40.74445 ], [ -73.73523, 40.74451 ], [ -73.73524, 40.74456 ], [ -73.73525, 40.74461 ], [ -73.73526, 40.74466 ], [ -73.73527, 40.74469 ], [ -73.73527, 40.74471 ], [ -73.73528, 40.74476 ], [ -73.73529, 40.74481 ], [ -73.7353, 40.74484 ], [ -73.7353, 40.74484 ], [ -73.7353, 40.74487 ], [ -73.73531, 40.7449 ], [ -73.73532, 40.74492 ], [ -73.73533, 40.74497 ], [ -73.73535, 40.74503 ], [ -73.73536, 40.74507 ], [ -73.73537, 40.74512 ], [ -73.73539, 40.74517 ], [ -73.73539, 40.74517 ], [ -73.73539, 40.74517 ], [ -73.7354, 40.74522 ], [ -73.73543, 40.74528 ], [ -73.73543, 40.74528 ], [ -73.73543, 40.74529 ], [ -73.73544, 40.74532 ], [ -73.73545, 40.74534 ], [ -73.73548, 40.7454 ], [ -73.73551, 40.74546 ], [ -73.73553, 40.74551 ], [ -73.73556, 40.74555 ], [ -73.73558, 40.7456 ], [ -73.73561, 40.74565 ], [ -73.73564, 40.74569 ], [ -73.73565, 40.74572 ], [ -73.73566, 40.74573 ], [ -73.73567, 40.74574 ], [ -73.73569, 40.74579 ], [ -73.73572, 40.74583 ], [ -73.73575, 40.74588 ], [ -73.73579, 40.74592 ], [ -73.73582, 40.74596 ], [ -73.73585, 40.74601 ], [ -73.73594, 40.74611 ], [ -73.73596, 40.74615 ], [ -73.73599, 40.74618 ], [ -73.73602, 40.74621 ], [ -73.73602, 40.74621 ], [ -73.73604, 40.74624 ], [ -73.73607, 40.74628 ], [ -73.7361, 40.7463 ], [ -73.7361, 40.74631 ], [ -73.73611, 40.74632 ], [ -73.73611, 40.74632 ], [ -73.73615, 40.74635 ], [ -73.73619, 40.74639 ], [ -73.73623, 40.74643 ], [ -73.73627, 40.74647 ], [ -73.73631, 40.74651 ], [ -73.73631, 40.74651 ], [ -73.73631, 40.74651 ], [ -73.73635, 40.74655 ], [ -73.7364, 40.7466 ], [ -73.73644, 40.74664 ], [ -73.73649, 40.74668 ], [ -73.73653, 40.74672 ], [ -73.73657, 40.74676 ], [ -73.73662, 40.7468 ], [ -73.73666, 40.74684 ], [ -73.7367, 40.74688 ], [ -73.73674, 40.74692 ], [ -73.73677, 40.74695 ], [ -73.73678, 40.74696 ], [ -73.73682, 40.747 ], [ -73.73687, 40.74705 ], [ -73.73691, 40.74709 ], [ -73.73696, 40.74713 ], [ -73.737, 40.74717 ], [ -73.737, 40.74717 ], [ -73.73704, 40.74721 ], [ -73.73709, 40.74725 ], [ -73.73709, 40.74725 ], [ -73.73713, 40.74729 ], [ -73.73713, 40.74729 ], [ -73.73718, 40.74733 ], [ -73.7373, 40.74744 ], [ -73.73735, 40.74748 ], [ -73.73739, 40.74752 ], [ -73.73743, 40.74755 ], [ -73.73747, 40.74759 ], [ -73.73751, 40.74763 ], [ -73.73756, 40.74766 ], [ -73.7376, 40.7477 ], [ -73.73765, 40.74774 ], [ -73.73767, 40.74775 ], [ -73.73769, 40.74777 ], [ -73.73774, 40.74781 ], [ -73.73778, 40.74785 ], [ -73.73783, 40.74788 ], [ -73.73787, 40.74792 ], [ -73.73792, 40.74795 ], [ -73.73796, 40.74799 ], [ -73.73801, 40.74803 ], [ -73.73806, 40.74806 ], [ -73.7381, 40.7481 ], [ -73.73815, 40.74813 ], [ -73.73819, 40.74817 ], [ -73.73824, 40.7482 ], [ -73.73829, 40.74824 ], [ -73.73833, 40.74827 ], [ -73.73838, 40.7483 ], [ -73.73843, 40.74834 ], [ -73.73847, 40.74837 ], [ -73.73852, 40.74841 ], [ -73.73857, 40.74844 ], [ -73.73861, 40.74847 ], [ -73.73866, 40.74851 ], [ -73.73871, 40.74854 ], [ -73.73876, 40.74857 ], [ -73.7388, 40.74861 ], [ -73.73886, 40.74864 ], [ -73.73891, 40.74868 ], [ -73.73893, 40.74869 ], [ -73.73893, 40.74869 ], [ -73.73896, 40.74871 ], [ -73.73902, 40.74875 ], [ -73.73907, 40.74878 ], [ -73.73912, 40.74882 ], [ -73.73915, 40.74884 ], [ -73.73917, 40.74885 ], [ -73.73923, 40.74888 ], [ -73.73928, 40.74891 ], [ -73.73933, 40.74895 ], [ -73.73935, 40.74896 ], [ -73.73938, 40.74898 ], [ -73.73943, 40.74901 ], [ -73.73948, 40.74904 ], [ -73.73948, 40.74904 ], [ -73.73954, 40.74908 ], [ -73.73959, 40.74911 ], [ -73.73965, 40.74914 ], [ -73.7397, 40.74918 ], [ -73.73976, 40.74921 ], [ -73.73981, 40.74924 ], [ -73.73987, 40.74928 ], [ -73.73988, 40.74928 ], [ -73.74008, 40.7494 ], [ -73.74029, 40.74952 ], [ -73.74049, 40.74964 ], [ -73.74052, 40.74966 ], [ -73.74065, 40.74974 ], [ -73.74076, 40.74981 ], [ -73.74084, 40.74987 ], [ -73.74111, 40.75001 ], [ -73.74155, 40.75032 ], [ -73.74158, 40.75032 ], [ -73.74209, 40.75073 ], [ -73.74242, 40.75096 ], [ -73.74275, 40.75115 ], [ -73.74295, 40.75128 ], [ -73.74318, 40.75143 ], [ -73.74325, 40.75148 ], [ -73.74329, 40.7515 ], [ -73.74334, 40.75151 ], [ -73.74344, 40.75153 ], [ -73.74359, 40.75154 ] ] ], [ [ [ -73.73468, 40.73883 ], [ -73.73393, 40.73898 ], [ -73.73391, 40.73898 ], [ -73.73389, 40.73899 ], [ -73.73378, 40.73951 ], [ -73.73863, 40.73848 ], [ -73.73909, 40.73877 ], [ -73.7394, 40.73843 ], [ -73.73923, 40.73836 ], [ -73.73903, 40.73828 ], [ -73.73903, 40.73828 ], [ -73.73902, 40.73828 ], [ -73.73902, 40.73828 ], [ -73.73897, 40.73826 ], [ -73.73897, 40.73826 ], [ -73.73884, 40.73823 ], [ -73.73871, 40.73821 ], [ -73.7386, 40.73819 ], [ -73.73852, 40.73819 ], [ -73.73839, 40.73818 ], [ -73.7383, 40.73818 ], [ -73.73824, 40.73818 ], [ -73.73813, 40.73819 ], [ -73.73802, 40.7382 ], [ -73.73794, 40.73821 ], [ -73.73782, 40.73823 ], [ -73.73468, 40.73883 ] ] ], [ [ [ -73.73508, 40.74473 ], [ -73.73509, 40.74477 ], [ -73.73511, 40.74487 ], [ -73.73511, 40.74487 ], [ -73.73513, 40.74496 ], [ -73.73514, 40.74505 ], [ -73.73514, 40.74513 ], [ -73.73515, 40.74521 ], [ -73.73515, 40.74528 ], [ -73.73515, 40.74536 ], [ -73.73514, 40.7454 ], [ -73.73514, 40.74544 ], [ -73.73514, 40.74544 ], [ -73.73514, 40.74551 ], [ -73.73518, 40.74554 ], [ -73.73523, 40.74558 ], [ -73.73526, 40.74561 ], [ -73.73527, 40.74562 ], [ -73.73529, 40.74563 ], [ -73.73533, 40.74567 ], [ -73.73534, 40.74567 ], [ -73.73537, 40.7457 ], [ -73.73541, 40.74574 ], [ -73.73546, 40.74577 ], [ -73.7355, 40.74581 ], [ -73.73555, 40.74585 ], [ -73.7356, 40.74588 ], [ -73.73565, 40.74593 ], [ -73.73569, 40.74597 ], [ -73.73571, 40.74598 ], [ -73.73572, 40.74599 ], [ -73.73575, 40.746 ], [ -73.73571, 40.74594 ], [ -73.73568, 40.7459 ], [ -73.73565, 40.74585 ], [ -73.73562, 40.74581 ], [ -73.73559, 40.74576 ], [ -73.73558, 40.74574 ], [ -73.73557, 40.74572 ], [ -73.73554, 40.74567 ], [ -73.7355, 40.74562 ], [ -73.73547, 40.74556 ], [ -73.73543, 40.7455 ], [ -73.73541, 40.74544 ], [ -73.73538, 40.74537 ], [ -73.73536, 40.74531 ], [ -73.73534, 40.74527 ], [ -73.73532, 40.74522 ], [ -73.7353, 40.74517 ], [ -73.73529, 40.74514 ], [ -73.73528, 40.74513 ], [ -73.73526, 40.74509 ], [ -73.73525, 40.74504 ], [ -73.73523, 40.745 ], [ -73.73521, 40.74496 ], [ -73.7352, 40.74492 ], [ -73.73517, 40.74486 ], [ -73.73517, 40.74486 ], [ -73.73516, 40.74482 ], [ -73.73514, 40.74477 ], [ -73.73512, 40.74473 ], [ -73.73508, 40.74473 ] ] ], [ [ [ -73.73513, 40.74569 ], [ -73.73516, 40.74572 ], [ -73.73531, 40.74584 ], [ -73.73534, 40.74587 ], [ -73.73546, 40.74597 ], [ -73.73549, 40.746 ], [ -73.73553, 40.74604 ], [ -73.73557, 40.74607 ], [ -73.73561, 40.74611 ], [ -73.73565, 40.74614 ], [ -73.73569, 40.74618 ], [ -73.73573, 40.74622 ], [ -73.73577, 40.74625 ], [ -73.73581, 40.74629 ], [ -73.73583, 40.74631 ], [ -73.73585, 40.74632 ], [ -73.73589, 40.74636 ], [ -73.73593, 40.7464 ], [ -73.73597, 40.74644 ], [ -73.73601, 40.74647 ], [ -73.73605, 40.74651 ], [ -73.73608, 40.74655 ], [ -73.73612, 40.74659 ], [ -73.73616, 40.74662 ], [ -73.7362, 40.74666 ], [ -73.73624, 40.7467 ], [ -73.73628, 40.74673 ], [ -73.73631, 40.74677 ], [ -73.73635, 40.74681 ], [ -73.73639, 40.74685 ], [ -73.73643, 40.74688 ], [ -73.73647, 40.74692 ], [ -73.73648, 40.74694 ], [ -73.73655, 40.74694 ], [ -73.73652, 40.74691 ], [ -73.73648, 40.74687 ], [ -73.73645, 40.74684 ], [ -73.73641, 40.74681 ], [ -73.73637, 40.74677 ], [ -73.73633, 40.74672 ], [ -73.73628, 40.74668 ], [ -73.73624, 40.74664 ], [ -73.7362, 40.7466 ], [ -73.73615, 40.74656 ], [ -73.73612, 40.74653 ], [ -73.73608, 40.74649 ], [ -73.73605, 40.74646 ], [ -73.73601, 40.74642 ], [ -73.73597, 40.74638 ], [ -73.73593, 40.74634 ], [ -73.73589, 40.7463 ], [ -73.73585, 40.74627 ], [ -73.73582, 40.74624 ], [ -73.73578, 40.7462 ], [ -73.73575, 40.74617 ], [ -73.73572, 40.74615 ], [ -73.73571, 40.74613 ], [ -73.73566, 40.74609 ], [ -73.73562, 40.74606 ], [ -73.73558, 40.74602 ], [ -73.73553, 40.74598 ], [ -73.73548, 40.74594 ], [ -73.73545, 40.7459 ], [ -73.73541, 40.74587 ], [ -73.73538, 40.74584 ], [ -73.73533, 40.74581 ], [ -73.7353, 40.74578 ], [ -73.73527, 40.74575 ], [ -73.73523, 40.74572 ], [ -73.73519, 40.74569 ], [ -73.73516, 40.74567 ], [ -73.73514, 40.74564 ], [ -73.73513, 40.74569 ] ] ], [ [ [ -73.7425, 40.75108 ], [ -73.74275, 40.75129 ], [ -73.74294, 40.75147 ], [ -73.74303, 40.75155 ], [ -73.74304, 40.75155 ], [ -73.74306, 40.75155 ], [ -73.74307, 40.75155 ], [ -73.74308, 40.75155 ], [ -73.74309, 40.75154 ], [ -73.7431, 40.75153 ], [ -73.7431, 40.75153 ], [ -73.74311, 40.75152 ], [ -73.74311, 40.75151 ], [ -73.74311, 40.7515 ], [ -73.74311, 40.75149 ], [ -73.74311, 40.75148 ], [ -73.7431, 40.75147 ], [ -73.7431, 40.75147 ], [ -73.74309, 40.75146 ], [ -73.74251, 40.75107 ], [ -73.7425, 40.75108 ] ] ], [ [ [ -73.74129, 40.75204 ], [ -73.74133, 40.75202 ], [ -73.74133, 40.75202 ], [ -73.74136, 40.752 ], [ -73.74141, 40.75195 ], [ -73.74144, 40.75193 ], [ -73.74156, 40.75186 ], [ -73.74167, 40.7518 ], [ -73.7418, 40.75174 ], [ -73.74188, 40.75171 ], [ -73.74188, 40.75171 ], [ -73.7419, 40.7517 ], [ -73.74191, 40.7517 ], [ -73.74198, 40.75167 ], [ -73.74205, 40.75165 ], [ -73.74212, 40.75163 ], [ -73.74218, 40.75162 ], [ -73.74229, 40.7516 ], [ -73.74238, 40.75157 ], [ -73.74238, 40.75155 ], [ -73.74243, 40.75155 ], [ -73.74235, 40.75147 ], [ -73.74231, 40.75143 ], [ -73.7423, 40.75141 ], [ -73.74228, 40.75139 ], [ -73.74224, 40.75135 ], [ -73.74221, 40.75133 ], [ -73.7422, 40.75132 ], [ -73.74216, 40.75128 ], [ -73.74212, 40.75124 ], [ -73.74208, 40.75121 ], [ -73.74204, 40.75117 ], [ -73.742, 40.75113 ], [ -73.74196, 40.75109 ], [ -73.74191, 40.75106 ], [ -73.74187, 40.75102 ], [ -73.74185, 40.75101 ], [ -73.74184, 40.75099 ], [ -73.7418, 40.75096 ], [ -73.74175, 40.75092 ], [ -73.7417, 40.75088 ], [ -73.74166, 40.75084 ], [ -73.74166, 40.75084 ], [ -73.74165, 40.75083 ], [ -73.74161, 40.75081 ], [ -73.7416, 40.75079 ], [ -73.74158, 40.75078 ], [ -73.74155, 40.75076 ], [ -73.74154, 40.75074 ], [ -73.7415, 40.75071 ], [ -73.74145, 40.75068 ], [ -73.74141, 40.75065 ], [ -73.74137, 40.75061 ], [ -73.74132, 40.75058 ], [ -73.74128, 40.75055 ], [ -73.74124, 40.75052 ], [ -73.74122, 40.75051 ], [ -73.7412, 40.75049 ], [ -73.74115, 40.75046 ], [ -73.7411, 40.75042 ], [ -73.74105, 40.75039 ], [ -73.741, 40.75035 ], [ -73.74095, 40.75032 ], [ -73.74091, 40.7503 ], [ -73.74087, 40.75027 ], [ -73.74083, 40.75024 ], [ -73.74079, 40.75022 ], [ -73.74075, 40.75019 ], [ -73.7407, 40.75016 ], [ -73.74066, 40.75013 ], [ -73.74061, 40.7501 ], [ -73.74055, 40.75007 ], [ -73.7405, 40.75004 ], [ -73.74045, 40.75001 ], [ -73.74039, 40.74998 ], [ -73.74034, 40.74994 ], [ -73.74029, 40.74991 ], [ -73.74023, 40.74988 ], [ -73.74018, 40.74985 ], [ -73.74012, 40.74981 ], [ -73.74007, 40.74978 ], [ -73.74002, 40.74975 ], [ -73.73997, 40.74972 ], [ -73.73992, 40.74969 ], [ -73.73986, 40.74966 ], [ -73.73982, 40.74964 ], [ -73.73977, 40.74961 ], [ -73.73973, 40.74958 ], [ -73.73968, 40.74956 ], [ -73.73964, 40.74953 ], [ -73.73959, 40.7495 ], [ -73.73954, 40.74947 ], [ -73.73948, 40.74943 ], [ -73.73943, 40.7494 ], [ -73.73938, 40.74937 ], [ -73.73933, 40.74934 ], [ -73.73928, 40.74931 ], [ -73.73923, 40.74928 ], [ -73.73917, 40.74924 ], [ -73.73912, 40.74921 ], [ -73.73909, 40.74919 ], [ -73.73907, 40.74918 ], [ -73.73903, 40.74915 ], [ -73.73898, 40.74911 ], [ -73.73893, 40.74908 ], [ -73.73888, 40.74905 ], [ -73.73884, 40.74902 ], [ -73.73879, 40.74899 ], [ -73.73875, 40.74896 ], [ -73.7387, 40.74893 ], [ -73.73866, 40.7489 ], [ -73.73862, 40.74887 ], [ -73.73857, 40.74884 ], [ -73.73856, 40.74883 ], [ -73.73853, 40.74881 ], [ -73.73848, 40.74877 ], [ -73.73843, 40.74874 ], [ -73.73838, 40.7487 ], [ -73.73833, 40.74867 ], [ -73.73828, 40.74863 ], [ -73.73825, 40.74861 ], [ -73.73823, 40.7486 ], [ -73.73818, 40.74856 ], [ -73.73814, 40.74853 ], [ -73.73809, 40.74849 ], [ -73.73804, 40.74845 ], [ -73.738, 40.74842 ], [ -73.73795, 40.74838 ], [ -73.73791, 40.74835 ], [ -73.73786, 40.74831 ], [ -73.73783, 40.74829 ], [ -73.73781, 40.74827 ], [ -73.73776, 40.74823 ], [ -73.73771, 40.74819 ], [ -73.73768, 40.74817 ], [ -73.73768, 40.74817 ], [ -73.73766, 40.74816 ], [ -73.73762, 40.74812 ], [ -73.73762, 40.74812 ], [ -73.73758, 40.74809 ], [ -73.73754, 40.74805 ], [ -73.7375, 40.74802 ], [ -73.73746, 40.74799 ], [ -73.73742, 40.74795 ], [ -73.73736, 40.7479 ], [ -73.73732, 40.74787 ], [ -73.7373, 40.74785 ], [ -73.73728, 40.74783 ], [ -73.73723, 40.74779 ], [ -73.73718, 40.74775 ], [ -73.73714, 40.74771 ], [ -73.7371, 40.74767 ], [ -73.73706, 40.74764 ], [ -73.73702, 40.7476 ], [ -73.73698, 40.74757 ], [ -73.73694, 40.74753 ], [ -73.73689, 40.74749 ], [ -73.73685, 40.74745 ], [ -73.73681, 40.74742 ], [ -73.73676, 40.74738 ], [ -73.73671, 40.74734 ], [ -73.73667, 40.7473 ], [ -73.73663, 40.74726 ], [ -73.73659, 40.74723 ], [ -73.73655, 40.74719 ], [ -73.73651, 40.74715 ], [ -73.7365, 40.74715 ], [ -73.73647, 40.74712 ], [ -73.73643, 40.74709 ], [ -73.7364, 40.74706 ], [ -73.73636, 40.74702 ], [ -73.73632, 40.74698 ], [ -73.73627, 40.74694 ], [ -73.73627, 40.74694 ], [ -73.73623, 40.7469 ], [ -73.73618, 40.74686 ], [ -73.73614, 40.74682 ], [ -73.7361, 40.74678 ], [ -73.73606, 40.74674 ], [ -73.73602, 40.7467 ], [ -73.73598, 40.74666 ], [ -73.73597, 40.74665 ], [ -73.73594, 40.74663 ], [ -73.73581, 40.74649 ], [ -73.73568, 40.74637 ], [ -73.73567, 40.74635 ], [ -73.73565, 40.74634 ], [ -73.73563, 40.74632 ], [ -73.73559, 40.74628 ], [ -73.73554, 40.74624 ], [ -73.7355, 40.74621 ], [ -73.73546, 40.74617 ], [ -73.73545, 40.74616 ], [ -73.73542, 40.74614 ], [ -73.73538, 40.7461 ], [ -73.73534, 40.74606 ], [ -73.7353, 40.74603 ], [ -73.73526, 40.746 ], [ -73.73526, 40.74599 ], [ -73.73521, 40.74596 ], [ -73.73516, 40.74591 ], [ -73.73512, 40.74589 ], [ -73.73512, 40.74592 ], [ -73.73512, 40.74597 ], [ -73.73513, 40.74598 ], [ -73.73515, 40.74604 ], [ -73.73516, 40.7461 ], [ -73.73519, 40.74618 ], [ -73.73524, 40.74632 ], [ -73.73531, 40.74655 ], [ -73.73539, 40.74681 ], [ -73.73544, 40.74696 ], [ -73.73551, 40.74709 ], [ -73.73564, 40.74725 ], [ -73.73603, 40.74752 ], [ -73.73637, 40.74767 ], [ -73.73659, 40.74775 ], [ -73.73671, 40.7478 ], [ -73.73688, 40.74787 ], [ -73.73699, 40.74792 ], [ -73.73714, 40.74799 ], [ -73.73729, 40.74809 ], [ -73.73746, 40.74822 ], [ -73.73766, 40.74842 ], [ -73.73783, 40.74857 ], [ -73.73808, 40.7488 ], [ -73.73825, 40.74896 ], [ -73.7384, 40.7491 ], [ -73.73856, 40.74931 ], [ -73.73876, 40.74956 ], [ -73.73906, 40.74995 ], [ -73.73917, 40.75008 ], [ -73.73926, 40.7502 ], [ -73.73947, 40.75047 ], [ -73.73955, 40.75057 ], [ -73.73962, 40.75066 ], [ -73.73969, 40.75075 ], [ -73.73976, 40.75084 ], [ -73.7399, 40.75102 ], [ -73.73998, 40.7511 ], [ -73.74008, 40.7512 ], [ -73.74013, 40.75125 ], [ -73.74026, 40.75137 ], [ -73.74033, 40.75143 ], [ -73.74039, 40.75147 ], [ -73.74043, 40.75151 ], [ -73.74059, 40.7516 ], [ -73.74129, 40.75204 ] ] ], [ [ [ -73.74527, 40.75169 ], [ -73.74317, 40.7517 ], [ -73.74353, 40.7521 ], [ -73.74377, 40.75236 ], [ -73.74391, 40.7525 ], [ -73.74401, 40.75255 ], [ -73.74413, 40.75262 ], [ -73.74425, 40.75268 ], [ -73.74441, 40.75273 ], [ -73.74454, 40.75276 ], [ -73.74465, 40.75278 ], [ -73.74471, 40.75279 ], [ -73.74477, 40.75279 ], [ -73.74484, 40.7528 ], [ -73.74491, 40.75279 ], [ -73.74498, 40.75279 ], [ -73.74502, 40.75279 ], [ -73.74507, 40.75278 ], [ -73.74512, 40.75278 ], [ -73.74517, 40.75277 ], [ -73.74523, 40.75276 ], [ -73.74531, 40.75274 ], [ -73.74536, 40.75272 ], [ -73.74544, 40.7527 ], [ -73.74552, 40.75267 ], [ -73.74561, 40.75263 ], [ -73.74568, 40.7526 ], [ -73.7458, 40.75254 ], [ -73.74607, 40.75237 ], [ -73.74641, 40.75213 ], [ -73.7465, 40.75206 ], [ -73.74654, 40.75202 ], [ -73.74654, 40.75199 ], [ -73.74644, 40.75193 ], [ -73.74621, 40.75182 ], [ -73.74593, 40.75173 ], [ -73.74559, 40.75168 ], [ -73.74527, 40.75169 ] ] ], [ [ [ -73.7443, 40.75322 ], [ -73.74436, 40.75323 ], [ -73.74443, 40.75324 ], [ -73.74447, 40.75325 ], [ -73.74456, 40.75327 ], [ -73.74464, 40.7533 ], [ -73.74539, 40.75281 ], [ -73.74521, 40.75286 ], [ -73.74511, 40.75287 ], [ -73.74495, 40.75288 ], [ -73.74478, 40.75287 ], [ -73.74461, 40.75286 ], [ -73.74446, 40.75283 ], [ -73.74433, 40.7528 ], [ -73.7442, 40.75276 ], [ -73.74409, 40.75271 ], [ -73.74397, 40.75263 ], [ -73.74384, 40.75253 ], [ -73.74368, 40.75238 ], [ -73.74347, 40.75215 ], [ -73.74307, 40.75171 ], [ -73.74296, 40.75171 ], [ -73.7443, 40.75322 ] ] ], [ [ [ -73.74338, 40.75277 ], [ -73.7434, 40.75288 ], [ -73.74341, 40.753 ], [ -73.74341, 40.75311 ], [ -73.7434, 40.75323 ], [ -73.74339, 40.75334 ], [ -73.74336, 40.75345 ], [ -73.74333, 40.75356 ], [ -73.74329, 40.75367 ], [ -73.74324, 40.75378 ], [ -73.74327, 40.75378 ], [ -73.7433, 40.75373 ], [ -73.74338, 40.75362 ], [ -73.74344, 40.75353 ], [ -73.74347, 40.7535 ], [ -73.74351, 40.75346 ], [ -73.74358, 40.75341 ], [ -73.74364, 40.75337 ], [ -73.74371, 40.75333 ], [ -73.74382, 40.75327 ], [ -73.74337, 40.75272 ], [ -73.74338, 40.75277 ] ] ], [ [ [ -73.74481, 40.75374 ], [ -73.74512, 40.75407 ], [ -73.74493, 40.75368 ], [ -73.74492, 40.75367 ], [ -73.74481, 40.75374 ] ] ], [ [ [ -73.74343, 40.75374 ], [ -73.7434, 40.75379 ], [ -73.74335, 40.75387 ], [ -73.74328, 40.75395 ], [ -73.74323, 40.75403 ], [ -73.74318, 40.7541 ], [ -73.74312, 40.75417 ], [ -73.74307, 40.75422 ], [ -73.74301, 40.75427 ], [ -73.74301, 40.75427 ], [ -73.743, 40.75428 ], [ -73.74297, 40.75431 ], [ -73.74293, 40.75434 ], [ -73.74291, 40.75436 ], [ -73.74287, 40.75439 ], [ -73.74206, 40.75492 ], [ -73.74192, 40.75503 ], [ -73.74197, 40.755 ], [ -73.74238, 40.75474 ], [ -73.74317, 40.75426 ], [ -73.74322, 40.75423 ], [ -73.74411, 40.75364 ], [ -73.74394, 40.75344 ], [ -73.74389, 40.75337 ], [ -73.74388, 40.75337 ], [ -73.74388, 40.75336 ], [ -73.74383, 40.75338 ], [ -73.74379, 40.75339 ], [ -73.74376, 40.75341 ], [ -73.74371, 40.75344 ], [ -73.74366, 40.75347 ], [ -73.74362, 40.7535 ], [ -73.74358, 40.75354 ], [ -73.74354, 40.75358 ], [ -73.74349, 40.75365 ], [ -73.74345, 40.75371 ], [ -73.74345, 40.75371 ], [ -73.74343, 40.75374 ] ] ], [ [ [ -73.74483, 40.75454 ], [ -73.74484, 40.75459 ], [ -73.74484, 40.75459 ], [ -73.74484, 40.75465 ], [ -73.74484, 40.75469 ], [ -73.74484, 40.7547 ], [ -73.74484, 40.75474 ], [ -73.74483, 40.75477 ], [ -73.7448, 40.7549 ], [ -73.74476, 40.75497 ], [ -73.74472, 40.75503 ], [ -73.74467, 40.75509 ], [ -73.74461, 40.75515 ], [ -73.74455, 40.75521 ], [ -73.74456, 40.75522 ], [ -73.74464, 40.75517 ], [ -73.74472, 40.75512 ], [ -73.74479, 40.75506 ], [ -73.74486, 40.755 ], [ -73.74491, 40.75493 ], [ -73.74497, 40.75486 ], [ -73.74501, 40.75479 ], [ -73.74505, 40.75472 ], [ -73.74482, 40.75449 ], [ -73.74483, 40.75454 ] ] ], [ [ [ -73.74334, 40.75512 ], [ -73.74335, 40.75514 ], [ -73.74338, 40.75517 ], [ -73.74341, 40.7552 ], [ -73.74345, 40.75523 ], [ -73.74349, 40.75526 ], [ -73.74353, 40.75528 ], [ -73.74359, 40.7553 ], [ -73.74365, 40.75532 ], [ -73.74372, 40.75533 ], [ -73.74379, 40.75534 ], [ -73.74386, 40.75535 ], [ -73.74394, 40.75535 ], [ -73.74403, 40.75534 ], [ -73.74411, 40.75533 ], [ -73.74419, 40.75531 ], [ -73.74427, 40.75528 ], [ -73.74435, 40.75525 ], [ -73.74442, 40.75521 ], [ -73.74448, 40.75517 ], [ -73.74454, 40.75512 ], [ -73.7446, 40.75507 ], [ -73.74464, 40.75501 ], [ -73.74468, 40.75496 ], [ -73.74471, 40.75489 ], [ -73.74473, 40.75483 ], [ -73.74474, 40.75477 ], [ -73.74475, 40.7547 ], [ -73.74474, 40.75464 ], [ -73.74474, 40.75462 ], [ -73.74473, 40.75458 ], [ -73.74472, 40.75455 ], [ -73.74471, 40.7545 ], [ -73.74469, 40.75447 ], [ -73.74468, 40.75442 ], [ -73.74466, 40.75437 ], [ -73.74461, 40.75429 ], [ -73.74456, 40.7542 ], [ -73.7445, 40.75411 ], [ -73.7444, 40.75398 ], [ -73.74398, 40.75424 ], [ -73.74365, 40.75444 ], [ -73.74363, 40.75445 ], [ -73.74345, 40.75463 ], [ -73.7434, 40.7547 ], [ -73.74337, 40.75474 ], [ -73.74334, 40.75478 ], [ -73.74333, 40.7548 ], [ -73.74331, 40.75485 ], [ -73.74329, 40.75489 ], [ -73.74329, 40.75494 ], [ -73.74329, 40.75498 ], [ -73.7433, 40.75503 ], [ -73.74331, 40.75507 ], [ -73.74334, 40.75512 ], [ -73.74334, 40.75511 ], [ -73.74334, 40.75512 ] ] ], [ [ [ -73.74305, 40.75537 ], [ -73.74312, 40.75537 ], [ -73.74325, 40.75538 ], [ -73.74325, 40.75538 ], [ -73.7435, 40.7554 ], [ -73.74371, 40.75541 ], [ -73.74364, 40.75539 ], [ -73.74358, 40.75538 ], [ -73.74354, 40.75536 ], [ -73.74348, 40.75534 ], [ -73.74344, 40.75532 ], [ -73.7434, 40.7553 ], [ -73.74337, 40.75527 ], [ -73.74333, 40.75524 ], [ -73.74327, 40.75519 ], [ -73.74326, 40.75516 ], [ -73.74323, 40.75511 ], [ -73.74321, 40.75507 ], [ -73.7432, 40.75503 ], [ -73.74319, 40.75498 ], [ -73.74316, 40.75497 ], [ -73.74308, 40.7551 ], [ -73.74308, 40.7551 ], [ -73.74305, 40.75514 ], [ -73.74303, 40.75518 ], [ -73.743, 40.75521 ], [ -73.74297, 40.75525 ], [ -73.74295, 40.75528 ], [ -73.74292, 40.75531 ], [ -73.74289, 40.75533 ], [ -73.74285, 40.75537 ], [ -73.74293, 40.75537 ], [ -73.743, 40.75536 ], [ -73.74305, 40.75537 ] ] ], [ [ [ -73.74165, 40.75568 ], [ -73.74163, 40.75569 ], [ -73.74162, 40.7557 ], [ -73.7416, 40.75571 ], [ -73.74158, 40.75573 ], [ -73.74157, 40.75574 ], [ -73.74157, 40.75574 ], [ -73.74157, 40.75574 ], [ -73.74156, 40.75574 ], [ -73.74156, 40.75575 ], [ -73.74155, 40.75575 ], [ -73.74154, 40.75576 ], [ -73.74153, 40.75577 ], [ -73.74152, 40.75577 ], [ -73.74162, 40.75572 ], [ -73.7417, 40.75568 ], [ -73.7417, 40.75568 ], [ -73.74172, 40.75567 ], [ -73.7418, 40.75561 ], [ -73.74189, 40.75556 ], [ -73.74198, 40.75552 ], [ -73.74208, 40.75548 ], [ -73.74219, 40.75545 ], [ -73.74228, 40.75542 ], [ -73.74228, 40.75542 ], [ -73.74228, 40.75542 ], [ -73.7424, 40.75541 ], [ -73.74267, 40.75537 ], [ -73.74273, 40.75537 ], [ -73.74277, 40.75534 ], [ -73.74281, 40.7553 ], [ -73.74284, 40.75527 ], [ -73.74288, 40.75522 ], [ -73.74292, 40.75517 ], [ -73.74295, 40.75513 ], [ -73.74298, 40.75508 ], [ -73.74298, 40.75508 ], [ -73.74306, 40.75497 ], [ -73.74315, 40.75483 ], [ -73.74325, 40.7547 ], [ -73.74327, 40.75466 ], [ -73.74305, 40.75479 ], [ -73.74283, 40.75493 ], [ -73.74257, 40.75508 ], [ -73.74236, 40.75521 ], [ -73.74222, 40.75529 ], [ -73.742, 40.75544 ], [ -73.74186, 40.75553 ], [ -73.74175, 40.7556 ], [ -73.74168, 40.75566 ], [ -73.74168, 40.75565 ], [ -73.74167, 40.75566 ], [ -73.74166, 40.75567 ], [ -73.74165, 40.75568 ] ] ], [ [ [ -73.74237, 40.75571 ], [ -73.74212, 40.75582 ], [ -73.74214, 40.75585 ], [ -73.74219, 40.75582 ], [ -73.7423, 40.75579 ], [ -73.74241, 40.75575 ], [ -73.74252, 40.75572 ], [ -73.74264, 40.7557 ], [ -73.74264, 40.7557 ], [ -73.74266, 40.7557 ], [ -73.74277, 40.75568 ], [ -73.74293, 40.75568 ], [ -73.74295, 40.75568 ], [ -73.74312, 40.75568 ], [ -73.74329, 40.75568 ], [ -73.74346, 40.75569 ], [ -73.74363, 40.7557 ], [ -73.7438, 40.75572 ], [ -73.74397, 40.75575 ], [ -73.74399, 40.75569 ], [ -73.74363, 40.75563 ], [ -73.74364, 40.75561 ], [ -73.74352, 40.75558 ], [ -73.74342, 40.75556 ], [ -73.74325, 40.75553 ], [ -73.74326, 40.75554 ], [ -73.74319, 40.75552 ], [ -73.74312, 40.75551 ], [ -73.74305, 40.75551 ], [ -73.74296, 40.7555 ], [ -73.74291, 40.75549 ], [ -73.74284, 40.75549 ], [ -73.74282, 40.75549 ], [ -73.74282, 40.75549 ], [ -73.74271, 40.7555 ], [ -73.74267, 40.75553 ], [ -73.74264, 40.75555 ], [ -73.74262, 40.75557 ], [ -73.74258, 40.75559 ], [ -73.74254, 40.75562 ], [ -73.74237, 40.75571 ] ] ], [ [ [ -73.74122, 40.75532 ], [ -73.7411, 40.75537 ], [ -73.74097, 40.75543 ], [ -73.74084, 40.75549 ], [ -73.74073, 40.75554 ], [ -73.74062, 40.75559 ], [ -73.7405, 40.75567 ], [ -73.74041, 40.75573 ], [ -73.74035, 40.75576 ], [ -73.7403, 40.7558 ], [ -73.74023, 40.75586 ], [ -73.74017, 40.75591 ], [ -73.7401, 40.75598 ], [ -73.74007, 40.75604 ], [ -73.74007, 40.75604 ], [ -73.7401, 40.75602 ], [ -73.74014, 40.75599 ], [ -73.74018, 40.75597 ], [ -73.7402, 40.75595 ], [ -73.74023, 40.75594 ], [ -73.74025, 40.75593 ], [ -73.7403, 40.7559 ], [ -73.74034, 40.75587 ], [ -73.74043, 40.75583 ], [ -73.74048, 40.7558 ], [ -73.7405, 40.75579 ], [ -73.74056, 40.75576 ], [ -73.74064, 40.75573 ], [ -73.74069, 40.75571 ], [ -73.74077, 40.75568 ], [ -73.74082, 40.75566 ], [ -73.74089, 40.75563 ], [ -73.7409, 40.75563 ], [ -73.74091, 40.75562 ], [ -73.74096, 40.7556 ], [ -73.74099, 40.75559 ], [ -73.74106, 40.75556 ], [ -73.74144, 40.75525 ], [ -73.74144, 40.75525 ], [ -73.74145, 40.75524 ], [ -73.74143, 40.75523 ], [ -73.74122, 40.75532 ] ] ], [ [ [ -73.74093, 40.75629 ], [ -73.74089, 40.75632 ], [ -73.74086, 40.75635 ], [ -73.74083, 40.75638 ], [ -73.74104, 40.75626 ], [ -73.74104, 40.75626 ], [ -73.74106, 40.75624 ], [ -73.74109, 40.75623 ], [ -73.74226, 40.75568 ], [ -73.74237, 40.75562 ], [ -73.74242, 40.7556 ], [ -73.74253, 40.75552 ], [ -73.74242, 40.75554 ], [ -73.74242, 40.75554 ], [ -73.7424, 40.75554 ], [ -73.74233, 40.75556 ], [ -73.74226, 40.75557 ], [ -73.74225, 40.75558 ], [ -73.74225, 40.75558 ], [ -73.74218, 40.75559 ], [ -73.74208, 40.75562 ], [ -73.74201, 40.75565 ], [ -73.74193, 40.75568 ], [ -73.74188, 40.75571 ], [ -73.7418, 40.75574 ], [ -73.74173, 40.75578 ], [ -73.74169, 40.7558 ], [ -73.74159, 40.75586 ], [ -73.74148, 40.75592 ], [ -73.74141, 40.75596 ], [ -73.74128, 40.75603 ], [ -73.74109, 40.75614 ], [ -73.74108, 40.75615 ], [ -73.74108, 40.75615 ], [ -73.74106, 40.75617 ], [ -73.74105, 40.75618 ], [ -73.74101, 40.75622 ], [ -73.74097, 40.75625 ], [ -73.74093, 40.75629 ] ] ], [ [ [ -73.74241, 40.75172 ], [ -73.74225, 40.75175 ], [ -73.74225, 40.75175 ], [ -73.74221, 40.75175 ], [ -73.74216, 40.75177 ], [ -73.7421, 40.75179 ], [ -73.74205, 40.7518 ], [ -73.74197, 40.75183 ], [ -73.74189, 40.75186 ], [ -73.74186, 40.75187 ], [ -73.74182, 40.75189 ], [ -73.74177, 40.75191 ], [ -73.74173, 40.75193 ], [ -73.74172, 40.75194 ], [ -73.74167, 40.75197 ], [ -73.74164, 40.75201 ], [ -73.74161, 40.75204 ], [ -73.74158, 40.75207 ], [ -73.74155, 40.75211 ], [ -73.74152, 40.75216 ], [ -73.74149, 40.75222 ], [ -73.74149, 40.75227 ], [ -73.74149, 40.75229 ], [ -73.74172, 40.75278 ], [ -73.7419, 40.75318 ], [ -73.74194, 40.75329 ], [ -73.74196, 40.7534 ], [ -73.74197, 40.75354 ], [ -73.74196, 40.75366 ], [ -73.74195, 40.75371 ], [ -73.74185, 40.75395 ], [ -73.74141, 40.75464 ], [ -73.74135, 40.75469 ], [ -73.74127, 40.75477 ], [ -73.74128, 40.75477 ], [ -73.74121, 40.75484 ], [ -73.74105, 40.75495 ], [ -73.74076, 40.7551 ], [ -73.74061, 40.75518 ], [ -73.74044, 40.75525 ], [ -73.74032, 40.7553 ], [ -73.74017, 40.75535 ], [ -73.74001, 40.75542 ], [ -73.73988, 40.75549 ], [ -73.73976, 40.75556 ], [ -73.73964, 40.75566 ], [ -73.73961, 40.75568 ], [ -73.7395, 40.7558 ], [ -73.73938, 40.75597 ], [ -73.73931, 40.75614 ], [ -73.73928, 40.75628 ], [ -73.73927, 40.75636 ], [ -73.73929, 40.7564 ], [ -73.73932, 40.75641 ], [ -73.73947, 40.7564 ], [ -73.73975, 40.75623 ], [ -73.74001, 40.75596 ], [ -73.74008, 40.75588 ], [ -73.74016, 40.7558 ], [ -73.74024, 40.75573 ], [ -73.74033, 40.75566 ], [ -73.74042, 40.7556 ], [ -73.74052, 40.75554 ], [ -73.74062, 40.75548 ], [ -73.74073, 40.75544 ], [ -73.74084, 40.75539 ], [ -73.74108, 40.75529 ], [ -73.74127, 40.75521 ], [ -73.74145, 40.75513 ], [ -73.74166, 40.75503 ], [ -73.74185, 40.75492 ], [ -73.742, 40.75482 ], [ -73.74217, 40.75471 ], [ -73.74254, 40.75447 ], [ -73.74269, 40.75438 ], [ -73.74277, 40.7543 ], [ -73.74283, 40.75425 ], [ -73.74294, 40.75412 ], [ -73.74301, 40.75405 ], [ -73.74305, 40.75398 ], [ -73.7431, 40.75388 ], [ -73.74318, 40.75372 ], [ -73.74323, 40.75359 ], [ -73.74327, 40.75343 ], [ -73.7433, 40.7533 ], [ -73.74333, 40.75321 ], [ -73.74333, 40.75306 ], [ -73.74332, 40.75297 ], [ -73.7433, 40.75286 ], [ -73.74329, 40.75281 ], [ -73.74329, 40.75281 ], [ -73.74328, 40.75276 ], [ -73.74326, 40.75271 ], [ -73.7432, 40.75258 ], [ -73.74309, 40.75241 ], [ -73.74298, 40.75223 ], [ -73.74283, 40.752 ], [ -73.74278, 40.75195 ], [ -73.74278, 40.75195 ], [ -73.74271, 40.75186 ], [ -73.74269, 40.75183 ], [ -73.74258, 40.75171 ], [ -73.7425, 40.75171 ], [ -73.74241, 40.75172 ] ] ], [ [ [ -73.74363, 40.75549 ], [ -73.74419, 40.75563 ], [ -73.74419, 40.75563 ], [ -73.74422, 40.75563 ], [ -73.7444, 40.75568 ], [ -73.74462, 40.75575 ], [ -73.74476, 40.75579 ], [ -73.74493, 40.75585 ], [ -73.7451, 40.7559 ], [ -73.74525, 40.75596 ], [ -73.74543, 40.75603 ], [ -73.74562, 40.7561 ], [ -73.7458, 40.75617 ], [ -73.74599, 40.75625 ], [ -73.74616, 40.75634 ], [ -73.74633, 40.75643 ], [ -73.7465, 40.75653 ], [ -73.74666, 40.75663 ], [ -73.74676, 40.75665 ], [ -73.74512, 40.7548 ], [ -73.74511, 40.75482 ], [ -73.7451, 40.75483 ], [ -73.74509, 40.75485 ], [ -73.74505, 40.7549 ], [ -73.74503, 40.75493 ], [ -73.74501, 40.75497 ], [ -73.74498, 40.755 ], [ -73.74495, 40.75504 ], [ -73.7449, 40.75508 ], [ -73.74488, 40.7551 ], [ -73.74483, 40.75514 ], [ -73.74473, 40.75521 ], [ -73.74469, 40.75524 ], [ -73.74462, 40.75529 ], [ -73.74457, 40.75532 ], [ -73.74448, 40.75537 ], [ -73.74439, 40.7554 ], [ -73.74432, 40.75543 ], [ -73.74426, 40.75544 ], [ -73.74419, 40.75546 ], [ -73.74413, 40.75547 ], [ -73.74405, 40.75548 ], [ -73.74398, 40.75549 ], [ -73.74395, 40.75549 ], [ -73.74392, 40.75549 ], [ -73.74393, 40.75549 ], [ -73.74391, 40.75549 ], [ -73.7438, 40.75549 ], [ -73.74369, 40.75549 ], [ -73.74364, 40.75549 ], [ -73.74363, 40.75549 ] ] ], [ [ [ -73.7569, 40.75961 ], [ -73.75691, 40.75961 ], [ -73.75694, 40.75966 ], [ -73.75698, 40.7597 ], [ -73.75703, 40.75974 ], [ -73.75709, 40.75978 ], [ -73.7581, 40.76031 ], [ -73.75876, 40.76015 ], [ -73.75989, 40.75991 ], [ -73.75983, 40.75967 ], [ -73.75971, 40.75926 ], [ -73.75985, 40.7592 ], [ -73.76002, 40.7592 ], [ -73.76029, 40.75921 ], [ -73.76066, 40.75922 ], [ -73.76101, 40.75923 ], [ -73.76106, 40.75913 ], [ -73.76115, 40.75943 ], [ -73.76121, 40.75963 ], [ -73.7619, 40.75948 ], [ -73.7622, 40.75942 ], [ -73.76222, 40.75942 ], [ -73.76222, 40.75941 ], [ -73.76208, 40.75893 ], [ -73.76208, 40.75893 ], [ -73.76185, 40.75814 ], [ -73.76184, 40.75808 ], [ -73.76177, 40.75785 ], [ -73.76177, 40.75785 ], [ -73.76175, 40.75777 ], [ -73.76174, 40.75776 ], [ -73.76159, 40.75723 ], [ -73.76173, 40.75636 ], [ -73.76174, 40.75632 ], [ -73.76177, 40.75614 ], [ -73.76179, 40.75601 ], [ -73.7618, 40.75597 ], [ -73.7618, 40.75595 ], [ -73.7618, 40.75595 ], [ -73.7618, 40.75594 ], [ -73.7618, 40.75586 ], [ -73.76178, 40.75578 ], [ -73.76176, 40.75572 ], [ -73.76174, 40.75567 ], [ -73.76173, 40.75564 ], [ -73.7617, 40.75559 ], [ -73.76167, 40.75555 ], [ -73.76163, 40.7555 ], [ -73.76159, 40.75546 ], [ -73.76154, 40.75541 ], [ -73.7615, 40.75538 ], [ -73.76142, 40.75531 ], [ -73.76131, 40.75523 ], [ -73.76131, 40.75522 ], [ -73.7613, 40.75522 ], [ -73.76124, 40.75518 ], [ -73.76114, 40.75511 ], [ -73.76107, 40.75505 ], [ -73.761, 40.755 ], [ -73.76095, 40.75495 ], [ -73.76091, 40.75491 ], [ -73.76087, 40.75487 ], [ -73.76082, 40.75481 ], [ -73.76078, 40.75477 ], [ -73.76073, 40.75469 ], [ -73.76069, 40.75461 ], [ -73.76067, 40.75456 ], [ -73.76066, 40.75453 ], [ -73.76064, 40.7545 ], [ -73.76062, 40.75445 ], [ -73.76062, 40.75445 ], [ -73.76062, 40.75445 ], [ -73.76062, 40.75445 ], [ -73.76046, 40.7541 ], [ -73.7601, 40.75419 ], [ -73.76006, 40.7542 ], [ -73.75969, 40.75429 ], [ -73.75952, 40.75389 ], [ -73.75918, 40.75313 ], [ -73.75918, 40.75313 ], [ -73.75918, 40.75312 ], [ -73.75991, 40.75294 ], [ -73.75991, 40.75293 ], [ -73.75988, 40.7529 ], [ -73.75986, 40.75287 ], [ -73.75983, 40.75284 ], [ -73.7598, 40.75281 ], [ -73.75978, 40.75278 ], [ -73.75975, 40.75275 ], [ -73.75971, 40.75272 ], [ -73.75968, 40.7527 ], [ -73.75965, 40.75267 ], [ -73.75961, 40.75264 ], [ -73.75959, 40.75263 ], [ -73.75955, 40.75261 ], [ -73.75954, 40.7526 ], [ -73.75951, 40.75264 ], [ -73.75947, 40.75269 ], [ -73.75943, 40.75274 ], [ -73.75938, 40.7528 ], [ -73.75934, 40.75285 ], [ -73.75929, 40.7529 ], [ -73.75924, 40.75295 ], [ -73.75919, 40.753 ], [ -73.75913, 40.75305 ], [ -73.75907, 40.75309 ], [ -73.75901, 40.75314 ], [ -73.75895, 40.75319 ], [ -73.75888, 40.75323 ], [ -73.75881, 40.75327 ], [ -73.75867, 40.75335 ], [ -73.75854, 40.75341 ], [ -73.75851, 40.75343 ], [ -73.75851, 40.75343 ], [ -73.75851, 40.75343 ], [ -73.75825, 40.75353 ], [ -73.75829, 40.75361 ], [ -73.7583, 40.75362 ], [ -73.75831, 40.75364 ], [ -73.75834, 40.75368 ], [ -73.75836, 40.75372 ], [ -73.75838, 40.75376 ], [ -73.75839, 40.75378 ], [ -73.75842, 40.75385 ], [ -73.75844, 40.75391 ], [ -73.75845, 40.75395 ], [ -73.75847, 40.75401 ], [ -73.75849, 40.75408 ], [ -73.75852, 40.75414 ], [ -73.75854, 40.75418 ], [ -73.75856, 40.75421 ], [ -73.75858, 40.75425 ], [ -73.7586, 40.75429 ], [ -73.75862, 40.75432 ], [ -73.75864, 40.75434 ], [ -73.75865, 40.75435 ], [ -73.75866, 40.75437 ], [ -73.75867, 40.75438 ], [ -73.75905, 40.75488 ], [ -73.75913, 40.75498 ], [ -73.7592, 40.75506 ], [ -73.75926, 40.75514 ], [ -73.7593, 40.75519 ], [ -73.75939, 40.75529 ], [ -73.7595, 40.75541 ], [ -73.7596, 40.75552 ], [ -73.75991, 40.75585 ], [ -73.75999, 40.75594 ], [ -73.76014, 40.75609 ], [ -73.76014, 40.7561 ], [ -73.76016, 40.75611 ], [ -73.76022, 40.75619 ], [ -73.76026, 40.75627 ], [ -73.7603, 40.75635 ], [ -73.76033, 40.75645 ], [ -73.76034, 40.75657 ], [ -73.76033, 40.75669 ], [ -73.7603, 40.75678 ], [ -73.76026, 40.75689 ], [ -73.7602, 40.75699 ], [ -73.76012, 40.75708 ], [ -73.76008, 40.75712 ], [ -73.76003, 40.75716 ], [ -73.75997, 40.75721 ], [ -73.7599, 40.75725 ], [ -73.75985, 40.75728 ], [ -73.7598, 40.7573 ], [ -73.75976, 40.75732 ], [ -73.75973, 40.75734 ], [ -73.75967, 40.75736 ], [ -73.75961, 40.75738 ], [ -73.75955, 40.75739 ], [ -73.7595, 40.7574 ], [ -73.75945, 40.75741 ], [ -73.75941, 40.75742 ], [ -73.75936, 40.75742 ], [ -73.75931, 40.75743 ], [ -73.75874, 40.75746 ], [ -73.75875, 40.75765 ], [ -73.7578, 40.75838 ], [ -73.75641, 40.75849 ], [ -73.7569, 40.75961 ] ] ], [ [ [ -73.754, 40.76042 ], [ -73.75403, 40.76043 ], [ -73.75403, 40.76043 ], [ -73.75404, 40.76043 ], [ -73.75406, 40.76044 ], [ -73.75409, 40.76045 ], [ -73.75415, 40.76046 ], [ -73.75446, 40.76056 ], [ -73.75468, 40.76062 ], [ -73.75477, 40.76065 ], [ -73.75488, 40.76068 ], [ -73.7549, 40.76069 ], [ -73.75491, 40.76069 ], [ -73.75492, 40.76069 ], [ -73.75502, 40.76071 ], [ -73.75524, 40.76075 ], [ -73.75546, 40.76078 ], [ -73.75568, 40.76081 ], [ -73.7559, 40.76083 ], [ -73.75612, 40.76084 ], [ -73.75634, 40.76085 ], [ -73.75791, 40.76052 ], [ -73.7579, 40.76051 ], [ -73.7579, 40.7605 ], [ -73.7579, 40.76049 ], [ -73.75789, 40.76048 ], [ -73.75789, 40.76047 ], [ -73.75788, 40.76046 ], [ -73.75788, 40.76046 ], [ -73.75787, 40.76045 ], [ -73.75786, 40.76044 ], [ -73.75786, 40.76043 ], [ -73.75786, 40.76043 ], [ -73.75785, 40.76043 ], [ -73.75785, 40.76042 ], [ -73.75785, 40.76042 ], [ -73.75785, 40.76042 ], [ -73.75784, 40.76041 ], [ -73.75784, 40.76041 ], [ -73.75784, 40.76041 ], [ -73.75784, 40.76041 ], [ -73.75784, 40.76041 ], [ -73.75783, 40.7604 ], [ -73.75782, 40.76039 ], [ -73.75782, 40.76039 ], [ -73.75781, 40.76038 ], [ -73.7578, 40.76037 ], [ -73.75779, 40.76037 ], [ -73.75778, 40.76037 ], [ -73.75778, 40.76036 ], [ -73.75776, 40.76035 ], [ -73.75749, 40.76022 ], [ -73.75747, 40.76021 ], [ -73.75744, 40.7602 ], [ -73.7574, 40.76018 ], [ -73.75737, 40.76016 ], [ -73.75735, 40.76015 ], [ -73.75733, 40.76014 ], [ -73.75731, 40.76013 ], [ -73.75728, 40.76012 ], [ -73.75727, 40.76011 ], [ -73.75726, 40.76011 ], [ -73.75723, 40.76009 ], [ -73.75719, 40.76008 ], [ -73.75717, 40.76006 ], [ -73.75714, 40.76005 ], [ -73.75711, 40.76003 ], [ -73.75709, 40.76003 ], [ -73.75707, 40.76002 ], [ -73.75703, 40.76 ], [ -73.75703, 40.75999 ], [ -73.75702, 40.75999 ], [ -73.75702, 40.75999 ], [ -73.75699, 40.75998 ], [ -73.75698, 40.75997 ], [ -73.75697, 40.75997 ], [ -73.75696, 40.75996 ], [ -73.75695, 40.75995 ], [ -73.75694, 40.75995 ], [ -73.75694, 40.75995 ], [ -73.75693, 40.75994 ], [ -73.75692, 40.75994 ], [ -73.7569, 40.75992 ], [ -73.75689, 40.75992 ], [ -73.75688, 40.75991 ], [ -73.75687, 40.7599 ], [ -73.75687, 40.7599 ], [ -73.75686, 40.75989 ], [ -73.75685, 40.75989 ], [ -73.75684, 40.75988 ], [ -73.75683, 40.75988 ], [ -73.75683, 40.75987 ], [ -73.75682, 40.75986 ], [ -73.75681, 40.75986 ], [ -73.7568, 40.75985 ], [ -73.7568, 40.75985 ], [ -73.7568, 40.75985 ], [ -73.75679, 40.75984 ], [ -73.75678, 40.75983 ], [ -73.75678, 40.75983 ], [ -73.75677, 40.75982 ], [ -73.75676, 40.75981 ], [ -73.75675, 40.75981 ], [ -73.75675, 40.7598 ], [ -73.75674, 40.7598 ], [ -73.75674, 40.75979 ], [ -73.75674, 40.75979 ], [ -73.75671, 40.75976 ], [ -73.7567, 40.75975 ], [ -73.75668, 40.75972 ], [ -73.75666, 40.7597 ], [ -73.75665, 40.75968 ], [ -73.75664, 40.75967 ], [ -73.75664, 40.75966 ], [ -73.75663, 40.75965 ], [ -73.75662, 40.75963 ], [ -73.75661, 40.75962 ], [ -73.75661, 40.75961 ], [ -73.75661, 40.75961 ], [ -73.7566, 40.7596 ], [ -73.7566, 40.75959 ], [ -73.75659, 40.75957 ], [ -73.75659, 40.75956 ], [ -73.75658, 40.75955 ], [ -73.75658, 40.75954 ], [ -73.75657, 40.75953 ], [ -73.75656, 40.7595 ], [ -73.75656, 40.7595 ], [ -73.75656, 40.75949 ], [ -73.75656, 40.75949 ], [ -73.75651, 40.75938 ], [ -73.75651, 40.75939 ], [ -73.75639, 40.75911 ], [ -73.75639, 40.75911 ], [ -73.75639, 40.75909 ], [ -73.75636, 40.75902 ], [ -73.75632, 40.75893 ], [ -73.75623, 40.75872 ], [ -73.75622, 40.75871 ], [ -73.75619, 40.75864 ], [ -73.75618, 40.75861 ], [ -73.75618, 40.75861 ], [ -73.75618, 40.7586 ], [ -73.75617, 40.75859 ], [ -73.75616, 40.75857 ], [ -73.75615, 40.75854 ], [ -73.75614, 40.75852 ], [ -73.75614, 40.75852 ], [ -73.75614, 40.75851 ], [ -73.75614, 40.7585 ], [ -73.75613, 40.7585 ], [ -73.75613, 40.75849 ], [ -73.75613, 40.75848 ], [ -73.75612, 40.75848 ], [ -73.75612, 40.75847 ], [ -73.75612, 40.75846 ], [ -73.75611, 40.75846 ], [ -73.75611, 40.75845 ], [ -73.7561, 40.75844 ], [ -73.7561, 40.75844 ], [ -73.75609, 40.75843 ], [ -73.75608, 40.75842 ], [ -73.75608, 40.75841 ], [ -73.75607, 40.75841 ], [ -73.75607, 40.75841 ], [ -73.75606, 40.7584 ], [ -73.75606, 40.7584 ], [ -73.75605, 40.75839 ], [ -73.75604, 40.75839 ], [ -73.75604, 40.75838 ], [ -73.75603, 40.75838 ], [ -73.75603, 40.75838 ], [ -73.75602, 40.75837 ], [ -73.75601, 40.75837 ], [ -73.756, 40.75836 ], [ -73.756, 40.75836 ], [ -73.75599, 40.75836 ], [ -73.75598, 40.75836 ], [ -73.75596, 40.75835 ], [ -73.75595, 40.75835 ], [ -73.75594, 40.75834 ], [ -73.75593, 40.75834 ], [ -73.75592, 40.75834 ], [ -73.75591, 40.75834 ], [ -73.75591, 40.75833 ], [ -73.7559, 40.75833 ], [ -73.7559, 40.75833 ], [ -73.75588, 40.75833 ], [ -73.75588, 40.75833 ], [ -73.75586, 40.75833 ], [ -73.75585, 40.75833 ], [ -73.75584, 40.75833 ], [ -73.75583, 40.75833 ], [ -73.75583, 40.75833 ], [ -73.75583, 40.75833 ], [ -73.75582, 40.75833 ], [ -73.75581, 40.75833 ], [ -73.7558, 40.75833 ], [ -73.75579, 40.75833 ], [ -73.75578, 40.75833 ], [ -73.75577, 40.75833 ], [ -73.75577, 40.75834 ], [ -73.75576, 40.75834 ], [ -73.75574, 40.75834 ], [ -73.75571, 40.75835 ], [ -73.7557, 40.75836 ], [ -73.75569, 40.75836 ], [ -73.75568, 40.75836 ], [ -73.75566, 40.75837 ], [ -73.75564, 40.75838 ], [ -73.75563, 40.75839 ], [ -73.75563, 40.75839 ], [ -73.7556, 40.75841 ], [ -73.75558, 40.75842 ], [ -73.75556, 40.75843 ], [ -73.75556, 40.75843 ], [ -73.75554, 40.75845 ], [ -73.75553, 40.75846 ], [ -73.75552, 40.75846 ], [ -73.7555, 40.75847 ], [ -73.7555, 40.75847 ], [ -73.75547, 40.75849 ], [ -73.75545, 40.7585 ], [ -73.75545, 40.7585 ], [ -73.75543, 40.75851 ], [ -73.75539, 40.75852 ], [ -73.75538, 40.75853 ], [ -73.75537, 40.75853 ], [ -73.75533, 40.75855 ], [ -73.75533, 40.75855 ], [ -73.75531, 40.75855 ], [ -73.7553, 40.75856 ], [ -73.75529, 40.75856 ], [ -73.75528, 40.75856 ], [ -73.75526, 40.75857 ], [ -73.75525, 40.75857 ], [ -73.75524, 40.75857 ], [ -73.75523, 40.75858 ], [ -73.75522, 40.75858 ], [ -73.75519, 40.75859 ], [ -73.75517, 40.75859 ], [ -73.75515, 40.75859 ], [ -73.75513, 40.7586 ], [ -73.75509, 40.7586 ], [ -73.75507, 40.7586 ], [ -73.75503, 40.75861 ], [ -73.75497, 40.75861 ], [ -73.75495, 40.75861 ], [ -73.75493, 40.75861 ], [ -73.75492, 40.75861 ], [ -73.7549, 40.75861 ], [ -73.75488, 40.75861 ], [ -73.75485, 40.75862 ], [ -73.75484, 40.75862 ], [ -73.75483, 40.75862 ], [ -73.75481, 40.75862 ], [ -73.75478, 40.75862 ], [ -73.75472, 40.75862 ], [ -73.75464, 40.75863 ], [ -73.75461, 40.75863 ], [ -73.75452, 40.75863 ], [ -73.75444, 40.75863 ], [ -73.75439, 40.75864 ], [ -73.75431, 40.75864 ], [ -73.75424, 40.75864 ], [ -73.75417, 40.75864 ], [ -73.7541, 40.75864 ], [ -73.75404, 40.75863 ], [ -73.754, 40.75863 ], [ -73.75394, 40.75862 ], [ -73.75389, 40.75861 ], [ -73.75381, 40.7586 ], [ -73.75371, 40.75857 ], [ -73.75367, 40.75856 ], [ -73.75363, 40.75855 ], [ -73.7536, 40.75854 ], [ -73.75357, 40.75853 ], [ -73.75352, 40.75852 ], [ -73.75349, 40.7585 ], [ -73.75346, 40.75849 ], [ -73.75344, 40.75849 ], [ -73.75341, 40.75848 ], [ -73.75338, 40.75848 ], [ -73.75334, 40.75848 ], [ -73.7533, 40.75849 ], [ -73.75327, 40.7585 ], [ -73.75324, 40.75851 ], [ -73.75322, 40.75852 ], [ -73.75322, 40.75852 ], [ -73.75321, 40.75852 ], [ -73.75321, 40.75852 ], [ -73.75321, 40.75852 ], [ -73.75321, 40.75852 ], [ -73.7532, 40.75853 ], [ -73.7532, 40.75853 ], [ -73.75319, 40.75853 ], [ -73.75319, 40.75854 ], [ -73.75318, 40.75854 ], [ -73.75318, 40.75854 ], [ -73.75317, 40.75854 ], [ -73.75317, 40.75855 ], [ -73.75317, 40.75855 ], [ -73.75316, 40.75855 ], [ -73.75316, 40.75856 ], [ -73.75316, 40.75856 ], [ -73.75316, 40.75856 ], [ -73.75315, 40.75856 ], [ -73.75315, 40.75856 ], [ -73.75315, 40.75857 ], [ -73.75314, 40.75857 ], [ -73.75314, 40.75857 ], [ -73.75314, 40.75858 ], [ -73.75314, 40.75858 ], [ -73.75313, 40.75859 ], [ -73.75313, 40.75859 ], [ -73.75313, 40.75859 ], [ -73.75312, 40.7586 ], [ -73.75312, 40.7586 ], [ -73.75312, 40.7586 ], [ -73.75312, 40.75861 ], [ -73.75258, 40.75939 ], [ -73.75255, 40.75944 ], [ -73.75252, 40.75947 ], [ -73.7525, 40.75949 ], [ -73.75246, 40.75952 ], [ -73.75242, 40.75953 ], [ -73.75239, 40.75955 ], [ -73.75234, 40.75956 ], [ -73.75228, 40.75957 ], [ -73.75222, 40.75958 ], [ -73.75219, 40.75958 ], [ -73.75216, 40.75957 ], [ -73.7521, 40.75956 ], [ -73.75206, 40.75955 ], [ -73.75198, 40.75952 ], [ -73.75197, 40.75952 ], [ -73.75197, 40.75952 ], [ -73.75164, 40.75939 ], [ -73.75137, 40.75929 ], [ -73.75118, 40.75922 ], [ -73.75116, 40.75921 ], [ -73.75097, 40.75914 ], [ -73.75097, 40.75914 ], [ -73.75095, 40.75914 ], [ -73.75047, 40.75811 ], [ -73.75045, 40.75806 ], [ -73.75013, 40.75819 ], [ -73.75004, 40.75808 ], [ -73.74994, 40.75797 ], [ -73.74985, 40.75786 ], [ -73.74971, 40.75769 ], [ -73.74969, 40.75767 ], [ -73.74956, 40.75752 ], [ -73.74939, 40.75732 ], [ -73.74845, 40.75621 ], [ -73.74822, 40.75594 ], [ -73.74821, 40.75592 ], [ -73.74815, 40.75585 ], [ -73.74805, 40.75573 ], [ -73.74795, 40.75561 ], [ -73.74789, 40.75554 ], [ -73.74788, 40.75553 ], [ -73.74784, 40.75544 ], [ -73.7478, 40.75533 ], [ -73.74777, 40.75528 ], [ -73.74775, 40.75523 ], [ -73.74771, 40.75512 ], [ -73.7477, 40.75509 ], [ -73.74769, 40.75508 ], [ -73.74769, 40.75507 ], [ -73.74744, 40.75447 ], [ -73.7473, 40.75417 ], [ -73.74769, 40.75409 ], [ -73.74768, 40.75407 ], [ -73.74769, 40.75407 ], [ -73.74766, 40.754 ], [ -73.74725, 40.75301 ], [ -73.74717, 40.75281 ], [ -73.74707, 40.75256 ], [ -73.74706, 40.75255 ], [ -73.74706, 40.75253 ], [ -73.74705, 40.75252 ], [ -73.74703, 40.7525 ], [ -73.74702, 40.75249 ], [ -73.74701, 40.75248 ], [ -73.74698, 40.75247 ], [ -73.74696, 40.75246 ], [ -73.74694, 40.75246 ], [ -73.74693, 40.75246 ], [ -73.74693, 40.75246 ], [ -73.74692, 40.75246 ], [ -73.7469, 40.75246 ], [ -73.74689, 40.75246 ], [ -73.74687, 40.75246 ], [ -73.74684, 40.75246 ], [ -73.74681, 40.75247 ], [ -73.74679, 40.75248 ], [ -73.74678, 40.75249 ], [ -73.74677, 40.75249 ], [ -73.74674, 40.75251 ], [ -73.74674, 40.75251 ], [ -73.7467, 40.75254 ], [ -73.74656, 40.75262 ], [ -73.7464, 40.75272 ], [ -73.74618, 40.75287 ], [ -73.74594, 40.75302 ], [ -73.7457, 40.75317 ], [ -73.74547, 40.75332 ], [ -73.74525, 40.75346 ], [ -73.74501, 40.75361 ], [ -73.74501, 40.75363 ], [ -73.7452, 40.75399 ], [ -73.74525, 40.75415 ], [ -73.74532, 40.7543 ], [ -73.74539, 40.75445 ], [ -73.74546, 40.7546 ], [ -73.74555, 40.75475 ], [ -73.74564, 40.7549 ], [ -73.74569, 40.75501 ], [ -73.74603, 40.75541 ], [ -73.74653, 40.75599 ], [ -73.74662, 40.7561 ], [ -73.74677, 40.75627 ], [ -73.74715, 40.75668 ], [ -73.74729, 40.75683 ], [ -73.74785, 40.75741 ], [ -73.74811, 40.75766 ], [ -73.74835, 40.75788 ], [ -73.74838, 40.7579 ], [ -73.74839, 40.75792 ], [ -73.74842, 40.75794 ], [ -73.74855, 40.75806 ], [ -73.7487, 40.75818 ], [ -73.74888, 40.75831 ], [ -73.74898, 40.75839 ], [ -73.74898, 40.75839 ], [ -73.74908, 40.75846 ], [ -73.74943, 40.75869 ], [ -73.74987, 40.75896 ], [ -73.75026, 40.75916 ], [ -73.7503, 40.75919 ], [ -73.75066, 40.75936 ], [ -73.75106, 40.75952 ], [ -73.75108, 40.75953 ], [ -73.75136, 40.75963 ], [ -73.75141, 40.75965 ], [ -73.75185, 40.7598 ], [ -73.75213, 40.75989 ], [ -73.75218, 40.75991 ], [ -73.75224, 40.75993 ], [ -73.75231, 40.75995 ], [ -73.75238, 40.75997 ], [ -73.75244, 40.75999 ], [ -73.75251, 40.76001 ], [ -73.75257, 40.76003 ], [ -73.75264, 40.76005 ], [ -73.75271, 40.76007 ], [ -73.75277, 40.76009 ], [ -73.75284, 40.76011 ], [ -73.75291, 40.76013 ], [ -73.75297, 40.76015 ], [ -73.75304, 40.76017 ], [ -73.75311, 40.76019 ], [ -73.75317, 40.76021 ], [ -73.75324, 40.76023 ], [ -73.75331, 40.76025 ], [ -73.75338, 40.76026 ], [ -73.75344, 40.76028 ], [ -73.75351, 40.7603 ], [ -73.75358, 40.76031 ], [ -73.75362, 40.76032 ], [ -73.75365, 40.76033 ], [ -73.75372, 40.76035 ], [ -73.75374, 40.76035 ], [ -73.75374, 40.76035 ], [ -73.75376, 40.76036 ], [ -73.75376, 40.76036 ], [ -73.75378, 40.76036 ], [ -73.75385, 40.76038 ], [ -73.75391, 40.7604 ], [ -73.75397, 40.76041 ], [ -73.754, 40.76042 ] ] ], [ [ [ -73.75452, 40.76064 ], [ -73.75454, 40.76065 ], [ -73.75458, 40.76067 ], [ -73.75464, 40.76069 ], [ -73.75469, 40.76071 ], [ -73.75475, 40.76074 ], [ -73.75479, 40.76075 ], [ -73.75482, 40.76077 ], [ -73.75507, 40.76088 ], [ -73.7551, 40.7609 ], [ -73.75516, 40.76092 ], [ -73.75535, 40.76101 ], [ -73.75542, 40.76104 ], [ -73.75611, 40.7609 ], [ -73.75611, 40.7609 ], [ -73.7561, 40.7609 ], [ -73.75604, 40.7609 ], [ -73.75597, 40.76089 ], [ -73.75593, 40.76089 ], [ -73.75589, 40.76089 ], [ -73.75586, 40.76089 ], [ -73.75582, 40.76088 ], [ -73.75575, 40.76088 ], [ -73.75563, 40.76087 ], [ -73.75551, 40.76086 ], [ -73.75539, 40.76084 ], [ -73.75536, 40.76084 ], [ -73.75528, 40.76082 ], [ -73.75516, 40.7608 ], [ -73.75504, 40.76078 ], [ -73.75499, 40.76076 ], [ -73.75493, 40.76075 ], [ -73.75487, 40.76073 ], [ -73.75481, 40.76072 ], [ -73.75475, 40.7607 ], [ -73.7547, 40.76069 ], [ -73.75465, 40.76067 ], [ -73.75459, 40.76065 ], [ -73.75454, 40.76063 ], [ -73.75452, 40.76064 ] ] ], [ [ [ -73.74731, 40.76402 ], [ -73.74761, 40.76386 ], [ -73.74779, 40.76377 ], [ -73.7479, 40.7639 ], [ -73.7482, 40.76375 ], [ -73.74824, 40.76379 ], [ -73.74841, 40.76371 ], [ -73.74844, 40.76369 ], [ -73.74826, 40.76349 ], [ -73.7483, 40.76347 ], [ -73.7483, 40.76347 ], [ -73.7483, 40.76346 ], [ -73.74831, 40.76346 ], [ -73.74832, 40.76345 ], [ -73.74835, 40.76344 ], [ -73.74836, 40.76344 ], [ -73.74836, 40.76343 ], [ -73.74837, 40.76343 ], [ -73.74838, 40.76342 ], [ -73.74839, 40.76341 ], [ -73.7484, 40.76341 ], [ -73.74841, 40.7634 ], [ -73.74842, 40.7634 ], [ -73.74844, 40.76339 ], [ -73.74844, 40.76339 ], [ -73.74845, 40.76338 ], [ -73.74854, 40.76334 ], [ -73.74861, 40.76331 ], [ -73.7487, 40.76326 ], [ -73.74884, 40.76318 ], [ -73.74894, 40.76313 ], [ -73.74898, 40.76311 ], [ -73.74905, 40.76307 ], [ -73.74905, 40.76307 ], [ -73.74925, 40.76297 ], [ -73.74986, 40.76365 ], [ -73.75001, 40.76361 ], [ -73.75033, 40.76354 ], [ -73.75032, 40.76354 ], [ -73.7524, 40.76305 ], [ -73.75238, 40.76305 ], [ -73.75282, 40.76295 ], [ -73.75313, 40.76287 ], [ -73.75342, 40.76281 ], [ -73.7543, 40.76261 ], [ -73.75449, 40.76257 ], [ -73.75483, 40.76249 ], [ -73.75483, 40.76249 ], [ -73.75451, 40.76138 ], [ -73.75451, 40.76138 ], [ -73.75451, 40.76137 ], [ -73.75447, 40.76124 ], [ -73.75481, 40.76117 ], [ -73.75489, 40.76115 ], [ -73.75489, 40.76115 ], [ -73.75477, 40.76107 ], [ -73.75465, 40.76099 ], [ -73.75453, 40.76091 ], [ -73.75439, 40.76084 ], [ -73.75426, 40.76078 ], [ -73.75411, 40.76072 ], [ -73.75379, 40.76062 ], [ -73.75347, 40.76051 ], [ -73.75264, 40.76028 ], [ -73.75262, 40.76027 ], [ -73.75256, 40.76025 ], [ -73.7525, 40.76023 ], [ -73.75244, 40.76021 ], [ -73.75237, 40.7602 ], [ -73.75236, 40.76019 ], [ -73.75231, 40.76018 ], [ -73.75224, 40.76016 ], [ -73.75218, 40.76014 ], [ -73.75212, 40.76012 ], [ -73.75205, 40.7601 ], [ -73.75199, 40.76008 ], [ -73.75193, 40.76006 ], [ -73.75167, 40.75999 ], [ -73.75156, 40.75995 ], [ -73.75156, 40.75995 ], [ -73.75156, 40.75995 ], [ -73.75142, 40.75991 ], [ -73.75123, 40.75984 ], [ -73.75118, 40.75982 ], [ -73.75093, 40.75972 ], [ -73.75068, 40.75962 ], [ -73.75043, 40.75951 ], [ -73.75019, 40.75939 ], [ -73.74995, 40.75927 ], [ -73.74987, 40.75923 ], [ -73.74947, 40.75905 ], [ -73.74926, 40.75894 ], [ -73.74914, 40.75886 ], [ -73.74888, 40.75868 ], [ -73.74862, 40.7585 ], [ -73.74834, 40.75829 ], [ -73.74805, 40.75806 ], [ -73.7479, 40.75793 ], [ -73.7478, 40.75785 ], [ -73.74773, 40.75778 ], [ -73.74765, 40.7577 ], [ -73.74752, 40.75757 ], [ -73.74741, 40.75746 ], [ -73.7473, 40.75736 ], [ -73.74717, 40.75721 ], [ -73.74706, 40.75709 ], [ -73.74695, 40.75699 ], [ -73.74684, 40.7569 ], [ -73.74672, 40.75681 ], [ -73.7466, 40.75672 ], [ -73.74647, 40.75664 ], [ -73.74634, 40.75657 ], [ -73.74616, 40.75647 ], [ -73.74598, 40.75638 ], [ -73.74579, 40.75629 ], [ -73.7456, 40.75621 ], [ -73.7454, 40.75614 ], [ -73.74533, 40.75612 ], [ -73.74521, 40.75608 ], [ -73.74507, 40.75604 ], [ -73.74495, 40.756 ], [ -73.74482, 40.75596 ], [ -73.74466, 40.75593 ], [ -73.74451, 40.7559 ], [ -73.74441, 40.75587 ], [ -73.74428, 40.75585 ], [ -73.7442, 40.75584 ], [ -73.74415, 40.75583 ], [ -73.74415, 40.75583 ], [ -73.74411, 40.75583 ], [ -73.7441, 40.75582 ], [ -73.74403, 40.75581 ], [ -73.74403, 40.75581 ], [ -73.74402, 40.75581 ], [ -73.744, 40.75581 ], [ -73.74396, 40.75581 ], [ -73.74395, 40.7558 ], [ -73.74391, 40.7558 ], [ -73.74379, 40.75578 ], [ -73.74372, 40.75577 ], [ -73.7437, 40.75577 ], [ -73.7436, 40.75577 ], [ -73.74361, 40.75577 ], [ -73.74362, 40.75576 ], [ -73.7436, 40.75576 ], [ -73.74308, 40.75574 ], [ -73.74308, 40.75574 ], [ -73.74308, 40.75574 ], [ -73.74295, 40.75574 ], [ -73.74289, 40.75575 ], [ -73.74282, 40.75575 ], [ -73.7428, 40.75575 ], [ -73.74277, 40.75576 ], [ -73.74274, 40.75576 ], [ -73.74274, 40.75576 ], [ -73.74265, 40.75578 ], [ -73.74255, 40.75579 ], [ -73.74246, 40.75582 ], [ -73.74245, 40.75582 ], [ -73.74218, 40.7559 ], [ -73.74215, 40.75591 ], [ -73.74204, 40.75595 ], [ -73.7415, 40.75614 ], [ -73.7413, 40.75623 ], [ -73.74112, 40.75632 ], [ -73.74108, 40.75634 ], [ -73.74107, 40.7564 ], [ -73.74094, 40.75647 ], [ -73.74047, 40.75672 ], [ -73.74046, 40.75673 ], [ -73.74046, 40.75673 ], [ -73.7404, 40.75676 ], [ -73.74013, 40.75692 ], [ -73.74009, 40.75695 ], [ -73.73977, 40.7572 ], [ -73.73972, 40.75723 ], [ -73.73966, 40.75728 ], [ -73.73996, 40.75713 ], [ -73.74027, 40.75698 ], [ -73.74028, 40.75697 ], [ -73.74042, 40.75691 ], [ -73.74073, 40.75675 ], [ -73.74102, 40.75661 ], [ -73.74118, 40.75653 ], [ -73.74125, 40.75663 ], [ -73.74166, 40.7572 ], [ -73.7417, 40.75724 ], [ -73.74177, 40.75734 ], [ -73.7425, 40.75836 ], [ -73.74257, 40.75846 ], [ -73.74259, 40.75849 ], [ -73.74261, 40.75852 ], [ -73.74262, 40.75855 ], [ -73.74264, 40.75863 ], [ -73.7429, 40.75858 ], [ -73.74293, 40.75871 ], [ -73.74295, 40.7588 ], [ -73.74296, 40.75888 ], [ -73.74297, 40.75894 ], [ -73.74299, 40.759 ], [ -73.74299, 40.75904 ], [ -73.74303, 40.7591 ], [ -73.74306, 40.75913 ], [ -73.7431, 40.75916 ], [ -73.74315, 40.75921 ], [ -73.7437, 40.75968 ], [ -73.74369, 40.75968 ], [ -73.7437, 40.75969 ], [ -73.74389, 40.75985 ], [ -73.74417, 40.76009 ], [ -73.74418, 40.76019 ], [ -73.7442, 40.76032 ], [ -73.7442, 40.76032 ], [ -73.7442, 40.76035 ], [ -73.7442, 40.76036 ], [ -73.74422, 40.76038 ], [ -73.74427, 40.76043 ], [ -73.74446, 40.76065 ], [ -73.74479, 40.76102 ], [ -73.74482, 40.76105 ], [ -73.74484, 40.76126 ], [ -73.74486, 40.76146 ], [ -73.74489, 40.76165 ], [ -73.74491, 40.76184 ], [ -73.74493, 40.76203 ], [ -73.74495, 40.76215 ], [ -73.74501, 40.76225 ], [ -73.74514, 40.76247 ], [ -73.74526, 40.76268 ], [ -73.74539, 40.76289 ], [ -73.74547, 40.76303 ], [ -73.74555, 40.76317 ], [ -73.74563, 40.7633 ], [ -73.74567, 40.76337 ], [ -73.74577, 40.76354 ], [ -73.74581, 40.7636 ], [ -73.74581, 40.76359 ], [ -73.74589, 40.7637 ], [ -73.74609, 40.76395 ], [ -73.74611, 40.76398 ], [ -73.74638, 40.76385 ], [ -73.74639, 40.76384 ], [ -73.74639, 40.76384 ], [ -73.7464, 40.76384 ], [ -73.74643, 40.76382 ], [ -73.74644, 40.76381 ], [ -73.74647, 40.7638 ], [ -73.74649, 40.76379 ], [ -73.7465, 40.76378 ], [ -73.74652, 40.76377 ], [ -73.74654, 40.76377 ], [ -73.74655, 40.76376 ], [ -73.74658, 40.76376 ], [ -73.7466, 40.76375 ], [ -73.74661, 40.76375 ], [ -73.74665, 40.76376 ], [ -73.74666, 40.76376 ], [ -73.74667, 40.76376 ], [ -73.74669, 40.76377 ], [ -73.74671, 40.76377 ], [ -73.74672, 40.76378 ], [ -73.74674, 40.7638 ], [ -73.74675, 40.76381 ], [ -73.74676, 40.76383 ], [ -73.74677, 40.76384 ], [ -73.74677, 40.76386 ], [ -73.74678, 40.76388 ], [ -73.74678, 40.76389 ], [ -73.74677, 40.7639 ], [ -73.74681, 40.76394 ], [ -73.74681, 40.76394 ], [ -73.74711, 40.76379 ], [ -73.74731, 40.76402 ] ], [ [ -73.7483, 40.76346 ], [ -73.7483, 40.76346 ], [ -73.7483, 40.76346 ], [ -73.7483, 40.76346 ] ] ], [ [ [ -73.74907, 40.7673 ], [ -73.7491, 40.76735 ], [ -73.74918, 40.76749 ], [ -73.74921, 40.76754 ], [ -73.74925, 40.76759 ], [ -73.74929, 40.76763 ], [ -73.75062, 40.76661 ], [ -73.75069, 40.76656 ], [ -73.75091, 40.7664 ], [ -73.75109, 40.76628 ], [ -73.75136, 40.7661 ], [ -73.75162, 40.76595 ], [ -73.75166, 40.76597 ], [ -73.75221, 40.76567 ], [ -73.75236, 40.76558 ], [ -73.75243, 40.76554 ], [ -73.75258, 40.76545 ], [ -73.75269, 40.76539 ], [ -73.75299, 40.76522 ], [ -73.75321, 40.76513 ], [ -73.7537, 40.76496 ], [ -73.7541, 40.76481 ], [ -73.75464, 40.76464 ], [ -73.7547, 40.76463 ], [ -73.75503, 40.76453 ], [ -73.75562, 40.7644 ], [ -73.75596, 40.76433 ], [ -73.75574, 40.76374 ], [ -73.75546, 40.76301 ], [ -73.75537, 40.76276 ], [ -73.75427, 40.76302 ], [ -73.75236, 40.76347 ], [ -73.7489, 40.7642 ], [ -73.7489, 40.7642 ], [ -73.74879, 40.76422 ], [ -73.74807, 40.76437 ], [ -73.74793, 40.7644 ], [ -73.74782, 40.76443 ], [ -73.74758, 40.76448 ], [ -73.74738, 40.76453 ], [ -73.74721, 40.76458 ], [ -73.74701, 40.76464 ], [ -73.74694, 40.76466 ], [ -73.7468, 40.7647 ], [ -73.74656, 40.76478 ], [ -73.74516, 40.76527 ], [ -73.74516, 40.76527 ], [ -73.7453, 40.7655 ], [ -73.74581, 40.76532 ], [ -73.74594, 40.76559 ], [ -73.74594, 40.76559 ], [ -73.74594, 40.7656 ], [ -73.74603, 40.76579 ], [ -73.7467, 40.76634 ], [ -73.74674, 40.76658 ], [ -73.74667, 40.76666 ], [ -73.74647, 40.76689 ], [ -73.74696, 40.76717 ], [ -73.74701, 40.76718 ], [ -73.7474, 40.76673 ], [ -73.74753, 40.76685 ], [ -73.74745, 40.76695 ], [ -73.74753, 40.76699 ], [ -73.74755, 40.76697 ], [ -73.74764, 40.76701 ], [ -73.74763, 40.76703 ], [ -73.74772, 40.76708 ], [ -73.74779, 40.76699 ], [ -73.74788, 40.76703 ], [ -73.74825, 40.7671 ], [ -73.74841, 40.76713 ], [ -73.74854, 40.76719 ], [ -73.74835, 40.76736 ], [ -73.74852, 40.76753 ], [ -73.74896, 40.76726 ], [ -73.74907, 40.7673 ] ] ], [ [ [ -73.75469, 40.76967 ], [ -73.75629, 40.7714 ], [ -73.75895, 40.77 ], [ -73.75862, 40.76975 ], [ -73.75834, 40.76954 ], [ -73.75802, 40.7693 ], [ -73.75781, 40.76909 ], [ -73.75754, 40.76881 ], [ -73.75716, 40.76842 ], [ -73.75696, 40.76822 ], [ -73.75673, 40.76799 ], [ -73.75631, 40.76752 ], [ -73.75571, 40.76685 ], [ -73.75561, 40.76674 ], [ -73.75513, 40.7662 ], [ -73.75502, 40.76609 ], [ -73.75478, 40.76582 ], [ -73.75466, 40.76569 ], [ -73.75461, 40.76563 ], [ -73.7545, 40.76551 ], [ -73.75444, 40.76544 ], [ -73.75444, 40.76544 ], [ -73.75444, 40.76543 ], [ -73.75387, 40.76564 ], [ -73.75377, 40.76567 ], [ -73.75406, 40.76595 ], [ -73.75366, 40.76595 ], [ -73.75313, 40.76595 ], [ -73.75291, 40.76606 ], [ -73.75267, 40.76618 ], [ -73.7526, 40.76622 ], [ -73.75254, 40.76625 ], [ -73.7525, 40.76627 ], [ -73.75237, 40.76634 ], [ -73.75231, 40.76637 ], [ -73.75225, 40.76641 ], [ -73.75221, 40.76644 ], [ -73.75192, 40.76662 ], [ -73.75192, 40.76662 ], [ -73.75192, 40.76662 ], [ -73.75234, 40.76709 ], [ -73.75146, 40.76754 ], [ -73.75164, 40.76774 ], [ -73.7521, 40.76825 ], [ -73.75263, 40.76883 ], [ -73.75311, 40.76937 ], [ -73.75324, 40.76949 ], [ -73.75342, 40.7697 ], [ -73.75345, 40.76973 ], [ -73.75463, 40.7696 ], [ -73.75469, 40.76967 ] ] ] ] } },
{ "type": "Feature", "properties": { "park_name": "Prospect Park", "borough": "B", "acres": 526.25 }, "geometry": { "type": "MultiPolygon", "coordinates": [ [ [ [ -73.96881, 40.67189 ], [ -73.96899, 40.67213 ], [ -73.96919, 40.67239 ], [ -73.9692, 40.67241 ], [ -73.96922, 40.67243 ], [ -73.96922, 40.67244 ], [ -73.96927, 40.67241 ], [ -73.96934, 40.67237 ], [ -73.96942, 40.67234 ], [ -73.96949, 40.67231 ], [ -73.96958, 40.67228 ], [ -73.96952, 40.6719 ], [ -73.96952, 40.67187 ], [ -73.96965, 40.67186 ], [ -73.96977, 40.67185 ], [ -73.96984, 40.67185 ], [ -73.96985, 40.67191 ], [ -73.96986, 40.67199 ], [ -73.9699, 40.67224 ], [ -73.97, 40.67224 ], [ -73.97009, 40.67225 ], [ -73.97018, 40.67226 ], [ -73.97027, 40.67228 ], [ -73.97035, 40.67231 ], [ -73.97038, 40.67228 ], [ -73.97038, 40.67227 ], [ -73.97072, 40.67182 ], [ -73.97077, 40.67175 ], [ -73.97082, 40.67169 ], [ -73.97153, 40.67078 ], [ -73.97225, 40.66991 ], [ -73.97401, 40.6678 ], [ -73.97447, 40.66725 ], [ -73.97864, 40.66225 ], [ -73.97917, 40.6616 ], [ -73.97936, 40.66138 ], [ -73.97936, 40.66137 ], [ -73.97943, 40.66129 ], [ -73.9794, 40.66126 ], [ -73.97937, 40.66123 ], [ -73.97935, 40.66119 ], [ -73.97932, 40.66115 ], [ -73.97931, 40.6611 ], [ -73.97929, 40.66106 ], [ -73.97929, 40.66101 ], [ -73.97929, 40.66096 ], [ -73.9793, 40.66092 ], [ -73.97932, 40.66087 ], [ -73.97923, 40.66083 ], [ -73.97879, 40.66062 ], [ -73.97836, 40.6604 ], [ -73.97797, 40.66022 ], [ -73.97489, 40.65872 ], [ -73.97473, 40.65864 ], [ -73.97462, 40.65859 ], [ -73.9745, 40.65851 ], [ -73.9744, 40.65843 ], [ -73.97431, 40.65835 ], [ -73.97426, 40.65829 ], [ -73.97421, 40.65823 ], [ -73.97414, 40.65811 ], [ -73.97409, 40.658 ], [ -73.97401, 40.65773 ], [ -73.97396, 40.65758 ], [ -73.97392, 40.65757 ], [ -73.97387, 40.65755 ], [ -73.97383, 40.65753 ], [ -73.9738, 40.6575 ], [ -73.97377, 40.65747 ], [ -73.97374, 40.65744 ], [ -73.97373, 40.6574 ], [ -73.97372, 40.65736 ], [ -73.97372, 40.65733 ], [ -73.97373, 40.65729 ], [ -73.97375, 40.65725 ], [ -73.97378, 40.65722 ], [ -73.97381, 40.65719 ], [ -73.97385, 40.65717 ], [ -73.97377, 40.65689 ], [ -73.97373, 40.65676 ], [ -73.97367, 40.65657 ], [ -73.97358, 40.65626 ], [ -73.97323, 40.65504 ], [ -73.97264, 40.65301 ], [ -73.97251, 40.65254 ], [ -73.97245, 40.65235 ], [ -73.97232, 40.65191 ], [ -73.97226, 40.65167 ], [ -73.97219, 40.65168 ], [ -73.9721, 40.65167 ], [ -73.97201, 40.65166 ], [ -73.97192, 40.65164 ], [ -73.97184, 40.65162 ], [ -73.97176, 40.65159 ], [ -73.97168, 40.65156 ], [ -73.97161, 40.65152 ], [ -73.97155, 40.65147 ], [ -73.97149, 40.65142 ], [ -73.97144, 40.65136 ], [ -73.9714, 40.6513 ], [ -73.96943, 40.65207 ], [ -73.9655, 40.65359 ], [ -73.96317, 40.6545 ], [ -73.96248, 40.65477 ], [ -73.96248, 40.65483 ], [ -73.96247, 40.65489 ], [ -73.96245, 40.65495 ], [ -73.96242, 40.655 ], [ -73.96239, 40.65506 ], [ -73.96234, 40.65511 ], [ -73.96229, 40.65515 ], [ -73.96223, 40.6552 ], [ -73.96217, 40.65523 ], [ -73.96213, 40.65525 ], [ -73.96236, 40.65673 ], [ -73.96256, 40.65793 ], [ -73.96296, 40.66053 ], [ -73.96307, 40.6612 ], [ -73.96308, 40.66126 ], [ -73.96309, 40.66131 ], [ -73.9631, 40.66136 ], [ -73.96311, 40.66142 ], [ -73.96312, 40.66147 ], [ -73.96313, 40.66152 ], [ -73.96314, 40.66158 ], [ -73.96314, 40.66163 ], [ -73.96315, 40.66168 ], [ -73.96316, 40.66173 ], [ -73.96317, 40.66179 ], [ -73.96318, 40.66184 ], [ -73.96319, 40.66189 ], [ -73.9632, 40.66195 ], [ -73.96321, 40.662 ], [ -73.96321, 40.66203 ], [ -73.96322, 40.66206 ], [ -73.96322, 40.66209 ], [ -73.96322, 40.66213 ], [ -73.96323, 40.66219 ], [ -73.96322, 40.66222 ], [ -73.96322, 40.66225 ], [ -73.96322, 40.66229 ], [ -73.96321, 40.66232 ], [ -73.96321, 40.66234 ], [ -73.96319, 40.66239 ], [ -73.96318, 40.66242 ], [ -73.96317, 40.66244 ], [ -73.96316, 40.66247 ], [ -73.96313, 40.66252 ], [ -73.96312, 40.66255 ], [ -73.9631, 40.66257 ], [ -73.96309, 40.66259 ], [ -73.96306, 40.66263 ], [ -73.96304, 40.66266 ], [ -73.96301, 40.66269 ], [ -73.96295, 40.66275 ], [ -73.96291, 40.66279 ], [ -73.96287, 40.66283 ], [ -73.96283, 40.66287 ], [ -73.96279, 40.6629 ], [ -73.96277, 40.66293 ], [ -73.96272, 40.66298 ], [ -73.9627, 40.663 ], [ -73.96269, 40.66302 ], [ -73.96268, 40.66305 ], [ -73.96267, 40.6631 ], [ -73.96267, 40.66318 ], [ -73.96268, 40.66324 ], [ -73.96273, 40.66331 ], [ -73.96274, 40.66332 ], [ -73.96334, 40.6642 ], [ -73.96359, 40.66456 ], [ -73.96376, 40.6648 ], [ -73.96562, 40.66747 ], [ -73.96643, 40.66862 ], [ -73.96701, 40.66942 ], [ -73.96706, 40.66948 ], [ -73.96721, 40.66969 ], [ -73.96745, 40.67003 ], [ -73.96763, 40.67028 ], [ -73.96782, 40.67053 ], [ -73.96797, 40.67074 ], [ -73.9682, 40.67106 ], [ -73.96844, 40.67139 ], [ -73.96865, 40.67168 ], [ -73.96867, 40.67171 ], [ -73.96881, 40.67189 ] ] ] ] } },
{ "type": "Feature", "properties": { "park_name": "LaTourette Park & Golf Course", "borough": "R", "acres": 760.79 }, "geometry": { "type": "MultiPolygon", "coordinates": [ [ [ [ -74.14058, 40.58872 ], [ -74.14066, 40.58876 ], [ -74.14097, 40.58869 ], [ -74.14196, 40.5887 ], [ -74.1423, 40.58867 ], [ -74.14433, 40.58849 ], [ -74.14574, 40.58835 ], [ -74.14619, 40.58605 ], [ -74.15115, 40.58207 ], [ -74.15226, 40.58071 ], [ -74.15127, 40.58015 ], [ -74.15113, 40.58005 ], [ -74.15106, 40.58 ], [ -74.15105, 40.57999 ], [ -74.151, 40.57994 ], [ -74.15092, 40.57986 ], [ -74.15089, 40.57981 ], [ -74.1508, 40.57969 ], [ -74.15069, 40.57949 ], [ -74.15061, 40.57931 ], [ -74.15054, 40.57911 ], [ -74.15051, 40.579 ], [ -74.15048, 40.57886 ], [ -74.15046, 40.57872 ], [ -74.15043, 40.57846 ], [ -74.15042, 40.57837 ], [ -74.1504, 40.57827 ], [ -74.15035, 40.57813 ], [ -74.15028, 40.57799 ], [ -74.1502, 40.57786 ], [ -74.15008, 40.57771 ], [ -74.14997, 40.5776 ], [ -74.14986, 40.5775 ], [ -74.14983, 40.57748 ], [ -74.14974, 40.57741 ], [ -74.14935, 40.57707 ], [ -74.14864, 40.57647 ], [ -74.14839, 40.57623 ], [ -74.14783, 40.57565 ], [ -74.14758, 40.57538 ], [ -74.14718, 40.57484 ], [ -74.14712, 40.57474 ], [ -74.14706, 40.57468 ], [ -74.147, 40.57461 ], [ -74.14692, 40.57454 ], [ -74.14681, 40.57446 ], [ -74.14671, 40.57439 ], [ -74.14658, 40.57432 ], [ -74.14648, 40.57428 ], [ -74.14602, 40.57415 ], [ -74.14599, 40.57414 ], [ -74.14583, 40.57414 ], [ -74.14571, 40.57414 ], [ -74.1457, 40.57414 ], [ -74.14554, 40.57413 ], [ -74.14539, 40.57412 ], [ -74.14523, 40.5741 ], [ -74.14506, 40.57407 ], [ -74.14492, 40.57405 ], [ -74.14461, 40.57409 ], [ -74.14441, 40.57411 ], [ -74.14314, 40.57428 ], [ -74.14344, 40.57588 ], [ -74.14344, 40.57591 ], [ -74.14345, 40.57594 ], [ -74.14345, 40.57596 ], [ -74.14354, 40.57657 ], [ -74.14338, 40.57665 ], [ -74.14314, 40.57675 ], [ -74.14048, 40.57738 ], [ -74.14011, 40.57748 ], [ -74.13955, 40.57762 ], [ -74.1387, 40.57783 ], [ -74.13801, 40.578 ], [ -74.13791, 40.57803 ], [ -74.13779, 40.57807 ], [ -74.13765, 40.57812 ], [ -74.13753, 40.57817 ], [ -74.13743, 40.57821 ], [ -74.13731, 40.57827 ], [ -74.13722, 40.57832 ], [ -74.13708, 40.57841 ], [ -74.13691, 40.57852 ], [ -74.13673, 40.57866 ], [ -74.13662, 40.57875 ], [ -74.13652, 40.57886 ], [ -74.13636, 40.57905 ], [ -74.1362, 40.57925 ], [ -74.13614, 40.57934 ], [ -74.13609, 40.57941 ], [ -74.13604, 40.57949 ], [ -74.13592, 40.57975 ], [ -74.13572, 40.58017 ], [ -74.13561, 40.58038 ], [ -74.13557, 40.58046 ], [ -74.13552, 40.58054 ], [ -74.13543, 40.58067 ], [ -74.1353, 40.58083 ], [ -74.1352, 40.58096 ], [ -74.13508, 40.58109 ], [ -74.13498, 40.58118 ], [ -74.13483, 40.58131 ], [ -74.1347, 40.58142 ], [ -74.13458, 40.58151 ], [ -74.13439, 40.58164 ], [ -74.13422, 40.58174 ], [ -74.13404, 40.58184 ], [ -74.13388, 40.58191 ], [ -74.13376, 40.58197 ], [ -74.13364, 40.58202 ], [ -74.13343, 40.58209 ], [ -74.13319, 40.58217 ], [ -74.13306, 40.5822 ], [ -74.13292, 40.58223 ], [ -74.1328, 40.58226 ], [ -74.13265, 40.58227 ], [ -74.13251, 40.58229 ], [ -74.13236, 40.58229 ], [ -74.13221, 40.5823 ], [ -74.13201, 40.58229 ], [ -74.13184, 40.58228 ], [ -74.1317, 40.58226 ], [ -74.13159, 40.58225 ], [ -74.13149, 40.58223 ], [ -74.13145, 40.58225 ], [ -74.13055, 40.5828 ], [ -74.13058, 40.58284 ], [ -74.13063, 40.58289 ], [ -74.13077, 40.58298 ], [ -74.13082, 40.58301 ], [ -74.13083, 40.58301 ], [ -74.13096, 40.58309 ], [ -74.13106, 40.58314 ], [ -74.13113, 40.58318 ], [ -74.13123, 40.58323 ], [ -74.13134, 40.58329 ], [ -74.13144, 40.58334 ], [ -74.13156, 40.58339 ], [ -74.13169, 40.58344 ], [ -74.13181, 40.58347 ], [ -74.13271, 40.58366 ], [ -74.13275, 40.58367 ], [ -74.13279, 40.58368 ], [ -74.13284, 40.5837 ], [ -74.1329, 40.58372 ], [ -74.13298, 40.58375 ], [ -74.13304, 40.58378 ], [ -74.13309, 40.5838 ], [ -74.13313, 40.58382 ], [ -74.13318, 40.58385 ], [ -74.13324, 40.58389 ], [ -74.1333, 40.58393 ], [ -74.13337, 40.58398 ], [ -74.13344, 40.58404 ], [ -74.13352, 40.58411 ], [ -74.13355, 40.58414 ], [ -74.1336, 40.58419 ], [ -74.13366, 40.58428 ], [ -74.13371, 40.58434 ], [ -74.13374, 40.5844 ], [ -74.13377, 40.58445 ], [ -74.13379, 40.5845 ], [ -74.13381, 40.58458 ], [ -74.13382, 40.58463 ], [ -74.13383, 40.58468 ], [ -74.13383, 40.58473 ], [ -74.13383, 40.58479 ], [ -74.13382, 40.58485 ], [ -74.1338, 40.58493 ], [ -74.13375, 40.58512 ], [ -74.13372, 40.5852 ], [ -74.13394, 40.58533 ], [ -74.13427, 40.58554 ], [ -74.13435, 40.58559 ], [ -74.13476, 40.58584 ], [ -74.13518, 40.58609 ], [ -74.13556, 40.58632 ], [ -74.13605, 40.5866 ], [ -74.13649, 40.58684 ], [ -74.13692, 40.58708 ], [ -74.13747, 40.58736 ], [ -74.13777, 40.58751 ], [ -74.13821, 40.58772 ], [ -74.13865, 40.58792 ], [ -74.13903, 40.58809 ], [ -74.13948, 40.58827 ], [ -74.13993, 40.58846 ], [ -74.14027, 40.58859 ], [ -74.14038, 40.58864 ], [ -74.14058, 40.58872 ] ] ], [ [ [ -74.1459, 40.57393 ], [ -74.14597, 40.57393 ], [ -74.14615, 40.57395 ], [ -74.14628, 40.57397 ], [ -74.14672, 40.57411 ], [ -74.14678, 40.57415 ], [ -74.14688, 40.5742 ], [ -74.14698, 40.57427 ], [ -74.14708, 40.57434 ], [ -74.14713, 40.57439 ], [ -74.14717, 40.57443 ], [ -74.14722, 40.57449 ], [ -74.14812, 40.57545 ], [ -74.14827, 40.57565 ], [ -74.14852, 40.57591 ], [ -74.14964, 40.57688 ], [ -74.15002, 40.57721 ], [ -74.1501, 40.57728 ], [ -74.15014, 40.5773 ], [ -74.15024, 40.57739 ], [ -74.15032, 40.57748 ], [ -74.15041, 40.57757 ], [ -74.15053, 40.57773 ], [ -74.15064, 40.57791 ], [ -74.15072, 40.57811 ], [ -74.15077, 40.57827 ], [ -74.15079, 40.57844 ], [ -74.15082, 40.57869 ], [ -74.15084, 40.57885 ], [ -74.15087, 40.579 ], [ -74.15091, 40.57912 ], [ -74.15098, 40.57931 ], [ -74.15107, 40.57947 ], [ -74.15114, 40.5796 ], [ -74.15117, 40.57963 ], [ -74.15119, 40.57966 ], [ -74.15129, 40.57975 ], [ -74.15135, 40.57979 ], [ -74.15136, 40.5798 ], [ -74.15138, 40.57982 ], [ -74.15152, 40.5799 ], [ -74.15252, 40.5804 ], [ -74.15279, 40.58021 ], [ -74.15307, 40.58003 ], [ -74.15342, 40.57982 ], [ -74.15367, 40.57969 ], [ -74.15385, 40.57962 ], [ -74.15723, 40.5777 ], [ -74.1609, 40.57562 ], [ -74.16437, 40.57365 ], [ -74.16481, 40.5734 ], [ -74.16497, 40.57331 ], [ -74.1675, 40.57187 ], [ -74.16846, 40.57133 ], [ -74.16929, 40.57086 ], [ -74.16933, 40.57084 ], [ -74.16945, 40.57072 ], [ -74.16937, 40.57022 ], [ -74.16912, 40.56869 ], [ -74.16924, 40.56704 ], [ -74.1695, 40.56606 ], [ -74.16946, 40.56607 ], [ -74.16943, 40.56608 ], [ -74.16943, 40.56608 ], [ -74.16943, 40.56608 ], [ -74.16942, 40.56608 ], [ -74.16939, 40.56608 ], [ -74.16939, 40.56608 ], [ -74.16937, 40.56608 ], [ -74.16936, 40.56608 ], [ -74.16935, 40.56608 ], [ -74.16934, 40.56608 ], [ -74.16933, 40.56608 ], [ -74.16932, 40.56608 ], [ -74.1693, 40.56608 ], [ -74.1693, 40.56608 ], [ -74.1693, 40.56608 ], [ -74.16929, 40.56608 ], [ -74.16928, 40.56608 ], [ -74.16925, 40.56611 ], [ -74.16672, 40.5665 ], [ -74.16671, 40.5664 ], [ -74.16665, 40.56646 ], [ -74.16664, 40.56647 ], [ -74.16664, 40.56647 ], [ -74.16664, 40.56648 ], [ -74.16663, 40.56648 ], [ -74.16663, 40.56649 ], [ -74.16662, 40.56649 ], [ -74.16662, 40.5665 ], [ -74.16661, 40.5665 ], [ -74.16661, 40.56651 ], [ -74.16661, 40.56651 ], [ -74.1666, 40.56652 ], [ -74.16659, 40.56652 ], [ -74.16658, 40.56653 ], [ -74.16657, 40.56653 ], [ -74.16656, 40.56653 ], [ -74.16655, 40.56654 ], [ -74.16654, 40.56654 ], [ -74.16652, 40.56653 ], [ -74.16651, 40.56653 ], [ -74.1665, 40.56653 ], [ -74.16645, 40.56653 ], [ -74.1664, 40.56653 ], [ -74.16635, 40.56653 ], [ -74.16632, 40.56654 ], [ -74.16628, 40.56654 ], [ -74.16624, 40.56655 ], [ -74.1662, 40.56655 ], [ -74.16617, 40.56656 ], [ -74.16612, 40.56656 ], [ -74.16568, 40.56676 ], [ -74.16568, 40.56677 ], [ -74.16568, 40.56677 ], [ -74.16568, 40.56678 ], [ -74.16567, 40.56681 ], [ -74.16566, 40.56683 ], [ -74.16565, 40.56684 ], [ -74.16564, 40.56684 ], [ -74.16563, 40.56685 ], [ -74.1656, 40.56686 ], [ -74.16557, 40.56687 ], [ -74.16553, 40.56688 ], [ -74.1655, 40.56689 ], [ -74.16545, 40.5669 ], [ -74.16541, 40.5669 ], [ -74.16536, 40.56691 ], [ -74.16533, 40.56692 ], [ -74.16531, 40.56693 ], [ -74.1653, 40.56694 ], [ -74.16529, 40.56695 ], [ -74.16527, 40.56695 ], [ -74.16527, 40.56696 ], [ -74.16526, 40.56696 ], [ -74.16526, 40.56697 ], [ -74.16526, 40.56698 ], [ -74.16524, 40.56704 ], [ -74.16524, 40.56706 ], [ -74.16524, 40.56707 ], [ -74.16524, 40.56708 ], [ -74.16524, 40.56709 ], [ -74.16525, 40.5671 ], [ -74.16525, 40.56714 ], [ -74.16525, 40.56716 ], [ -74.16525, 40.56717 ], [ -74.16525, 40.56718 ], [ -74.16525, 40.56719 ], [ -74.16525, 40.5672 ], [ -74.16525, 40.56721 ], [ -74.16524, 40.56727 ], [ -74.16524, 40.56731 ], [ -74.16524, 40.56732 ], [ -74.16524, 40.56735 ], [ -74.16524, 40.56739 ], [ -74.16524, 40.56741 ], [ -74.16524, 40.56743 ], [ -74.16523, 40.56745 ], [ -74.16522, 40.56751 ], [ -74.16522, 40.56753 ], [ -74.16521, 40.56754 ], [ -74.16521, 40.56756 ], [ -74.16521, 40.56757 ], [ -74.16522, 40.56759 ], [ -74.16523, 40.56762 ], [ -74.16524, 40.56765 ], [ -74.16525, 40.56766 ], [ -74.16526, 40.56767 ], [ -74.16526, 40.56767 ], [ -74.16526, 40.56768 ], [ -74.16527, 40.5677 ], [ -74.16527, 40.56771 ], [ -74.16527, 40.56771 ], [ -74.16529, 40.56775 ], [ -74.1653, 40.56776 ], [ -74.1653, 40.56778 ], [ -74.1653, 40.56778 ], [ -74.1653, 40.56779 ], [ -74.16529, 40.5678 ], [ -74.16528, 40.56781 ], [ -74.16527, 40.56781 ], [ -74.16527, 40.56782 ], [ -74.16527, 40.56782 ], [ -74.16526, 40.56782 ], [ -74.16519, 40.56784 ], [ -74.16518, 40.56785 ], [ -74.16517, 40.56785 ], [ -74.16514, 40.56785 ], [ -74.16511, 40.56785 ], [ -74.16509, 40.56785 ], [ -74.16508, 40.56785 ], [ -74.16506, 40.56785 ], [ -74.16503, 40.56785 ], [ -74.16498, 40.56784 ], [ -74.16497, 40.56784 ], [ -74.16496, 40.56784 ], [ -74.16495, 40.56784 ], [ -74.16495, 40.56784 ], [ -74.16494, 40.56785 ], [ -74.16493, 40.56786 ], [ -74.16492, 40.56787 ], [ -74.16491, 40.5679 ], [ -74.1649, 40.56793 ], [ -74.16489, 40.56794 ], [ -74.16489, 40.56794 ], [ -74.16488, 40.56795 ], [ -74.16488, 40.56795 ], [ -74.16487, 40.56796 ], [ -74.16485, 40.56801 ], [ -74.16483, 40.56803 ], [ -74.16482, 40.56804 ], [ -74.16481, 40.56806 ], [ -74.16481, 40.56807 ], [ -74.1648, 40.56808 ], [ -74.16479, 40.56808 ], [ -74.16479, 40.56809 ], [ -74.16478, 40.56809 ], [ -74.16477, 40.56809 ], [ -74.16476, 40.5681 ], [ -74.16476, 40.5681 ], [ -74.16474, 40.5681 ], [ -74.16472, 40.5681 ], [ -74.1647, 40.5681 ], [ -74.1647, 40.5681 ], [ -74.16469, 40.5681 ], [ -74.16469, 40.5681 ], [ -74.16468, 40.56811 ], [ -74.16464, 40.56812 ], [ -74.1646, 40.56815 ], [ -74.16458, 40.56817 ], [ -74.16456, 40.5682 ], [ -74.16455, 40.5682 ], [ -74.16455, 40.56821 ], [ -74.16455, 40.56822 ], [ -74.16454, 40.56822 ], [ -74.16453, 40.56823 ], [ -74.16452, 40.56823 ], [ -74.16449, 40.56825 ], [ -74.16447, 40.56826 ], [ -74.16446, 40.56826 ], [ -74.16443, 40.56828 ], [ -74.16441, 40.56829 ], [ -74.1644, 40.5683 ], [ -74.16438, 40.56831 ], [ -74.16437, 40.56832 ], [ -74.16434, 40.56833 ], [ -74.16432, 40.56835 ], [ -74.1643, 40.56836 ], [ -74.16428, 40.56837 ], [ -74.16424, 40.56839 ], [ -74.16422, 40.56841 ], [ -74.16419, 40.56842 ], [ -74.16416, 40.56843 ], [ -74.16415, 40.56844 ], [ -74.16413, 40.56845 ], [ -74.16409, 40.56847 ], [ -74.16406, 40.56848 ], [ -74.16402, 40.56849 ], [ -74.16397, 40.56851 ], [ -74.16391, 40.56853 ], [ -74.16388, 40.56855 ], [ -74.16384, 40.56857 ], [ -74.16383, 40.56858 ], [ -74.16381, 40.56858 ], [ -74.16379, 40.56859 ], [ -74.16375, 40.56861 ], [ -74.16373, 40.56862 ], [ -74.16368, 40.56863 ], [ -74.16365, 40.56865 ], [ -74.16363, 40.56865 ], [ -74.16361, 40.56866 ], [ -74.16359, 40.56867 ], [ -74.16353, 40.56869 ], [ -74.16345, 40.56872 ], [ -74.16338, 40.56873 ], [ -74.16333, 40.56875 ], [ -74.16331, 40.56875 ], [ -74.16329, 40.56876 ], [ -74.16325, 40.56876 ], [ -74.16322, 40.56877 ], [ -74.16319, 40.56877 ], [ -74.16315, 40.56878 ], [ -74.16311, 40.56879 ], [ -74.16308, 40.56879 ], [ -74.16304, 40.5688 ], [ -74.163, 40.56882 ], [ -74.16299, 40.56882 ], [ -74.16287, 40.56886 ], [ -74.16281, 40.56889 ], [ -74.16273, 40.56892 ], [ -74.1627, 40.56893 ], [ -74.16267, 40.56894 ], [ -74.16263, 40.56895 ], [ -74.16261, 40.56895 ], [ -74.16259, 40.56896 ], [ -74.16258, 40.56896 ], [ -74.16257, 40.56895 ], [ -74.16256, 40.56895 ], [ -74.16256, 40.56895 ], [ -74.16255, 40.56895 ], [ -74.16254, 40.56894 ], [ -74.16253, 40.56894 ], [ -74.16251, 40.56894 ], [ -74.1625, 40.56894 ], [ -74.16248, 40.56894 ], [ -74.16247, 40.56894 ], [ -74.16246, 40.56894 ], [ -74.16244, 40.56894 ], [ -74.16242, 40.56894 ], [ -74.16241, 40.56894 ], [ -74.1624, 40.56894 ], [ -74.16239, 40.56894 ], [ -74.16239, 40.56894 ], [ -74.16237, 40.56895 ], [ -74.16226, 40.56899 ], [ -74.16223, 40.56901 ], [ -74.16222, 40.56901 ], [ -74.16218, 40.56903 ], [ -74.16212, 40.56906 ], [ -74.16206, 40.56909 ], [ -74.16203, 40.5691 ], [ -74.162, 40.56911 ], [ -74.16192, 40.56913 ], [ -74.16188, 40.56914 ], [ -74.16185, 40.56915 ], [ -74.16183, 40.56915 ], [ -74.1618, 40.56914 ], [ -74.16178, 40.56914 ], [ -74.16177, 40.56914 ], [ -74.16176, 40.56913 ], [ -74.16175, 40.56912 ], [ -74.16174, 40.56912 ], [ -74.16174, 40.56911 ], [ -74.16173, 40.56909 ], [ -74.16172, 40.56908 ], [ -74.16172, 40.56907 ], [ -74.16171, 40.56907 ], [ -74.1617, 40.56908 ], [ -74.1617, 40.56908 ], [ -74.16169, 40.56909 ], [ -74.16168, 40.56911 ], [ -74.16168, 40.56912 ], [ -74.16168, 40.56913 ], [ -74.16168, 40.56913 ], [ -74.16168, 40.56913 ], [ -74.16167, 40.56914 ], [ -74.16167, 40.56914 ], [ -74.16166, 40.56914 ], [ -74.16165, 40.56914 ], [ -74.16163, 40.56915 ], [ -74.16162, 40.56915 ], [ -74.16162, 40.56915 ], [ -74.16161, 40.56915 ], [ -74.1616, 40.56915 ], [ -74.16156, 40.56915 ], [ -74.16154, 40.56914 ], [ -74.16152, 40.56914 ], [ -74.16151, 40.56914 ], [ -74.16149, 40.56914 ], [ -74.16148, 40.56913 ], [ -74.16147, 40.56913 ], [ -74.16146, 40.56914 ], [ -74.16145, 40.56913 ], [ -74.16144, 40.56913 ], [ -74.16143, 40.56913 ], [ -74.16141, 40.56913 ], [ -74.16139, 40.56912 ], [ -74.16135, 40.56911 ], [ -74.16133, 40.56911 ], [ -74.16131, 40.56911 ], [ -74.16129, 40.56911 ], [ -74.16125, 40.5691 ], [ -74.16117, 40.5691 ], [ -74.16094, 40.5691 ], [ -74.16082, 40.5691 ], [ -74.16073, 40.5691 ], [ -74.1607, 40.5691 ], [ -74.16068, 40.56909 ], [ -74.16067, 40.56909 ], [ -74.16065, 40.56908 ], [ -74.16064, 40.56907 ], [ -74.16064, 40.56905 ], [ -74.16063, 40.56905 ], [ -74.16062, 40.56904 ], [ -74.16061, 40.56903 ], [ -74.1606, 40.56903 ], [ -74.1606, 40.56902 ], [ -74.16059, 40.56901 ], [ -74.16059, 40.569 ], [ -74.16058, 40.569 ], [ -74.16055, 40.56898 ], [ -74.16054, 40.56898 ], [ -74.16054, 40.56897 ], [ -74.16053, 40.56897 ], [ -74.16051, 40.56897 ], [ -74.16049, 40.56896 ], [ -74.16046, 40.56896 ], [ -74.16042, 40.56896 ], [ -74.16039, 40.56895 ], [ -74.16038, 40.56895 ], [ -74.16036, 40.56895 ], [ -74.16035, 40.56895 ], [ -74.16034, 40.56895 ], [ -74.1603, 40.56895 ], [ -74.16028, 40.56895 ], [ -74.16027, 40.56895 ], [ -74.16025, 40.56896 ], [ -74.16022, 40.56896 ], [ -74.16018, 40.56896 ], [ -74.16016, 40.56897 ], [ -74.16014, 40.56897 ], [ -74.16013, 40.56897 ], [ -74.16012, 40.56897 ], [ -74.16011, 40.56897 ], [ -74.1601, 40.56897 ], [ -74.16006, 40.56897 ], [ -74.16004, 40.56897 ], [ -74.16001, 40.56897 ], [ -74.15998, 40.56897 ], [ -74.15996, 40.56897 ], [ -74.15993, 40.56897 ], [ -74.15991, 40.56897 ], [ -74.15989, 40.56897 ], [ -74.15988, 40.56897 ], [ -74.15986, 40.56897 ], [ -74.15985, 40.56897 ], [ -74.15983, 40.56897 ], [ -74.15978, 40.56898 ], [ -74.15976, 40.56899 ], [ -74.15974, 40.56899 ], [ -74.15964, 40.56902 ], [ -74.15953, 40.56905 ], [ -74.15951, 40.56905 ], [ -74.15948, 40.56906 ], [ -74.15946, 40.56906 ], [ -74.15944, 40.56907 ], [ -74.15943, 40.56908 ], [ -74.15942, 40.56908 ], [ -74.15941, 40.56909 ], [ -74.15937, 40.5691 ], [ -74.15929, 40.56913 ], [ -74.15928, 40.56913 ], [ -74.15927, 40.56913 ], [ -74.15926, 40.56913 ], [ -74.15925, 40.56913 ], [ -74.15924, 40.56914 ], [ -74.15923, 40.56914 ], [ -74.15923, 40.56914 ], [ -74.15922, 40.56914 ], [ -74.1592, 40.56915 ], [ -74.15912, 40.56918 ], [ -74.15908, 40.5692 ], [ -74.15905, 40.56921 ], [ -74.15903, 40.56921 ], [ -74.15901, 40.56921 ], [ -74.159, 40.56921 ], [ -74.15899, 40.56921 ], [ -74.15898, 40.56921 ], [ -74.15897, 40.56921 ], [ -74.15897, 40.5692 ], [ -74.15896, 40.5692 ], [ -74.15896, 40.56919 ], [ -74.15895, 40.56918 ], [ -74.15891, 40.56919 ], [ -74.1589, 40.5692 ], [ -74.15889, 40.5692 ], [ -74.15887, 40.56922 ], [ -74.15886, 40.56922 ], [ -74.15886, 40.56923 ], [ -74.15884, 40.56924 ], [ -74.15882, 40.56926 ], [ -74.15881, 40.56928 ], [ -74.15879, 40.5693 ], [ -74.15878, 40.56931 ], [ -74.15878, 40.56938 ], [ -74.15876, 40.56942 ], [ -74.15872, 40.56948 ], [ -74.15867, 40.56952 ], [ -74.15858, 40.56958 ], [ -74.15852, 40.56959 ], [ -74.15851, 40.56958 ], [ -74.15849, 40.56958 ], [ -74.15848, 40.56958 ], [ -74.15847, 40.56958 ], [ -74.15846, 40.56958 ], [ -74.15845, 40.56958 ], [ -74.15842, 40.56958 ], [ -74.15839, 40.56958 ], [ -74.15837, 40.56957 ], [ -74.15835, 40.56956 ], [ -74.15832, 40.56955 ], [ -74.1583, 40.56954 ], [ -74.15828, 40.56952 ], [ -74.15826, 40.56951 ], [ -74.15823, 40.5695 ], [ -74.15822, 40.5695 ], [ -74.1582, 40.5695 ], [ -74.15819, 40.56949 ], [ -74.15818, 40.56949 ], [ -74.15817, 40.56949 ], [ -74.15816, 40.56949 ], [ -74.15815, 40.56949 ], [ -74.15813, 40.56948 ], [ -74.15812, 40.56948 ], [ -74.1581, 40.56948 ], [ -74.15808, 40.56948 ], [ -74.15807, 40.56948 ], [ -74.15806, 40.56948 ], [ -74.15804, 40.56947 ], [ -74.15803, 40.56947 ], [ -74.15801, 40.56947 ], [ -74.158, 40.56946 ], [ -74.15799, 40.56945 ], [ -74.15798, 40.56944 ], [ -74.15797, 40.56944 ], [ -74.15796, 40.56944 ], [ -74.15795, 40.56943 ], [ -74.15794, 40.56943 ], [ -74.15793, 40.56943 ], [ -74.15792, 40.56942 ], [ -74.15791, 40.56941 ], [ -74.15789, 40.5694 ], [ -74.15787, 40.56939 ], [ -74.15785, 40.56937 ], [ -74.15783, 40.56936 ], [ -74.15781, 40.56934 ], [ -74.15779, 40.56932 ], [ -74.15777, 40.56931 ], [ -74.15776, 40.56931 ], [ -74.15774, 40.5693 ], [ -74.15773, 40.56928 ], [ -74.15771, 40.56927 ], [ -74.15769, 40.56925 ], [ -74.15767, 40.56924 ], [ -74.15765, 40.56922 ], [ -74.15764, 40.56921 ], [ -74.15762, 40.5692 ], [ -74.15761, 40.5692 ], [ -74.1576, 40.56919 ], [ -74.15759, 40.56919 ], [ -74.15759, 40.56919 ], [ -74.15758, 40.56919 ], [ -74.15758, 40.56919 ], [ -74.15757, 40.56919 ], [ -74.15756, 40.56919 ], [ -74.15756, 40.56919 ], [ -74.15756, 40.56919 ], [ -74.15752, 40.56919 ], [ -74.15745, 40.5694 ], [ -74.15724, 40.56969 ], [ -74.15723, 40.56969 ], [ -74.15721, 40.56968 ], [ -74.1572, 40.56968 ], [ -74.15718, 40.56967 ], [ -74.15716, 40.56965 ], [ -74.15714, 40.56964 ], [ -74.15712, 40.56962 ], [ -74.15711, 40.56961 ], [ -74.15704, 40.56956 ], [ -74.15696, 40.56952 ], [ -74.1569, 40.56948 ], [ -74.15687, 40.56947 ], [ -74.15684, 40.56946 ], [ -74.15682, 40.56945 ], [ -74.15679, 40.56945 ], [ -74.15675, 40.56944 ], [ -74.15672, 40.56943 ], [ -74.15669, 40.56943 ], [ -74.15668, 40.56943 ], [ -74.15666, 40.56943 ], [ -74.15665, 40.56943 ], [ -74.15663, 40.56945 ], [ -74.15659, 40.56948 ], [ -74.15656, 40.5695 ], [ -74.15653, 40.56955 ], [ -74.1565, 40.56958 ], [ -74.15648, 40.56962 ], [ -74.15647, 40.56965 ], [ -74.15645, 40.56969 ], [ -74.15643, 40.56972 ], [ -74.15642, 40.56976 ], [ -74.15641, 40.5698 ], [ -74.1564, 40.56983 ], [ -74.1564, 40.56992 ], [ -74.15639, 40.57003 ], [ -74.15639, 40.57013 ], [ -74.15638, 40.5702 ], [ -74.15638, 40.57023 ], [ -74.15637, 40.57028 ], [ -74.15637, 40.57031 ], [ -74.15635, 40.57037 ], [ -74.15634, 40.5704 ], [ -74.15633, 40.57043 ], [ -74.15632, 40.57046 ], [ -74.1563, 40.57049 ], [ -74.15629, 40.57051 ], [ -74.15628, 40.57054 ], [ -74.15626, 40.57056 ], [ -74.15623, 40.57058 ], [ -74.15621, 40.5706 ], [ -74.15619, 40.57061 ], [ -74.15617, 40.57063 ], [ -74.15615, 40.57064 ], [ -74.15612, 40.57065 ], [ -74.1561, 40.57066 ], [ -74.15608, 40.57066 ], [ -74.15606, 40.57066 ], [ -74.15604, 40.57066 ], [ -74.15602, 40.57066 ], [ -74.156, 40.57066 ], [ -74.15598, 40.57066 ], [ -74.15596, 40.57066 ], [ -74.15593, 40.57065 ], [ -74.15591, 40.57064 ], [ -74.1559, 40.57064 ], [ -74.15589, 40.57063 ], [ -74.15587, 40.57063 ], [ -74.15586, 40.57063 ], [ -74.15584, 40.57063 ], [ -74.15583, 40.57063 ], [ -74.15581, 40.57063 ], [ -74.1558, 40.57062 ], [ -74.15579, 40.57062 ], [ -74.15578, 40.57062 ], [ -74.15577, 40.57062 ], [ -74.15575, 40.57062 ], [ -74.15573, 40.57063 ], [ -74.15571, 40.57064 ], [ -74.15569, 40.57065 ], [ -74.15566, 40.57067 ], [ -74.15563, 40.57067 ], [ -74.1556, 40.57068 ], [ -74.15557, 40.57068 ], [ -74.15555, 40.57068 ], [ -74.15553, 40.57068 ], [ -74.15551, 40.57068 ], [ -74.15547, 40.57067 ], [ -74.15545, 40.57066 ], [ -74.15542, 40.57065 ], [ -74.15539, 40.57065 ], [ -74.15537, 40.57065 ], [ -74.15536, 40.57064 ], [ -74.15534, 40.57063 ], [ -74.15534, 40.57064 ], [ -74.15533, 40.57064 ], [ -74.15532, 40.57064 ], [ -74.15531, 40.57065 ], [ -74.15529, 40.57066 ], [ -74.15527, 40.57066 ], [ -74.15525, 40.57067 ], [ -74.15525, 40.57067 ], [ -74.15525, 40.57067 ], [ -74.15525, 40.57067 ], [ -74.15524, 40.57068 ], [ -74.15524, 40.57068 ], [ -74.15523, 40.57069 ], [ -74.15521, 40.57069 ], [ -74.15519, 40.5707 ], [ -74.15518, 40.57071 ], [ -74.15517, 40.57072 ], [ -74.15515, 40.57074 ], [ -74.15514, 40.57075 ], [ -74.15513, 40.57076 ], [ -74.15512, 40.57075 ], [ -74.15511, 40.57075 ], [ -74.1551, 40.57073 ], [ -74.15509, 40.57071 ], [ -74.15508, 40.57069 ], [ -74.15507, 40.57067 ], [ -74.15507, 40.57065 ], [ -74.15507, 40.57064 ], [ -74.15506, 40.57064 ], [ -74.15506, 40.57062 ], [ -74.15505, 40.57062 ], [ -74.15504, 40.57061 ], [ -74.15503, 40.5706 ], [ -74.15501, 40.57059 ], [ -74.155, 40.57057 ], [ -74.15499, 40.57056 ], [ -74.15498, 40.57054 ], [ -74.15496, 40.57052 ], [ -74.15494, 40.5705 ], [ -74.15492, 40.57049 ], [ -74.1549, 40.57048 ], [ -74.15488, 40.57047 ], [ -74.15487, 40.57047 ], [ -74.15486, 40.57047 ], [ -74.15484, 40.57047 ], [ -74.15482, 40.57047 ], [ -74.15481, 40.57047 ], [ -74.15479, 40.57048 ], [ -74.15477, 40.57049 ], [ -74.15476, 40.5705 ], [ -74.15474, 40.57051 ], [ -74.15472, 40.57052 ], [ -74.15471, 40.57053 ], [ -74.1547, 40.57055 ], [ -74.15468, 40.57056 ], [ -74.15468, 40.57058 ], [ -74.15467, 40.57058 ], [ -74.15467, 40.57059 ], [ -74.15466, 40.5706 ], [ -74.15465, 40.5706 ], [ -74.15464, 40.57061 ], [ -74.15464, 40.57061 ], [ -74.15463, 40.57062 ], [ -74.15461, 40.57062 ], [ -74.15461, 40.57062 ], [ -74.1546, 40.57062 ], [ -74.1546, 40.57062 ], [ -74.15459, 40.57062 ], [ -74.15459, 40.57062 ], [ -74.15459, 40.57063 ], [ -74.15459, 40.57063 ], [ -74.15458, 40.57063 ], [ -74.15458, 40.57064 ], [ -74.15459, 40.57064 ], [ -74.15459, 40.57064 ], [ -74.15459, 40.57064 ], [ -74.1546, 40.57064 ], [ -74.1546, 40.57063 ], [ -74.15461, 40.57063 ], [ -74.15461, 40.57063 ], [ -74.15461, 40.57063 ], [ -74.15462, 40.57064 ], [ -74.15462, 40.57064 ], [ -74.15463, 40.57064 ], [ -74.15463, 40.57065 ], [ -74.15463, 40.57065 ], [ -74.15463, 40.57066 ], [ -74.15463, 40.57067 ], [ -74.15463, 40.57068 ], [ -74.15462, 40.5707 ], [ -74.1546, 40.57072 ], [ -74.1546, 40.57073 ], [ -74.15459, 40.57074 ], [ -74.15459, 40.57075 ], [ -74.15458, 40.57077 ], [ -74.15458, 40.57079 ], [ -74.15458, 40.5708 ], [ -74.15458, 40.57081 ], [ -74.15457, 40.57082 ], [ -74.15457, 40.57082 ], [ -74.15456, 40.57084 ], [ -74.15455, 40.57086 ], [ -74.15453, 40.57088 ], [ -74.15452, 40.57091 ], [ -74.1545, 40.57093 ], [ -74.15447, 40.57097 ], [ -74.15445, 40.57099 ], [ -74.15441, 40.57103 ], [ -74.15441, 40.57103 ], [ -74.1544, 40.57104 ], [ -74.15439, 40.57104 ], [ -74.15438, 40.57105 ], [ -74.15438, 40.57105 ], [ -74.15436, 40.57105 ], [ -74.15435, 40.57105 ], [ -74.15434, 40.57106 ], [ -74.15432, 40.57106 ], [ -74.1543, 40.57105 ], [ -74.15429, 40.57105 ], [ -74.15428, 40.57105 ], [ -74.15427, 40.57105 ], [ -74.15426, 40.57104 ], [ -74.15423, 40.57103 ], [ -74.15421, 40.57102 ], [ -74.15419, 40.571 ], [ -74.15416, 40.57098 ], [ -74.15414, 40.57097 ], [ -74.15413, 40.57096 ], [ -74.15412, 40.57095 ], [ -74.15409, 40.57093 ], [ -74.15408, 40.57092 ], [ -74.15407, 40.57091 ], [ -74.15407, 40.5709 ], [ -74.15407, 40.5709 ], [ -74.15407, 40.57089 ], [ -74.15406, 40.57089 ], [ -74.15406, 40.57089 ], [ -74.15406, 40.57088 ], [ -74.15407, 40.57088 ], [ -74.15407, 40.57088 ], [ -74.15406, 40.57087 ], [ -74.15406, 40.57087 ], [ -74.15406, 40.57087 ], [ -74.15406, 40.57086 ], [ -74.15405, 40.57085 ], [ -74.15405, 40.57085 ], [ -74.15405, 40.57084 ], [ -74.15405, 40.57084 ], [ -74.15405, 40.57083 ], [ -74.15405, 40.57082 ], [ -74.15405, 40.57081 ], [ -74.15405, 40.5708 ], [ -74.15405, 40.57079 ], [ -74.15404, 40.57078 ], [ -74.15404, 40.57077 ], [ -74.15403, 40.57077 ], [ -74.15403, 40.57076 ], [ -74.15402, 40.57076 ], [ -74.15402, 40.57076 ], [ -74.15398, 40.57074 ], [ -74.15397, 40.57074 ], [ -74.15396, 40.57073 ], [ -74.15396, 40.57072 ], [ -74.15395, 40.57072 ], [ -74.15395, 40.57071 ], [ -74.15395, 40.5707 ], [ -74.15395, 40.57069 ], [ -74.15395, 40.57067 ], [ -74.15395, 40.57065 ], [ -74.15396, 40.57063 ], [ -74.15396, 40.57062 ], [ -74.15396, 40.57061 ], [ -74.15395, 40.57059 ], [ -74.15395, 40.57057 ], [ -74.15394, 40.57055 ], [ -74.15391, 40.57051 ], [ -74.15388, 40.57048 ], [ -74.15387, 40.57047 ], [ -74.15386, 40.57046 ], [ -74.15385, 40.57045 ], [ -74.15385, 40.57045 ], [ -74.15384, 40.57044 ], [ -74.15383, 40.57044 ], [ -74.15381, 40.57043 ], [ -74.15377, 40.57041 ], [ -74.15371, 40.57038 ], [ -74.15367, 40.57037 ], [ -74.15365, 40.57035 ], [ -74.15361, 40.57033 ], [ -74.15359, 40.57032 ], [ -74.15356, 40.57031 ], [ -74.15352, 40.5703 ], [ -74.1535, 40.5703 ], [ -74.15348, 40.57029 ], [ -74.15346, 40.57028 ], [ -74.15344, 40.57028 ], [ -74.15343, 40.57027 ], [ -74.15341, 40.57027 ], [ -74.15339, 40.57027 ], [ -74.15337, 40.57027 ], [ -74.15335, 40.57028 ], [ -74.15334, 40.57028 ], [ -74.15332, 40.57028 ], [ -74.15331, 40.57028 ], [ -74.1533, 40.57028 ], [ -74.15328, 40.57029 ], [ -74.15326, 40.5703 ], [ -74.15325, 40.5703 ], [ -74.15324, 40.57031 ], [ -74.15321, 40.57031 ], [ -74.15319, 40.57032 ], [ -74.15316, 40.57034 ], [ -74.1531, 40.57037 ], [ -74.15307, 40.57039 ], [ -74.15305, 40.5704 ], [ -74.15304, 40.57042 ], [ -74.15302, 40.57043 ], [ -74.15301, 40.57046 ], [ -74.153, 40.57049 ], [ -74.15298, 40.57052 ], [ -74.15297, 40.57054 ], [ -74.15297, 40.57055 ], [ -74.15256, 40.57036 ], [ -74.15072, 40.57088 ], [ -74.15017, 40.57103 ], [ -74.14983, 40.57113 ], [ -74.14972, 40.57116 ], [ -74.14965, 40.57117 ], [ -74.14959, 40.57118 ], [ -74.14949, 40.5712 ], [ -74.14939, 40.57122 ], [ -74.14927, 40.57124 ], [ -74.14911, 40.57128 ], [ -74.14891, 40.5713 ], [ -74.1488, 40.57131 ], [ -74.14873, 40.5713 ], [ -74.14865, 40.5713 ], [ -74.14854, 40.57129 ], [ -74.14841, 40.57126 ], [ -74.14829, 40.57121 ], [ -74.14797, 40.57105 ], [ -74.14796, 40.57106 ], [ -74.14794, 40.57107 ], [ -74.14788, 40.57104 ], [ -74.14771, 40.57094 ], [ -74.14712, 40.57066 ], [ -74.14706, 40.57063 ], [ -74.14701, 40.57061 ], [ -74.14693, 40.57058 ], [ -74.14686, 40.57055 ], [ -74.14679, 40.57052 ], [ -74.14671, 40.57049 ], [ -74.14663, 40.57046 ], [ -74.14656, 40.57044 ], [ -74.14652, 40.57043 ], [ -74.14648, 40.57041 ], [ -74.14643, 40.5704 ], [ -74.14634, 40.57037 ], [ -74.14622, 40.57033 ], [ -74.14611, 40.5703 ], [ -74.14599, 40.57027 ], [ -74.14587, 40.57024 ], [ -74.14573, 40.57021 ], [ -74.14562, 40.57019 ], [ -74.14547, 40.57016 ], [ -74.14533, 40.57014 ], [ -74.14519, 40.57012 ], [ -74.14507, 40.5701 ], [ -74.14492, 40.57008 ], [ -74.14479, 40.57007 ], [ -74.14469, 40.57006 ], [ -74.14455, 40.57005 ], [ -74.14444, 40.57005 ], [ -74.14443, 40.57005 ], [ -74.14441, 40.57006 ], [ -74.14439, 40.57006 ], [ -74.14437, 40.57006 ], [ -74.14436, 40.57007 ], [ -74.14434, 40.57007 ], [ -74.14433, 40.57008 ], [ -74.14432, 40.57008 ], [ -74.1443, 40.57009 ], [ -74.14429, 40.5701 ], [ -74.14428, 40.5701 ], [ -74.14428, 40.57011 ], [ -74.14427, 40.57012 ], [ -74.14426, 40.57013 ], [ -74.14425, 40.57013 ], [ -74.14416, 40.5703 ], [ -74.14458, 40.57038 ], [ -74.14467, 40.57077 ], [ -74.14472, 40.57113 ], [ -74.14424, 40.57119 ], [ -74.14427, 40.57135 ], [ -74.14439, 40.57195 ], [ -74.14441, 40.57206 ], [ -74.14446, 40.57238 ], [ -74.14459, 40.57325 ], [ -74.1446, 40.57325 ], [ -74.1446, 40.57326 ], [ -74.1446, 40.57327 ], [ -74.14461, 40.57328 ], [ -74.14463, 40.57329 ], [ -74.14464, 40.5733 ], [ -74.14465, 40.5733 ], [ -74.14466, 40.57331 ], [ -74.14468, 40.57331 ], [ -74.14484, 40.57331 ], [ -74.14498, 40.57331 ], [ -74.14516, 40.57331 ], [ -74.14559, 40.57333 ], [ -74.1457, 40.57333 ], [ -74.14582, 40.57333 ], [ -74.14596, 40.57333 ], [ -74.14584, 40.57253 ], [ -74.14663, 40.57246 ], [ -74.14666, 40.57246 ], [ -74.14684, 40.57252 ], [ -74.14694, 40.57236 ], [ -74.14703, 40.57237 ], [ -74.14709, 40.57238 ], [ -74.14713, 40.57239 ], [ -74.14717, 40.5724 ], [ -74.14722, 40.5724 ], [ -74.14725, 40.57241 ], [ -74.1473, 40.57242 ], [ -74.14736, 40.57244 ], [ -74.14741, 40.57245 ], [ -74.14743, 40.57245 ], [ -74.14746, 40.57245 ], [ -74.14749, 40.57246 ], [ -74.14751, 40.57246 ], [ -74.14754, 40.57246 ], [ -74.14756, 40.57246 ], [ -74.14758, 40.57246 ], [ -74.1476, 40.57246 ], [ -74.14762, 40.57245 ], [ -74.14763, 40.57245 ], [ -74.14766, 40.57244 ], [ -74.14767, 40.57243 ], [ -74.14769, 40.57242 ], [ -74.14771, 40.5724 ], [ -74.14773, 40.57238 ], [ -74.14775, 40.57258 ], [ -74.14776, 40.5727 ], [ -74.14829, 40.57263 ], [ -74.14847, 40.57297 ], [ -74.14848, 40.57302 ], [ -74.14851, 40.5731 ], [ -74.14808, 40.57317 ], [ -74.14722, 40.5733 ], [ -74.14701, 40.57333 ], [ -74.14662, 40.57339 ], [ -74.1464, 40.57342 ], [ -74.14631, 40.57343 ], [ -74.14617, 40.57345 ], [ -74.14605, 40.57346 ], [ -74.14591, 40.57347 ], [ -74.14578, 40.57347 ], [ -74.14559, 40.57347 ], [ -74.14534, 40.57345 ], [ -74.14501, 40.57344 ], [ -74.1449, 40.57344 ], [ -74.14482, 40.57344 ], [ -74.14476, 40.57344 ], [ -74.14473, 40.57345 ], [ -74.1447, 40.57347 ], [ -74.14468, 40.57348 ], [ -74.14466, 40.57351 ], [ -74.14464, 40.57353 ], [ -74.14466, 40.57357 ], [ -74.14468, 40.5736 ], [ -74.14473, 40.57366 ], [ -74.14481, 40.57372 ], [ -74.14491, 40.57378 ], [ -74.14494, 40.57379 ], [ -74.14506, 40.57384 ], [ -74.14517, 40.57388 ], [ -74.14531, 40.57391 ], [ -74.14543, 40.57393 ], [ -74.14554, 40.57394 ], [ -74.14566, 40.57394 ], [ -74.14575, 40.57394 ], [ -74.14583, 40.57393 ], [ -74.1459, 40.57393 ] ] ] ] } },
{ "type": "Feature", "properties": { "park_name": "Bronx Park", "borough": "X", "acres": 718.373 }, "geometry": { "type": "MultiPolygon", "coordinates": [ [ [ [ -73.87742, 40.85506 ], [ -73.87743, 40.85506 ], [ -73.87745, 40.85507 ], [ -73.87749, 40.85507 ], [ -73.87749, 40.85507 ], [ -73.87754, 40.85508 ], [ -73.87765, 40.85512 ], [ -73.87776, 40.85517 ], [ -73.87864, 40.85558 ], [ -73.87875, 40.85563 ], [ -73.88059, 40.85649 ], [ -73.88083, 40.85562 ], [ -73.88092, 40.8553 ], [ -73.88136, 40.85376 ], [ -73.88142, 40.85354 ], [ -73.88191, 40.85179 ], [ -73.88195, 40.85168 ], [ -73.88257, 40.84948 ], [ -73.88259, 40.8494 ], [ -73.88269, 40.84903 ], [ -73.88252, 40.84865 ], [ -73.88251, 40.84857 ], [ -73.88251, 40.84847 ], [ -73.88265, 40.84795 ], [ -73.88245, 40.84773 ], [ -73.88242, 40.8477 ], [ -73.88178, 40.84726 ], [ -73.88153, 40.84709 ], [ -73.87709, 40.84404 ], [ -73.87788, 40.84275 ], [ -73.87749, 40.84266 ], [ -73.87731, 40.84263 ], [ -73.87725, 40.84261 ], [ -73.87699, 40.84255 ], [ -73.87691, 40.84254 ], [ -73.87691, 40.84251 ], [ -73.87691, 40.84249 ], [ -73.87667, 40.8424 ], [ -73.87619, 40.84224 ], [ -73.87574, 40.84209 ], [ -73.87526, 40.84192 ], [ -73.87499, 40.84239 ], [ -73.87424, 40.84213 ], [ -73.87413, 40.84232 ], [ -73.87402, 40.84249 ], [ -73.87386, 40.84261 ], [ -73.87369, 40.84275 ], [ -73.87356, 40.84285 ], [ -73.87343, 40.84295 ], [ -73.87306, 40.84322 ], [ -73.87292, 40.84329 ], [ -73.8726, 40.84343 ], [ -73.87205, 40.84367 ], [ -73.87205, 40.84367 ], [ -73.87201, 40.84369 ], [ -73.87174, 40.84485 ], [ -73.87164, 40.84533 ], [ -73.87154, 40.84581 ], [ -73.87153, 40.84613 ], [ -73.87152, 40.84645 ], [ -73.87152, 40.84677 ], [ -73.87153, 40.84709 ], [ -73.87155, 40.84742 ], [ -73.87155, 40.84741 ], [ -73.87155, 40.84748 ], [ -73.87153, 40.848 ], [ -73.87152, 40.84851 ], [ -73.87151, 40.84903 ], [ -73.87152, 40.84954 ], [ -73.87153, 40.85005 ], [ -73.87155, 40.85057 ], [ -73.87157, 40.85108 ], [ -73.87161, 40.8516 ], [ -73.87165, 40.85211 ], [ -73.87171, 40.85247 ], [ -73.87185, 40.85305 ], [ -73.87198, 40.85363 ], [ -73.87211, 40.85422 ], [ -73.87222, 40.85433 ], [ -73.87233, 40.85445 ], [ -73.87245, 40.85456 ], [ -73.87245, 40.85455 ], [ -73.87261, 40.85469 ], [ -73.87277, 40.85482 ], [ -73.87293, 40.85495 ], [ -73.8731, 40.85508 ], [ -73.87327, 40.8552 ], [ -73.8734, 40.85527 ], [ -73.87353, 40.85535 ], [ -73.87367, 40.85542 ], [ -73.87379, 40.85548 ], [ -73.87391, 40.85554 ], [ -73.87404, 40.85559 ], [ -73.87417, 40.85563 ], [ -73.8744, 40.85568 ], [ -73.87446, 40.85568 ], [ -73.8751, 40.85555 ], [ -73.87531, 40.85551 ], [ -73.87531, 40.85551 ], [ -73.8764, 40.8553 ], [ -73.8764, 40.8553 ], [ -73.87725, 40.85507 ], [ -73.8773, 40.85506 ], [ -73.87739, 40.85506 ], [ -73.87742, 40.85506 ], [ -73.87742, 40.85506 ] ] ], [ [ [ -73.87518, 40.85585 ], [ -73.87501, 40.85589 ], [ -73.87501, 40.85589 ], [ -73.875, 40.8559 ], [ -73.875, 40.8559 ], [ -73.87488, 40.85593 ], [ -73.87477, 40.85597 ], [ -73.87466, 40.85601 ], [ -73.87455, 40.85606 ], [ -73.87447, 40.85611 ], [ -73.87438, 40.85617 ], [ -73.8743, 40.85623 ], [ -73.87422, 40.8563 ], [ -73.87415, 40.85637 ], [ -73.87409, 40.85644 ], [ -73.87379, 40.85681 ], [ -73.8735, 40.85717 ], [ -73.87322, 40.85754 ], [ -73.87313, 40.85768 ], [ -73.87305, 40.85781 ], [ -73.87297, 40.85795 ], [ -73.8729, 40.85809 ], [ -73.87284, 40.85824 ], [ -73.87279, 40.8584 ], [ -73.87275, 40.85856 ], [ -73.87271, 40.85872 ], [ -73.8727, 40.85876 ], [ -73.87268, 40.85897 ], [ -73.87264, 40.85922 ], [ -73.87263, 40.85933 ], [ -73.87261, 40.85946 ], [ -73.87258, 40.85972 ], [ -73.87255, 40.85993 ], [ -73.87252, 40.86019 ], [ -73.87248, 40.86046 ], [ -73.87246, 40.86069 ], [ -73.87243, 40.86091 ], [ -73.8724, 40.86114 ], [ -73.87237, 40.86136 ], [ -73.87235, 40.86156 ], [ -73.87232, 40.86176 ], [ -73.87232, 40.8618 ], [ -73.87228, 40.86205 ], [ -73.87225, 40.86231 ], [ -73.87223, 40.86253 ], [ -73.87222, 40.86275 ], [ -73.8722, 40.86297 ], [ -73.8722, 40.86306 ], [ -73.87219, 40.86316 ], [ -73.87218, 40.86325 ], [ -73.87216, 40.86341 ], [ -73.87215, 40.86356 ], [ -73.87214, 40.86361 ], [ -73.87214, 40.86367 ], [ -73.87214, 40.86368 ], [ -73.87213, 40.86398 ], [ -73.87212, 40.86428 ], [ -73.87212, 40.86458 ], [ -73.87214, 40.86469 ], [ -73.87216, 40.8648 ], [ -73.8722, 40.8649 ], [ -73.87224, 40.86501 ], [ -73.87229, 40.86511 ], [ -73.87234, 40.86521 ], [ -73.8725, 40.86546 ], [ -73.87251, 40.86548 ], [ -73.87251, 40.86548 ], [ -73.8726, 40.86563 ], [ -73.87271, 40.86577 ], [ -73.87282, 40.86592 ], [ -73.87294, 40.86605 ], [ -73.87306, 40.86619 ], [ -73.8732, 40.86632 ], [ -73.87334, 40.86644 ], [ -73.87364, 40.86654 ], [ -73.87436, 40.86673 ], [ -73.87443, 40.86674 ], [ -73.87453, 40.86677 ], [ -73.87479, 40.86683 ], [ -73.87494, 40.86687 ], [ -73.87495, 40.86687 ], [ -73.87496, 40.86688 ], [ -73.87497, 40.86688 ], [ -73.87498, 40.86688 ], [ -73.87499, 40.86689 ], [ -73.875, 40.86689 ], [ -73.87515, 40.86698 ], [ -73.87515, 40.86698 ], [ -73.87516, 40.86699 ], [ -73.87517, 40.86699 ], [ -73.87529, 40.86708 ], [ -73.87529, 40.86708 ], [ -73.8753, 40.86709 ], [ -73.87531, 40.8671 ], [ -73.87531, 40.8671 ], [ -73.87532, 40.86711 ], [ -73.87543, 40.86724 ], [ -73.87543, 40.86724 ], [ -73.87543, 40.86725 ], [ -73.87544, 40.86725 ], [ -73.87557, 40.86747 ], [ -73.87557, 40.86748 ], [ -73.87557, 40.86748 ], [ -73.87578, 40.86789 ], [ -73.87594, 40.86806 ], [ -73.87604, 40.86816 ], [ -73.87606, 40.86818 ], [ -73.87608, 40.8682 ], [ -73.87609, 40.8682 ], [ -73.8761, 40.86821 ], [ -73.87612, 40.86823 ], [ -73.87613, 40.86825 ], [ -73.87615, 40.86827 ], [ -73.87617, 40.86829 ], [ -73.87618, 40.86831 ], [ -73.87618, 40.86831 ], [ -73.8763, 40.86842 ], [ -73.87648, 40.8686 ], [ -73.87655, 40.86866 ], [ -73.87663, 40.86871 ], [ -73.87672, 40.86876 ], [ -73.8768, 40.86881 ], [ -73.8769, 40.86884 ], [ -73.877, 40.86888 ], [ -73.8771, 40.8689 ], [ -73.8772, 40.86892 ], [ -73.87731, 40.86893 ], [ -73.87741, 40.86893 ], [ -73.87752, 40.86893 ], [ -73.87762, 40.86892 ], [ -73.87773, 40.8689 ], [ -73.87783, 40.86888 ], [ -73.87794, 40.86882 ], [ -73.87805, 40.86877 ], [ -73.87815, 40.86871 ], [ -73.87825, 40.86864 ], [ -73.87834, 40.86857 ], [ -73.87842, 40.86849 ], [ -73.8785, 40.86841 ], [ -73.8785, 40.86841 ], [ -73.87851, 40.86841 ], [ -73.87853, 40.86838 ], [ -73.87853, 40.86837 ], [ -73.87853, 40.86837 ], [ -73.87857, 40.86833 ], [ -73.8786, 40.86829 ], [ -73.87886, 40.86802 ], [ -73.87886, 40.86801 ], [ -73.87887, 40.86801 ], [ -73.87888, 40.868 ], [ -73.87889, 40.86799 ], [ -73.87889, 40.86799 ], [ -73.87901, 40.86791 ], [ -73.87901, 40.86791 ], [ -73.87902, 40.8679 ], [ -73.87903, 40.86789 ], [ -73.87903, 40.86789 ], [ -73.88007, 40.86718 ], [ -73.88012, 40.86716 ], [ -73.88012, 40.86716 ], [ -73.88014, 40.86716 ], [ -73.88017, 40.86714 ], [ -73.88025, 40.86712 ], [ -73.88038, 40.86708 ], [ -73.8805, 40.86703 ], [ -73.88059, 40.867 ], [ -73.88077, 40.86693 ], [ -73.88087, 40.86689 ], [ -73.88099, 40.86684 ], [ -73.88112, 40.86679 ], [ -73.88127, 40.86673 ], [ -73.8814, 40.86668 ], [ -73.88147, 40.86665 ], [ -73.8816, 40.86658 ], [ -73.88178, 40.86649 ], [ -73.88192, 40.86642 ], [ -73.88207, 40.86634 ], [ -73.88209, 40.86632 ], [ -73.88212, 40.86631 ], [ -73.88214, 40.86629 ], [ -73.88222, 40.86625 ], [ -73.88235, 40.86618 ], [ -73.88236, 40.86617 ], [ -73.88238, 40.86616 ], [ -73.88254, 40.86607 ], [ -73.8826, 40.86604 ], [ -73.88272, 40.86597 ], [ -73.88277, 40.86594 ], [ -73.88284, 40.8659 ], [ -73.88292, 40.86586 ], [ -73.88298, 40.86583 ], [ -73.88313, 40.86574 ], [ -73.88315, 40.86573 ], [ -73.88322, 40.86569 ], [ -73.88335, 40.86561 ], [ -73.88342, 40.86557 ], [ -73.88351, 40.86549 ], [ -73.88357, 40.86544 ], [ -73.88361, 40.86539 ], [ -73.88365, 40.86534 ], [ -73.8837, 40.86529 ], [ -73.88374, 40.86523 ], [ -73.88376, 40.86518 ], [ -73.88378, 40.86513 ], [ -73.8838, 40.86509 ], [ -73.88382, 40.86504 ], [ -73.88383, 40.86501 ], [ -73.88384, 40.86497 ], [ -73.88385, 40.86494 ], [ -73.88386, 40.86491 ], [ -73.88387, 40.86482 ], [ -73.88387, 40.86478 ], [ -73.88387, 40.86473 ], [ -73.88386, 40.86467 ], [ -73.88386, 40.86462 ], [ -73.88385, 40.86457 ], [ -73.88383, 40.86451 ], [ -73.88381, 40.86446 ], [ -73.88379, 40.86441 ], [ -73.88377, 40.86436 ], [ -73.88374, 40.86431 ], [ -73.88367, 40.8642 ], [ -73.8834, 40.86388 ], [ -73.88282, 40.86318 ], [ -73.88217, 40.8624 ], [ -73.88214, 40.86237 ], [ -73.88203, 40.86228 ], [ -73.88203, 40.86228 ], [ -73.88203, 40.86228 ], [ -73.88202, 40.86226 ], [ -73.88201, 40.86226 ], [ -73.88198, 40.86224 ], [ -73.88191, 40.86219 ], [ -73.88184, 40.86214 ], [ -73.88178, 40.86211 ], [ -73.8817, 40.86205 ], [ -73.88161, 40.86199 ], [ -73.8815, 40.86192 ], [ -73.88146, 40.8619 ], [ -73.88141, 40.86187 ], [ -73.88116, 40.86169 ], [ -73.88096, 40.86154 ], [ -73.88088, 40.86147 ], [ -73.88076, 40.86137 ], [ -73.8807, 40.86131 ], [ -73.88061, 40.86121 ], [ -73.88058, 40.86116 ], [ -73.88055, 40.86111 ], [ -73.8805, 40.86104 ], [ -73.88046, 40.86095 ], [ -73.88044, 40.86087 ], [ -73.88042, 40.86081 ], [ -73.88041, 40.86078 ], [ -73.8804, 40.86068 ], [ -73.88039, 40.8606 ], [ -73.88039, 40.86053 ], [ -73.8804, 40.86045 ], [ -73.88041, 40.86039 ], [ -73.88042, 40.86031 ], [ -73.88044, 40.86022 ], [ -73.88047, 40.86004 ], [ -73.88054, 40.85971 ], [ -73.88062, 40.85929 ], [ -73.88066, 40.85905 ], [ -73.8807, 40.85884 ], [ -73.88073, 40.85868 ], [ -73.88077, 40.85851 ], [ -73.88079, 40.8584 ], [ -73.8808, 40.8583 ], [ -73.88081, 40.85823 ], [ -73.88081, 40.85818 ], [ -73.88081, 40.8581 ], [ -73.8808, 40.85804 ], [ -73.88079, 40.85795 ], [ -73.88077, 40.85787 ], [ -73.88076, 40.85781 ], [ -73.88074, 40.85775 ], [ -73.88071, 40.85769 ], [ -73.88069, 40.85763 ], [ -73.88067, 40.8576 ], [ -73.88065, 40.85757 ], [ -73.88061, 40.8575 ], [ -73.88055, 40.85743 ], [ -73.88046, 40.85732 ], [ -73.88037, 40.85724 ], [ -73.88021, 40.85713 ], [ -73.87983, 40.8569 ], [ -73.87945, 40.85667 ], [ -73.87929, 40.85657 ], [ -73.87908, 40.85645 ], [ -73.87878, 40.85627 ], [ -73.87866, 40.85619 ], [ -73.87858, 40.85614 ], [ -73.87847, 40.85608 ], [ -73.87838, 40.85603 ], [ -73.8783, 40.85598 ], [ -73.8782, 40.85593 ], [ -73.87811, 40.85589 ], [ -73.87808, 40.85587 ], [ -73.87803, 40.85585 ], [ -73.87799, 40.85584 ], [ -73.87795, 40.85583 ], [ -73.87792, 40.85583 ], [ -73.8779, 40.85582 ], [ -73.87787, 40.85582 ], [ -73.87784, 40.85582 ], [ -73.87782, 40.85582 ], [ -73.87779, 40.85581 ], [ -73.87777, 40.85581 ], [ -73.87776, 40.85581 ], [ -73.87774, 40.85582 ], [ -73.87772, 40.85582 ], [ -73.8777, 40.85582 ], [ -73.87768, 40.85582 ], [ -73.87765, 40.85582 ], [ -73.87763, 40.85581 ], [ -73.87761, 40.8558 ], [ -73.87758, 40.85577 ], [ -73.87755, 40.85576 ], [ -73.87752, 40.85575 ], [ -73.87749, 40.85574 ], [ -73.87746, 40.85573 ], [ -73.87742, 40.85573 ], [ -73.8774, 40.85572 ], [ -73.87737, 40.85572 ], [ -73.87734, 40.85573 ], [ -73.87732, 40.85573 ], [ -73.8773, 40.85573 ], [ -73.8773, 40.85573 ], [ -73.87727, 40.8557 ], [ -73.87725, 40.85568 ], [ -73.87722, 40.85566 ], [ -73.87716, 40.85563 ], [ -73.87712, 40.85561 ], [ -73.87709, 40.8556 ], [ -73.87703, 40.85558 ], [ -73.87698, 40.85557 ], [ -73.87695, 40.85557 ], [ -73.87691, 40.85557 ], [ -73.87681, 40.85557 ], [ -73.87673, 40.85557 ], [ -73.87666, 40.85557 ], [ -73.87656, 40.85558 ], [ -73.8765, 40.85559 ], [ -73.87641, 40.8556 ], [ -73.87636, 40.85561 ], [ -73.87618, 40.85564 ], [ -73.87602, 40.85566 ], [ -73.87569, 40.85573 ], [ -73.87538, 40.85581 ], [ -73.87533, 40.85582 ], [ -73.87518, 40.85585 ] ] ], [ [ [ -73.87012, 40.85654 ], [ -73.87015, 40.85654 ], [ -73.87023, 40.85651 ], [ -73.87032, 40.85647 ], [ -73.8704, 40.85643 ], [ -73.87047, 40.85638 ], [ -73.87054, 40.85633 ], [ -73.87063, 40.85625 ], [ -73.87071, 40.85616 ], [ -73.87079, 40.85607 ], [ -73.87086, 40.85598 ], [ -73.87099, 40.85583 ], [ -73.87111, 40.85568 ], [ -73.87123, 40.85553 ], [ -73.8713, 40.85542 ], [ -73.87138, 40.85531 ], [ -73.87144, 40.8552 ], [ -73.87151, 40.85508 ], [ -73.87156, 40.85497 ], [ -73.87161, 40.85487 ], [ -73.87165, 40.85476 ], [ -73.87168, 40.85466 ], [ -73.87171, 40.85455 ], [ -73.87172, 40.85444 ], [ -73.87171, 40.85412 ], [ -73.87156, 40.85354 ], [ -73.87132, 40.85217 ], [ -73.87118, 40.8509 ], [ -73.87111, 40.84891 ], [ -73.8711, 40.84842 ], [ -73.87108, 40.84792 ], [ -73.87107, 40.84743 ], [ -73.87113, 40.84692 ], [ -73.87118, 40.84642 ], [ -73.87121, 40.84591 ], [ -73.87126, 40.84567 ], [ -73.87142, 40.84503 ], [ -73.87169, 40.84383 ], [ -73.87164, 40.84386 ], [ -73.8716, 40.84387 ], [ -73.87154, 40.84391 ], [ -73.87147, 40.84395 ], [ -73.87146, 40.84396 ], [ -73.87144, 40.84397 ], [ -73.8714, 40.844 ], [ -73.87138, 40.84402 ], [ -73.87135, 40.84405 ], [ -73.87134, 40.84407 ], [ -73.87132, 40.84409 ], [ -73.87131, 40.8441 ], [ -73.87129, 40.84413 ], [ -73.87128, 40.84413 ], [ -73.87124, 40.84418 ], [ -73.87121, 40.84422 ], [ -73.87119, 40.84424 ], [ -73.87115, 40.84429 ], [ -73.87112, 40.84434 ], [ -73.87106, 40.84441 ], [ -73.87102, 40.84447 ], [ -73.87097, 40.84455 ], [ -73.87093, 40.84461 ], [ -73.8709, 40.84465 ], [ -73.87086, 40.84473 ], [ -73.87083, 40.84479 ], [ -73.8708, 40.84484 ], [ -73.87076, 40.84491 ], [ -73.87072, 40.84497 ], [ -73.8707, 40.84502 ], [ -73.87065, 40.8451 ], [ -73.87061, 40.84517 ], [ -73.87057, 40.84523 ], [ -73.87051, 40.84535 ], [ -73.87042, 40.84551 ], [ -73.8704, 40.84555 ], [ -73.87038, 40.84559 ], [ -73.87037, 40.84561 ], [ -73.87017, 40.84595 ], [ -73.86981, 40.84659 ], [ -73.86977, 40.84667 ], [ -73.86975, 40.84669 ], [ -73.86971, 40.84679 ], [ -73.86964, 40.84696 ], [ -73.86952, 40.84722 ], [ -73.86948, 40.8473 ], [ -73.86945, 40.84736 ], [ -73.86942, 40.84745 ], [ -73.86936, 40.84734 ], [ -73.8693, 40.84744 ], [ -73.86954, 40.84782 ], [ -73.86955, 40.84786 ], [ -73.86956, 40.84789 ], [ -73.86956, 40.84792 ], [ -73.86947, 40.84793 ], [ -73.8693, 40.84796 ], [ -73.86897, 40.84802 ], [ -73.869, 40.84802 ], [ -73.86902, 40.84802 ], [ -73.86904, 40.84803 ], [ -73.86906, 40.84803 ], [ -73.86908, 40.84804 ], [ -73.8691, 40.84805 ], [ -73.86912, 40.84807 ], [ -73.86913, 40.84808 ], [ -73.86914, 40.84809 ], [ -73.86915, 40.84811 ], [ -73.86915, 40.84812 ], [ -73.86957, 40.84805 ], [ -73.86957, 40.84809 ], [ -73.86957, 40.8481 ], [ -73.86957, 40.84812 ], [ -73.86958, 40.8482 ], [ -73.86958, 40.84823 ], [ -73.86958, 40.84828 ], [ -73.86957, 40.84833 ], [ -73.86957, 40.84839 ], [ -73.86956, 40.84846 ], [ -73.86956, 40.84851 ], [ -73.86955, 40.84857 ], [ -73.86954, 40.84865 ], [ -73.86952, 40.84873 ], [ -73.86951, 40.8488 ], [ -73.86949, 40.84887 ], [ -73.86948, 40.8489 ], [ -73.86946, 40.84895 ], [ -73.86944, 40.84901 ], [ -73.86942, 40.84905 ], [ -73.86941, 40.84909 ], [ -73.86939, 40.84913 ], [ -73.86937, 40.84917 ], [ -73.86912, 40.84961 ], [ -73.86913, 40.84961 ], [ -73.86909, 40.84966 ], [ -73.86907, 40.8497 ], [ -73.86907, 40.84971 ], [ -73.86903, 40.84977 ], [ -73.86864, 40.85044 ], [ -73.8686, 40.85052 ], [ -73.86856, 40.85058 ], [ -73.86854, 40.85062 ], [ -73.86852, 40.85066 ], [ -73.86851, 40.85069 ], [ -73.8685, 40.85071 ], [ -73.86849, 40.85076 ], [ -73.86849, 40.85079 ], [ -73.86849, 40.85083 ], [ -73.86849, 40.85086 ], [ -73.86849, 40.8509 ], [ -73.8685, 40.85092 ], [ -73.86851, 40.85095 ], [ -73.86853, 40.85101 ], [ -73.86854, 40.85105 ], [ -73.86857, 40.85111 ], [ -73.86919, 40.85287 ], [ -73.86923, 40.85299 ], [ -73.86988, 40.85479 ], [ -73.86994, 40.85496 ], [ -73.87022, 40.85575 ], [ -73.87023, 40.85578 ], [ -73.87024, 40.8558 ], [ -73.87024, 40.85582 ], [ -73.87024, 40.85584 ], [ -73.87023, 40.85585 ], [ -73.87022, 40.85587 ], [ -73.86996, 40.85619 ], [ -73.86987, 40.85631 ], [ -73.86982, 40.85637 ], [ -73.8698, 40.8564 ], [ -73.86979, 40.85641 ], [ -73.86979, 40.85644 ], [ -73.8698, 40.85645 ], [ -73.86982, 40.85648 ], [ -73.86984, 40.85649 ], [ -73.86986, 40.85649 ], [ -73.86989, 40.8565 ], [ -73.86991, 40.8565 ], [ -73.86994, 40.85649 ], [ -73.86997, 40.85648 ], [ -73.87006, 40.85647 ], [ -73.87007, 40.85654 ], [ -73.87012, 40.85654 ] ] ], [ [ [ -73.87246, 40.86928 ], [ -73.8724, 40.86984 ], [ -73.87233, 40.87041 ], [ -73.87225, 40.87098 ], [ -73.87216, 40.87154 ], [ -73.87382, 40.87176 ], [ -73.87383, 40.87176 ], [ -73.87477, 40.87189 ], [ -73.87549, 40.87091 ], [ -73.87555, 40.87083 ], [ -73.87561, 40.87076 ], [ -73.87571, 40.87066 ], [ -73.8758, 40.87056 ], [ -73.87595, 40.87043 ], [ -73.87598, 40.8704 ], [ -73.876, 40.87042 ], [ -73.87614, 40.87029 ], [ -73.8763, 40.8702 ], [ -73.87633, 40.87018 ], [ -73.87653, 40.87006 ], [ -73.87662, 40.87001 ], [ -73.87681, 40.8699 ], [ -73.87942, 40.86842 ], [ -73.87915, 40.86818 ], [ -73.87915, 40.86818 ], [ -73.87887, 40.86847 ], [ -73.87857, 40.86878 ], [ -73.87852, 40.86881 ], [ -73.87847, 40.86884 ], [ -73.87836, 40.8689 ], [ -73.87826, 40.86895 ], [ -73.87814, 40.869 ], [ -73.87803, 40.86904 ], [ -73.87791, 40.86907 ], [ -73.87778, 40.8691 ], [ -73.87766, 40.86912 ], [ -73.87753, 40.86913 ], [ -73.8774, 40.86913 ], [ -73.87728, 40.86913 ], [ -73.87715, 40.86912 ], [ -73.87702, 40.86911 ], [ -73.8769, 40.86909 ], [ -73.87678, 40.86906 ], [ -73.87666, 40.86902 ], [ -73.87654, 40.86898 ], [ -73.87643, 40.86893 ], [ -73.87633, 40.86888 ], [ -73.87621, 40.86877 ], [ -73.87621, 40.86877 ], [ -73.87602, 40.86859 ], [ -73.87601, 40.86859 ], [ -73.87583, 40.86841 ], [ -73.87583, 40.86841 ], [ -73.87583, 40.86841 ], [ -73.87565, 40.86823 ], [ -73.87565, 40.86822 ], [ -73.87547, 40.86804 ], [ -73.87547, 40.86803 ], [ -73.87546, 40.86803 ], [ -73.87546, 40.86802 ], [ -73.87545, 40.86801 ], [ -73.87545, 40.86801 ], [ -73.87524, 40.86758 ], [ -73.87511, 40.86738 ], [ -73.87502, 40.86727 ], [ -73.87493, 40.8672 ], [ -73.8748, 40.86713 ], [ -73.87351, 40.8668 ], [ -73.87351, 40.8668 ], [ -73.8735, 40.8668 ], [ -73.8735, 40.8668 ], [ -73.87331, 40.86673 ], [ -73.87321, 40.86674 ], [ -73.87312, 40.86676 ], [ -73.87304, 40.86679 ], [ -73.87295, 40.86682 ], [ -73.87288, 40.86686 ], [ -73.8728, 40.8669 ], [ -73.87274, 40.86695 ], [ -73.87268, 40.867 ], [ -73.87262, 40.86706 ], [ -73.87258, 40.86712 ], [ -73.87254, 40.86719 ], [ -73.87252, 40.86726 ], [ -73.8725, 40.86733 ], [ -73.87249, 40.8674 ], [ -73.87248, 40.86747 ], [ -73.87248, 40.86748 ], [ -73.87248, 40.86748 ], [ -73.87245, 40.86841 ], [ -73.87246, 40.86875 ], [ -73.87246, 40.86909 ], [ -73.87246, 40.86928 ] ] ], [ [ [ -73.87072, 40.86523 ], [ -73.87073, 40.86523 ], [ -73.87075, 40.86523 ], [ -73.87075, 40.86523 ], [ -73.87088, 40.86525 ], [ -73.87089, 40.86525 ], [ -73.8709, 40.86525 ], [ -73.87091, 40.86525 ], [ -73.871, 40.86527 ], [ -73.87098, 40.86523 ], [ -73.87097, 40.86518 ], [ -73.87097, 40.86514 ], [ -73.87098, 40.86509 ], [ -73.871, 40.86505 ], [ -73.87103, 40.865 ], [ -73.87106, 40.86497 ], [ -73.87111, 40.86493 ], [ -73.87115, 40.8649 ], [ -73.87121, 40.86488 ], [ -73.87126, 40.86486 ], [ -73.87132, 40.86485 ], [ -73.87138, 40.86484 ], [ -73.87144, 40.86485 ], [ -73.8715, 40.86485 ], [ -73.87156, 40.86487 ], [ -73.87162, 40.86489 ], [ -73.87167, 40.86492 ], [ -73.87169, 40.86494 ], [ -73.87172, 40.86496 ], [ -73.87174, 40.86498 ], [ -73.87178, 40.86497 ], [ -73.87178, 40.86497 ], [ -73.87178, 40.86494 ], [ -73.87177, 40.86489 ], [ -73.87176, 40.86483 ], [ -73.87176, 40.86478 ], [ -73.87175, 40.86473 ], [ -73.87174, 40.86467 ], [ -73.87174, 40.86462 ], [ -73.87173, 40.86457 ], [ -73.87172, 40.86451 ], [ -73.87171, 40.86446 ], [ -73.87171, 40.86441 ], [ -73.8717, 40.86435 ], [ -73.87169, 40.8643 ], [ -73.87169, 40.86427 ], [ -73.87168, 40.86422 ], [ -73.87168, 40.8642 ], [ -73.87168, 40.86415 ], [ -73.87167, 40.86412 ], [ -73.87166, 40.86407 ], [ -73.87165, 40.86402 ], [ -73.87165, 40.86399 ], [ -73.87157, 40.86365 ], [ -73.87158, 40.86357 ], [ -73.87159, 40.86335 ], [ -73.8716, 40.86314 ], [ -73.8716, 40.8631 ], [ -73.87161, 40.86295 ], [ -73.87161, 40.86292 ], [ -73.87162, 40.8627 ], [ -73.87163, 40.86248 ], [ -73.87165, 40.86225 ], [ -73.87167, 40.862 ], [ -73.87171, 40.86175 ], [ -73.87171, 40.86172 ], [ -73.87171, 40.86169 ], [ -73.87174, 40.86153 ], [ -73.87176, 40.86138 ], [ -73.8718, 40.86116 ], [ -73.87185, 40.86094 ], [ -73.8719, 40.86073 ], [ -73.87195, 40.86053 ], [ -73.87198, 40.86043 ], [ -73.87201, 40.86028 ], [ -73.87203, 40.8602 ], [ -73.87203, 40.86016 ], [ -73.87204, 40.86012 ], [ -73.87204, 40.86009 ], [ -73.87204, 40.86007 ], [ -73.87204, 40.86006 ], [ -73.87205, 40.86005 ], [ -73.87205, 40.86003 ], [ -73.87205, 40.86002 ], [ -73.87205, 40.86001 ], [ -73.8721, 40.85984 ], [ -73.87219, 40.8595 ], [ -73.87222, 40.85939 ], [ -73.87224, 40.85933 ], [ -73.87225, 40.85929 ], [ -73.87228, 40.85918 ], [ -73.8723, 40.85907 ], [ -73.87232, 40.85895 ], [ -73.87232, 40.85884 ], [ -73.87231, 40.85873 ], [ -73.8723, 40.85861 ], [ -73.87228, 40.8585 ], [ -73.87225, 40.85839 ], [ -73.87219, 40.85827 ], [ -73.87213, 40.85815 ], [ -73.87205, 40.85803 ], [ -73.87197, 40.85792 ], [ -73.87188, 40.85781 ], [ -73.87179, 40.85771 ], [ -73.87169, 40.8576 ], [ -73.87158, 40.85751 ], [ -73.87146, 40.85741 ], [ -73.87134, 40.85732 ], [ -73.87124, 40.85807 ], [ -73.87123, 40.85818 ], [ -73.87119, 40.85848 ], [ -73.87113, 40.85891 ], [ -73.87104, 40.85957 ], [ -73.87102, 40.85969 ], [ -73.87086, 40.86089 ], [ -73.87086, 40.86092 ], [ -73.87084, 40.86104 ], [ -73.87083, 40.86118 ], [ -73.87081, 40.86138 ], [ -73.8708, 40.86151 ], [ -73.87079, 40.86165 ], [ -73.87078, 40.86189 ], [ -73.87076, 40.8621 ], [ -73.87073, 40.86244 ], [ -73.87072, 40.86252 ], [ -73.87072, 40.86257 ], [ -73.87063, 40.8638 ], [ -73.87059, 40.86428 ], [ -73.87059, 40.86433 ], [ -73.87059, 40.86439 ], [ -73.87059, 40.86442 ], [ -73.8706, 40.86463 ], [ -73.87062, 40.86523 ], [ -73.87072, 40.86523 ] ] ], [ [ [ -73.87066, 40.86686 ], [ -73.87067, 40.86688 ], [ -73.87067, 40.86712 ], [ -73.87069, 40.86763 ], [ -73.87069, 40.868 ], [ -73.87071, 40.86828 ], [ -73.87071, 40.86849 ], [ -73.87072, 40.8686 ], [ -73.87076, 40.87006 ], [ -73.87076, 40.87014 ], [ -73.8708, 40.87134 ], [ -73.8719, 40.87148 ], [ -73.8719, 40.87147 ], [ -73.8719, 40.87147 ], [ -73.87191, 40.87145 ], [ -73.87191, 40.87144 ], [ -73.87191, 40.87142 ], [ -73.87192, 40.87139 ], [ -73.87193, 40.87134 ], [ -73.87193, 40.87131 ], [ -73.87194, 40.87129 ], [ -73.87194, 40.87129 ], [ -73.87194, 40.87128 ], [ -73.87195, 40.87124 ], [ -73.87195, 40.87123 ], [ -73.87195, 40.87123 ], [ -73.87196, 40.87118 ], [ -73.87196, 40.87118 ], [ -73.87196, 40.87118 ], [ -73.87197, 40.87113 ], [ -73.87197, 40.87112 ], [ -73.87198, 40.87107 ], [ -73.87198, 40.87107 ], [ -73.87198, 40.87102 ], [ -73.87198, 40.87102 ], [ -73.87198, 40.87101 ], [ -73.87199, 40.87097 ], [ -73.87199, 40.87096 ], [ -73.872, 40.87091 ], [ -73.872, 40.87091 ], [ -73.872, 40.87085 ], [ -73.87201, 40.8708 ], [ -73.87202, 40.87075 ], [ -73.87202, 40.87074 ], [ -73.87202, 40.87074 ], [ -73.87205, 40.87034 ], [ -73.87208, 40.86994 ], [ -73.8721, 40.86954 ], [ -73.87211, 40.86913 ], [ -73.87211, 40.86873 ], [ -73.87211, 40.86833 ], [ -73.87211, 40.86828 ], [ -73.87211, 40.86828 ], [ -73.87211, 40.86828 ], [ -73.87211, 40.86824 ], [ -73.8721, 40.86789 ], [ -73.8721, 40.86783 ], [ -73.87209, 40.86775 ], [ -73.87207, 40.86767 ], [ -73.87205, 40.86759 ], [ -73.87202, 40.86752 ], [ -73.87198, 40.86745 ], [ -73.87194, 40.86738 ], [ -73.87186, 40.86727 ], [ -73.87177, 40.86716 ], [ -73.87167, 40.86706 ], [ -73.87157, 40.86696 ], [ -73.87107, 40.86648 ], [ -73.87102, 40.86644 ], [ -73.87098, 40.8664 ], [ -73.87095, 40.86635 ], [ -73.87093, 40.8663 ], [ -73.87092, 40.86625 ], [ -73.87091, 40.8662 ], [ -73.8709, 40.86554 ], [ -73.87081, 40.86552 ], [ -73.87071, 40.86551 ], [ -73.87063, 40.86551 ], [ -73.87066, 40.86676 ], [ -73.87066, 40.86686 ] ] ], [ [ [ -73.87248, 40.85916 ], [ -73.87235, 40.85965 ], [ -73.87222, 40.86015 ], [ -73.872, 40.86094 ], [ -73.87198, 40.86102 ], [ -73.87193, 40.86127 ], [ -73.87189, 40.86153 ], [ -73.87185, 40.86179 ], [ -73.87182, 40.86205 ], [ -73.87175, 40.86371 ], [ -73.87178, 40.86396 ], [ -73.8718, 40.86418 ], [ -73.87181, 40.86423 ], [ -73.87182, 40.86439 ], [ -73.87183, 40.86446 ], [ -73.87185, 40.86461 ], [ -73.87188, 40.86482 ], [ -73.87188, 40.86484 ], [ -73.87196, 40.86485 ], [ -73.87195, 40.86451 ], [ -73.87195, 40.86442 ], [ -73.87195, 40.86435 ], [ -73.87195, 40.8643 ], [ -73.87195, 40.86406 ], [ -73.87196, 40.86381 ], [ -73.87197, 40.86377 ], [ -73.87198, 40.86355 ], [ -73.872, 40.8634 ], [ -73.872, 40.86334 ], [ -73.87203, 40.86312 ], [ -73.87206, 40.8629 ], [ -73.87209, 40.86267 ], [ -73.87212, 40.86243 ], [ -73.87215, 40.86219 ], [ -73.87218, 40.86195 ], [ -73.87218, 40.8619 ], [ -73.87219, 40.86185 ], [ -73.8722, 40.86179 ], [ -73.8722, 40.86179 ], [ -73.8722, 40.86179 ], [ -73.8722, 40.86175 ], [ -73.8722, 40.86174 ], [ -73.87221, 40.86169 ], [ -73.87221, 40.86166 ], [ -73.87222, 40.86163 ], [ -73.87222, 40.86161 ], [ -73.87222, 40.86158 ], [ -73.87223, 40.86153 ], [ -73.87223, 40.8615 ], [ -73.87224, 40.86147 ], [ -73.87224, 40.86142 ], [ -73.87224, 40.86142 ], [ -73.87224, 40.86142 ], [ -73.87225, 40.86137 ], [ -73.87226, 40.86132 ], [ -73.87226, 40.86127 ], [ -73.87227, 40.86121 ], [ -73.8723, 40.86097 ], [ -73.87233, 40.86073 ], [ -73.87234, 40.86064 ], [ -73.87236, 40.86049 ], [ -73.87239, 40.86025 ], [ -73.8724, 40.8602 ], [ -73.87241, 40.86014 ], [ -73.87241, 40.86009 ], [ -73.87242, 40.86003 ], [ -73.87243, 40.85998 ], [ -73.87243, 40.85992 ], [ -73.87244, 40.85987 ], [ -73.87245, 40.85982 ], [ -73.87245, 40.85976 ], [ -73.87246, 40.85974 ], [ -73.87246, 40.85971 ], [ -73.87247, 40.85966 ], [ -73.87247, 40.85966 ], [ -73.87247, 40.85965 ], [ -73.87247, 40.8596 ], [ -73.87248, 40.85954 ], [ -73.87249, 40.85949 ], [ -73.8725, 40.85944 ], [ -73.87252, 40.85924 ], [ -73.87254, 40.85908 ], [ -73.87252, 40.85908 ], [ -73.87248, 40.85916 ] ] ], [ [ [ -73.87174, 40.85756 ], [ -73.87185, 40.85767 ], [ -73.87196, 40.85779 ], [ -73.87207, 40.85791 ], [ -73.87216, 40.85804 ], [ -73.87224, 40.85817 ], [ -73.87229, 40.85828 ], [ -73.87233, 40.85839 ], [ -73.87236, 40.8585 ], [ -73.87238, 40.85862 ], [ -73.87239, 40.85873 ], [ -73.87242, 40.85856 ], [ -73.87244, 40.85839 ], [ -73.87246, 40.85821 ], [ -73.87247, 40.85804 ], [ -73.87247, 40.85787 ], [ -73.87247, 40.85769 ], [ -73.87246, 40.85752 ], [ -73.87246, 40.85737 ], [ -73.87245, 40.85728 ], [ -73.87242, 40.85712 ], [ -73.8724, 40.85716 ], [ -73.87238, 40.8572 ], [ -73.87235, 40.85724 ], [ -73.87231, 40.85728 ], [ -73.87226, 40.85731 ], [ -73.87221, 40.85734 ], [ -73.87215, 40.85736 ], [ -73.8721, 40.85737 ], [ -73.87204, 40.85738 ], [ -73.87197, 40.85739 ], [ -73.87191, 40.85738 ], [ -73.87185, 40.85738 ], [ -73.87178, 40.85737 ], [ -73.87172, 40.85735 ], [ -73.87167, 40.85733 ], [ -73.87161, 40.8573 ], [ -73.87157, 40.85726 ], [ -73.87153, 40.85722 ], [ -73.8715, 40.85718 ], [ -73.87147, 40.85713 ], [ -73.87145, 40.85708 ], [ -73.87144, 40.85703 ], [ -73.87144, 40.85698 ], [ -73.87144, 40.85693 ], [ -73.87145, 40.85688 ], [ -73.87147, 40.85684 ], [ -73.8715, 40.85679 ], [ -73.87155, 40.85675 ], [ -73.8716, 40.85671 ], [ -73.87166, 40.85667 ], [ -73.8715, 40.85671 ], [ -73.87149, 40.85669 ], [ -73.87143, 40.8567 ], [ -73.87142, 40.8567 ], [ -73.87128, 40.85674 ], [ -73.87123, 40.85675 ], [ -73.87122, 40.85675 ], [ -73.87084, 40.85686 ], [ -73.87078, 40.85687 ], [ -73.87077, 40.85688 ], [ -73.87074, 40.85688 ], [ -73.87061, 40.85692 ], [ -73.87062, 40.85692 ], [ -73.87062, 40.85693 ], [ -73.87063, 40.85694 ], [ -73.87063, 40.85694 ], [ -73.87064, 40.85695 ], [ -73.87068, 40.85696 ], [ -73.87079, 40.85697 ], [ -73.87092, 40.857 ], [ -73.8711, 40.85707 ], [ -73.87116, 40.8571 ], [ -73.87123, 40.85713 ], [ -73.8713, 40.85718 ], [ -73.87136, 40.85716 ], [ -73.87135, 40.85721 ], [ -73.87141, 40.85725 ], [ -73.87145, 40.8573 ], [ -73.8715, 40.85734 ], [ -73.87162, 40.85745 ], [ -73.87174, 40.85756 ] ] ], [ [ [ -73.87973, 40.86781 ], [ -73.87974, 40.86781 ], [ -73.87974, 40.86782 ], [ -73.87991, 40.86816 ], [ -73.87994, 40.86815 ], [ -73.87999, 40.86812 ], [ -73.88118, 40.86748 ], [ -73.88119, 40.8675 ], [ -73.88152, 40.86732 ], [ -73.8815, 40.8673 ], [ -73.88147, 40.86727 ], [ -73.88146, 40.86726 ], [ -73.88143, 40.86725 ], [ -73.88141, 40.86724 ], [ -73.88138, 40.86722 ], [ -73.88135, 40.86721 ], [ -73.88132, 40.8672 ], [ -73.88128, 40.8672 ], [ -73.88123, 40.86719 ], [ -73.88118, 40.86719 ], [ -73.88113, 40.86719 ], [ -73.8811, 40.86719 ], [ -73.88108, 40.86719 ], [ -73.88105, 40.8672 ], [ -73.88099, 40.8672 ], [ -73.88097, 40.86721 ], [ -73.88095, 40.86721 ], [ -73.88089, 40.86723 ], [ -73.88034, 40.86737 ], [ -73.88029, 40.86738 ], [ -73.88018, 40.86741 ], [ -73.88002, 40.86753 ], [ -73.8797, 40.86777 ], [ -73.87971, 40.86778 ], [ -73.87972, 40.86779 ], [ -73.87972, 40.86778 ], [ -73.87972, 40.86779 ], [ -73.87973, 40.86781 ] ] ], [ [ [ -73.87126, 40.85559 ], [ -73.87117, 40.85573 ], [ -73.87107, 40.85587 ], [ -73.87096, 40.856 ], [ -73.87085, 40.85613 ], [ -73.87072, 40.85626 ], [ -73.87059, 40.85638 ], [ -73.87053, 40.85643 ], [ -73.87046, 40.85647 ], [ -73.87039, 40.85651 ], [ -73.87031, 40.85654 ], [ -73.8704, 40.85654 ], [ -73.87043, 40.85654 ], [ -73.87045, 40.85654 ], [ -73.87064, 40.85654 ], [ -73.87066, 40.85654 ], [ -73.87074, 40.85654 ], [ -73.87085, 40.85653 ], [ -73.87087, 40.85653 ], [ -73.87093, 40.85652 ], [ -73.87103, 40.85651 ], [ -73.87106, 40.85651 ], [ -73.87109, 40.8565 ], [ -73.87126, 40.85647 ], [ -73.87137, 40.85645 ], [ -73.87152, 40.8564 ], [ -73.87146, 40.8564 ], [ -73.8714, 40.85638 ], [ -73.87135, 40.85636 ], [ -73.8713, 40.85633 ], [ -73.87125, 40.85629 ], [ -73.8712, 40.85625 ], [ -73.87116, 40.8562 ], [ -73.87113, 40.85615 ], [ -73.8711, 40.85609 ], [ -73.87108, 40.85604 ], [ -73.87108, 40.85598 ], [ -73.87109, 40.85593 ], [ -73.87111, 40.85587 ], [ -73.87113, 40.85582 ], [ -73.87116, 40.85577 ], [ -73.8712, 40.85572 ], [ -73.87125, 40.85568 ], [ -73.8713, 40.85564 ], [ -73.87136, 40.8556 ], [ -73.87142, 40.85557 ], [ -73.87148, 40.85556 ], [ -73.87155, 40.85554 ], [ -73.87162, 40.85554 ], [ -73.87168, 40.85554 ], [ -73.87175, 40.85554 ], [ -73.87182, 40.85555 ], [ -73.87187, 40.85557 ], [ -73.87193, 40.85559 ], [ -73.87198, 40.85561 ], [ -73.87202, 40.85564 ], [ -73.87206, 40.85567 ], [ -73.8721, 40.85571 ], [ -73.87213, 40.85575 ], [ -73.87213, 40.85575 ], [ -73.87213, 40.85575 ], [ -73.87213, 40.85576 ], [ -73.87214, 40.85576 ], [ -73.87214, 40.85576 ], [ -73.87214, 40.85576 ], [ -73.87214, 40.85576 ], [ -73.87215, 40.85576 ], [ -73.87215, 40.85576 ], [ -73.87215, 40.85576 ], [ -73.87215, 40.85576 ], [ -73.87211, 40.85556 ], [ -73.87211, 40.85556 ], [ -73.87205, 40.85531 ], [ -73.87201, 40.85513 ], [ -73.87201, 40.85513 ], [ -73.87196, 40.85493 ], [ -73.87189, 40.85465 ], [ -73.87182, 40.85437 ], [ -73.8718, 40.8545 ], [ -73.87178, 40.85462 ], [ -73.87174, 40.85474 ], [ -73.8717, 40.85486 ], [ -73.87165, 40.85499 ], [ -73.87158, 40.85512 ], [ -73.87151, 40.85524 ], [ -73.87144, 40.85536 ], [ -73.87135, 40.85548 ], [ -73.87126, 40.85559 ] ] ], [ [ [ -73.87276, 40.85743 ], [ -73.87277, 40.85763 ], [ -73.87278, 40.85782 ], [ -73.87284, 40.85796 ], [ -73.87291, 40.85785 ], [ -73.87297, 40.85775 ], [ -73.87304, 40.85765 ], [ -73.87346, 40.85712 ], [ -73.87388, 40.85658 ], [ -73.87395, 40.8565 ], [ -73.874, 40.85643 ], [ -73.87406, 40.85636 ], [ -73.87413, 40.8563 ], [ -73.87418, 40.85624 ], [ -73.87424, 40.85619 ], [ -73.8743, 40.85614 ], [ -73.87437, 40.8561 ], [ -73.87444, 40.85606 ], [ -73.87452, 40.85602 ], [ -73.8746, 40.85599 ], [ -73.87459, 40.85597 ], [ -73.87448, 40.85599 ], [ -73.87441, 40.856 ], [ -73.87434, 40.85602 ], [ -73.87427, 40.85603 ], [ -73.87401, 40.85608 ], [ -73.87375, 40.85613 ], [ -73.87368, 40.85614 ], [ -73.87366, 40.85615 ], [ -73.87363, 40.85616 ], [ -73.87363, 40.85617 ], [ -73.87327, 40.85626 ], [ -73.87333, 40.85627 ], [ -73.87339, 40.85628 ], [ -73.87345, 40.8563 ], [ -73.8735, 40.85633 ], [ -73.87355, 40.85637 ], [ -73.8736, 40.8564 ], [ -73.87363, 40.85645 ], [ -73.87367, 40.85649 ], [ -73.87369, 40.85654 ], [ -73.87371, 40.85659 ], [ -73.87371, 40.85665 ], [ -73.87371, 40.8567 ], [ -73.8737, 40.85675 ], [ -73.87369, 40.8568 ], [ -73.87366, 40.85685 ], [ -73.87363, 40.85689 ], [ -73.87359, 40.85694 ], [ -73.87354, 40.85697 ], [ -73.87349, 40.857 ], [ -73.87343, 40.85703 ], [ -73.87336, 40.85705 ], [ -73.87328, 40.85707 ], [ -73.87325, 40.85707 ], [ -73.87317, 40.85707 ], [ -73.8731, 40.85706 ], [ -73.87302, 40.85705 ], [ -73.87295, 40.85703 ], [ -73.87288, 40.85701 ], [ -73.87286, 40.857 ], [ -73.87282, 40.85697 ], [ -73.87278, 40.85693 ], [ -73.87274, 40.85689 ], [ -73.87271, 40.85685 ], [ -73.87269, 40.8568 ], [ -73.87264, 40.8566 ], [ -73.87268, 40.8568 ], [ -73.87271, 40.85702 ], [ -73.87274, 40.85723 ], [ -73.87276, 40.85743 ] ] ], [ [ [ -73.87288, 40.85529 ], [ -73.87281, 40.8553 ], [ -73.87274, 40.85532 ], [ -73.87267, 40.85535 ], [ -73.87262, 40.85538 ], [ -73.87257, 40.85542 ], [ -73.87253, 40.85546 ], [ -73.8725, 40.8555 ], [ -73.87248, 40.85555 ], [ -73.87247, 40.8556 ], [ -73.87246, 40.85566 ], [ -73.87247, 40.85571 ], [ -73.87255, 40.85611 ], [ -73.87264, 40.85609 ], [ -73.87328, 40.85594 ], [ -73.87333, 40.8559 ], [ -73.87337, 40.85586 ], [ -73.8734, 40.85582 ], [ -73.87342, 40.85577 ], [ -73.87344, 40.85573 ], [ -73.87345, 40.85568 ], [ -73.87345, 40.85563 ], [ -73.87344, 40.85558 ], [ -73.87342, 40.85553 ], [ -73.87339, 40.85548 ], [ -73.87336, 40.85544 ], [ -73.87332, 40.8554 ], [ -73.87327, 40.85537 ], [ -73.87321, 40.85534 ], [ -73.87315, 40.85531 ], [ -73.87309, 40.8553 ], [ -73.87302, 40.85529 ], [ -73.87295, 40.85529 ], [ -73.87288, 40.85529 ] ] ], [ [ [ -73.8716, 40.8556 ], [ -73.87154, 40.85561 ], [ -73.87148, 40.85563 ], [ -73.87142, 40.85565 ], [ -73.87136, 40.85567 ], [ -73.87131, 40.8557 ], [ -73.87126, 40.85574 ], [ -73.87123, 40.85578 ], [ -73.8712, 40.85582 ], [ -73.87117, 40.85587 ], [ -73.87116, 40.85592 ], [ -73.87115, 40.85597 ], [ -73.87115, 40.85602 ], [ -73.87116, 40.85607 ], [ -73.87119, 40.85612 ], [ -73.87121, 40.85616 ], [ -73.87125, 40.85621 ], [ -73.87129, 40.85625 ], [ -73.87134, 40.85628 ], [ -73.87139, 40.85631 ], [ -73.87144, 40.85633 ], [ -73.8715, 40.85634 ], [ -73.87156, 40.85636 ], [ -73.87165, 40.85637 ], [ -73.8717, 40.85636 ], [ -73.87169, 40.85633 ], [ -73.8718, 40.8563 ], [ -73.87222, 40.8562 ], [ -73.87216, 40.85595 ], [ -73.87215, 40.8559 ], [ -73.87213, 40.85585 ], [ -73.8721, 40.8558 ], [ -73.87207, 40.85575 ], [ -73.87202, 40.85571 ], [ -73.87197, 40.85568 ], [ -73.87192, 40.85566 ], [ -73.87186, 40.85563 ], [ -73.8718, 40.85562 ], [ -73.87173, 40.85561 ], [ -73.87167, 40.8556 ], [ -73.8716, 40.8556 ] ] ], [ [ [ -73.87327, 40.85529 ], [ -73.87332, 40.85532 ], [ -73.87337, 40.85535 ], [ -73.87341, 40.85539 ], [ -73.87344, 40.85543 ], [ -73.87347, 40.85547 ], [ -73.8735, 40.85551 ], [ -73.87351, 40.85556 ], [ -73.87353, 40.85561 ], [ -73.87353, 40.85566 ], [ -73.87352, 40.85571 ], [ -73.87351, 40.85576 ], [ -73.87348, 40.85581 ], [ -73.87344, 40.85586 ], [ -73.8734, 40.85591 ], [ -73.87429, 40.85572 ], [ -73.8742, 40.8557 ], [ -73.87412, 40.85568 ], [ -73.87403, 40.85566 ], [ -73.87393, 40.85563 ], [ -73.87384, 40.85559 ], [ -73.87375, 40.85555 ], [ -73.87366, 40.8555 ], [ -73.87358, 40.85545 ], [ -73.87325, 40.85526 ], [ -73.87326, 40.85526 ], [ -73.8731, 40.85516 ], [ -73.87294, 40.85506 ], [ -73.87279, 40.85495 ], [ -73.87264, 40.85484 ], [ -73.87251, 40.85472 ], [ -73.87237, 40.8546 ], [ -73.87225, 40.85447 ], [ -73.87213, 40.85434 ], [ -73.87222, 40.85479 ], [ -73.87231, 40.85524 ], [ -73.87239, 40.85551 ], [ -73.8724, 40.85551 ], [ -73.87241, 40.85551 ], [ -73.87244, 40.85546 ], [ -73.87248, 40.85541 ], [ -73.87253, 40.85537 ], [ -73.87259, 40.85533 ], [ -73.87265, 40.85529 ], [ -73.87272, 40.85526 ], [ -73.87278, 40.85525 ], [ -73.87284, 40.85523 ], [ -73.8729, 40.85523 ], [ -73.87296, 40.85522 ], [ -73.87302, 40.85523 ], [ -73.87309, 40.85524 ], [ -73.87315, 40.85525 ], [ -73.87321, 40.85526 ], [ -73.87327, 40.85529 ] ] ], [ [ [ -73.87308, 40.85631 ], [ -73.873, 40.85633 ], [ -73.87284, 40.85637 ], [ -73.87276, 40.85639 ], [ -73.87265, 40.85641 ], [ -73.87273, 40.85676 ], [ -73.87274, 40.85679 ], [ -73.87276, 40.85683 ], [ -73.87278, 40.85686 ], [ -73.87281, 40.85689 ], [ -73.87285, 40.85692 ], [ -73.87287, 40.85693 ], [ -73.8729, 40.85695 ], [ -73.87296, 40.85697 ], [ -73.87296, 40.85697 ], [ -73.87296, 40.85697 ], [ -73.87302, 40.85699 ], [ -73.87309, 40.85701 ], [ -73.87315, 40.85701 ], [ -73.87322, 40.85701 ], [ -73.87329, 40.857 ], [ -73.87335, 40.85699 ], [ -73.87341, 40.85696 ], [ -73.87347, 40.85694 ], [ -73.87352, 40.8569 ], [ -73.87355, 40.85687 ], [ -73.87357, 40.85684 ], [ -73.87359, 40.8568 ], [ -73.87361, 40.85676 ], [ -73.87362, 40.85673 ], [ -73.87363, 40.85669 ], [ -73.87364, 40.85665 ], [ -73.87363, 40.85661 ], [ -73.87362, 40.85657 ], [ -73.87361, 40.85653 ], [ -73.87359, 40.8565 ], [ -73.87356, 40.85647 ], [ -73.87353, 40.85643 ], [ -73.87349, 40.8564 ], [ -73.87344, 40.85637 ], [ -73.8734, 40.85635 ], [ -73.87335, 40.85633 ], [ -73.8733, 40.85631 ], [ -73.87324, 40.8563 ], [ -73.87319, 40.85629 ], [ -73.87313, 40.85629 ], [ -73.87308, 40.85631 ] ] ], [ [ [ -73.87221, 40.85658 ], [ -73.8721, 40.8566 ], [ -73.872, 40.85663 ], [ -73.8719, 40.85666 ], [ -73.8718, 40.8567 ], [ -73.87171, 40.85674 ], [ -73.87167, 40.85676 ], [ -73.87162, 40.85679 ], [ -73.87159, 40.85682 ], [ -73.87156, 40.85686 ], [ -73.87153, 40.8569 ], [ -73.87152, 40.85694 ], [ -73.87151, 40.85698 ], [ -73.87151, 40.85702 ], [ -73.87151, 40.85706 ], [ -73.87152, 40.8571 ], [ -73.87154, 40.85714 ], [ -73.87156, 40.85717 ], [ -73.87159, 40.8572 ], [ -73.87163, 40.85723 ], [ -73.87167, 40.85726 ], [ -73.87171, 40.85728 ], [ -73.87175, 40.8573 ], [ -73.8718, 40.85732 ], [ -73.87185, 40.85733 ], [ -73.87191, 40.85734 ], [ -73.87196, 40.85734 ], [ -73.87202, 40.85733 ], [ -73.87209, 40.85732 ], [ -73.87215, 40.8573 ], [ -73.87221, 40.85727 ], [ -73.87226, 40.85724 ], [ -73.8723, 40.8572 ], [ -73.87234, 40.85716 ], [ -73.87237, 40.85713 ], [ -73.87239, 40.85709 ], [ -73.8724, 40.85705 ], [ -73.8724, 40.85701 ], [ -73.8724, 40.85699 ], [ -73.8724, 40.85698 ], [ -73.87239, 40.85693 ], [ -73.87238, 40.85689 ], [ -73.87237, 40.85681 ], [ -73.87235, 40.85673 ], [ -73.87231, 40.85656 ], [ -73.87221, 40.85658 ] ] ], [ [ [ -73.87207, 40.86481 ], [ -73.87208, 40.86503 ], [ -73.8721, 40.86525 ], [ -73.87212, 40.86547 ], [ -73.87214, 40.86566 ], [ -73.87217, 40.86585 ], [ -73.87218, 40.86594 ], [ -73.87261, 40.86616 ], [ -73.873, 40.86633 ], [ -73.87313, 40.86637 ], [ -73.87301, 40.86625 ], [ -73.8729, 40.86613 ], [ -73.8728, 40.86601 ], [ -73.8727, 40.86588 ], [ -73.87259, 40.86574 ], [ -73.87247, 40.86557 ], [ -73.87236, 40.8654 ], [ -73.87235, 40.86538 ], [ -73.87232, 40.86532 ], [ -73.87228, 40.86527 ], [ -73.87224, 40.86519 ], [ -73.8722, 40.86511 ], [ -73.87218, 40.86505 ], [ -73.87218, 40.86504 ], [ -73.87214, 40.86493 ], [ -73.87211, 40.86482 ], [ -73.87211, 40.86481 ], [ -73.87211, 40.8648 ], [ -73.87211, 40.8648 ], [ -73.87209, 40.86471 ], [ -73.87207, 40.86471 ], [ -73.87207, 40.86481 ] ] ], [ [ [ -73.87177, 40.86513 ], [ -73.87176, 40.86509 ], [ -73.87174, 40.86505 ], [ -73.87171, 40.86501 ], [ -73.87167, 40.86498 ], [ -73.87163, 40.86495 ], [ -73.87158, 40.86493 ], [ -73.87153, 40.86491 ], [ -73.87147, 40.8649 ], [ -73.87141, 40.8649 ], [ -73.87136, 40.8649 ], [ -73.8713, 40.86491 ], [ -73.87125, 40.86493 ], [ -73.8712, 40.86495 ], [ -73.87116, 40.86498 ], [ -73.87112, 40.86501 ], [ -73.87109, 40.86505 ], [ -73.87107, 40.86509 ], [ -73.87106, 40.86513 ], [ -73.87105, 40.86517 ], [ -73.87105, 40.86521 ], [ -73.87107, 40.86526 ], [ -73.87109, 40.8653 ], [ -73.87121, 40.86534 ], [ -73.87122, 40.86534 ], [ -73.87123, 40.86534 ], [ -73.87124, 40.86535 ], [ -73.87125, 40.86535 ], [ -73.87125, 40.86536 ], [ -73.87139, 40.86544 ], [ -73.87139, 40.86544 ], [ -73.8714, 40.86545 ], [ -73.8714, 40.86545 ], [ -73.87156, 40.86558 ], [ -73.87186, 40.86578 ], [ -73.87188, 40.86579 ], [ -73.87182, 40.86531 ], [ -73.87177, 40.86513 ] ] ], [ [ [ -73.87224, 40.86639 ], [ -73.87229, 40.86674 ], [ -73.87234, 40.86709 ], [ -73.87237, 40.86745 ], [ -73.8724, 40.8678 ], [ -73.87242, 40.8678 ], [ -73.87244, 40.86734 ], [ -73.87245, 40.86728 ], [ -73.87247, 40.86721 ], [ -73.8725, 40.86715 ], [ -73.87253, 40.86709 ], [ -73.87258, 40.86703 ], [ -73.87263, 40.86697 ], [ -73.87268, 40.86692 ], [ -73.87274, 40.86688 ], [ -73.87281, 40.86683 ], [ -73.87288, 40.8668 ], [ -73.87296, 40.86676 ], [ -73.87304, 40.86674 ], [ -73.87313, 40.86672 ], [ -73.87321, 40.8667 ], [ -73.87284, 40.86657 ], [ -73.87283, 40.86657 ], [ -73.87282, 40.86657 ], [ -73.87242, 40.86639 ], [ -73.87242, 40.86639 ], [ -73.87241, 40.86639 ], [ -73.87222, 40.86629 ], [ -73.87224, 40.86639 ] ] ], [ [ [ -73.87168, 40.86694 ], [ -73.87176, 40.86703 ], [ -73.87184, 40.86711 ], [ -73.87191, 40.8672 ], [ -73.87197, 40.8673 ], [ -73.87202, 40.86737 ], [ -73.87205, 40.86743 ], [ -73.87208, 40.86749 ], [ -73.87205, 40.86703 ], [ -73.87202, 40.86678 ], [ -73.87198, 40.86652 ], [ -73.87198, 40.8665 ], [ -73.87198, 40.86649 ], [ -73.87195, 40.86631 ], [ -73.87194, 40.86633 ], [ -73.87191, 40.86637 ], [ -73.87188, 40.86641 ], [ -73.87184, 40.86644 ], [ -73.87179, 40.86648 ], [ -73.87174, 40.8665 ], [ -73.87168, 40.86652 ], [ -73.87163, 40.86654 ], [ -73.87157, 40.86655 ], [ -73.87154, 40.86655 ], [ -73.8715, 40.86655 ], [ -73.87144, 40.86655 ], [ -73.87138, 40.86655 ], [ -73.87132, 40.86653 ], [ -73.87126, 40.86651 ], [ -73.87121, 40.86648 ], [ -73.87116, 40.86644 ], [ -73.87167, 40.86694 ], [ -73.87168, 40.86694 ] ] ], [ [ [ -73.87113, 40.86626 ], [ -73.87115, 40.8663 ], [ -73.87118, 40.86634 ], [ -73.87121, 40.86638 ], [ -73.87125, 40.86641 ], [ -73.8713, 40.86644 ], [ -73.87135, 40.86646 ], [ -73.87141, 40.86647 ], [ -73.87147, 40.86648 ], [ -73.87153, 40.86648 ], [ -73.87159, 40.86648 ], [ -73.87164, 40.86647 ], [ -73.8717, 40.86645 ], [ -73.87175, 40.86643 ], [ -73.87179, 40.8664 ], [ -73.87183, 40.86636 ], [ -73.87187, 40.86633 ], [ -73.87189, 40.86628 ], [ -73.8719, 40.86624 ], [ -73.87191, 40.8662 ], [ -73.87191, 40.8662 ], [ -73.87191, 40.86619 ], [ -73.87191, 40.86619 ], [ -73.87191, 40.86619 ], [ -73.87191, 40.86618 ], [ -73.87191, 40.86618 ], [ -73.87187, 40.86611 ], [ -73.87165, 40.866 ], [ -73.87165, 40.866 ], [ -73.87164, 40.866 ], [ -73.87163, 40.86599 ], [ -73.87156, 40.86594 ], [ -73.87147, 40.86591 ], [ -73.87142, 40.86591 ], [ -73.87136, 40.86592 ], [ -73.87131, 40.86594 ], [ -73.87127, 40.86596 ], [ -73.87123, 40.86598 ], [ -73.87119, 40.86601 ], [ -73.87116, 40.86605 ], [ -73.87114, 40.86609 ], [ -73.87113, 40.86613 ], [ -73.87112, 40.86617 ], [ -73.87112, 40.86621 ], [ -73.87113, 40.86626 ] ] ], [ [ [ -73.88249, 40.86647 ], [ -73.88247, 40.86647 ], [ -73.88245, 40.86648 ], [ -73.88243, 40.86648 ], [ -73.88241, 40.86648 ], [ -73.88239, 40.86649 ], [ -73.8823, 40.86652 ], [ -73.88221, 40.86657 ], [ -73.88213, 40.86662 ], [ -73.88208, 40.86665 ], [ -73.88203, 40.86668 ], [ -73.88201, 40.8667 ], [ -73.88198, 40.86673 ], [ -73.88195, 40.86676 ], [ -73.88193, 40.86678 ], [ -73.88191, 40.8668 ], [ -73.8819, 40.86683 ], [ -73.88189, 40.86685 ], [ -73.88189, 40.86687 ], [ -73.88189, 40.86689 ], [ -73.88189, 40.86692 ], [ -73.88189, 40.86694 ], [ -73.88191, 40.867 ], [ -73.88193, 40.86704 ], [ -73.88193, 40.86705 ], [ -73.88195, 40.86707 ], [ -73.88196, 40.86709 ], [ -73.88287, 40.86661 ], [ -73.88285, 40.86659 ], [ -73.88283, 40.86658 ], [ -73.88281, 40.86656 ], [ -73.88277, 40.86654 ], [ -73.88274, 40.86653 ], [ -73.88273, 40.86652 ], [ -73.88273, 40.86652 ], [ -73.88273, 40.86652 ], [ -73.88272, 40.86652 ], [ -73.88271, 40.86652 ], [ -73.8827, 40.86651 ], [ -73.88269, 40.86651 ], [ -73.88268, 40.86651 ], [ -73.88266, 40.8665 ], [ -73.88265, 40.8665 ], [ -73.88263, 40.86649 ], [ -73.8826, 40.86648 ], [ -73.88258, 40.86648 ], [ -73.88252, 40.86647 ], [ -73.8825, 40.86647 ], [ -73.88249, 40.86647 ], [ -73.88249, 40.86647 ], [ -73.88249, 40.86647 ], [ -73.88249, 40.86647 ] ] ], [ [ [ -73.871, 40.86607 ], [ -73.871, 40.86608 ], [ -73.871, 40.86608 ], [ -73.871, 40.86608 ], [ -73.87101, 40.86609 ], [ -73.87101, 40.86609 ], [ -73.87102, 40.86609 ], [ -73.87102, 40.86609 ], [ -73.87103, 40.86609 ], [ -73.87103, 40.86609 ], [ -73.87104, 40.86609 ], [ -73.87104, 40.86609 ], [ -73.87105, 40.86609 ], [ -73.87105, 40.86609 ], [ -73.87106, 40.86606 ], [ -73.87109, 40.86602 ], [ -73.87113, 40.86598 ], [ -73.87117, 40.86594 ], [ -73.87122, 40.8659 ], [ -73.87128, 40.86588 ], [ -73.87134, 40.86585 ], [ -73.8714, 40.86584 ], [ -73.87132, 40.86578 ], [ -73.87131, 40.86578 ], [ -73.87131, 40.86578 ], [ -73.8713, 40.86577 ], [ -73.87115, 40.86564 ], [ -73.87104, 40.86558 ], [ -73.871, 40.86556 ], [ -73.871, 40.86607 ], [ -73.871, 40.86607 ] ] ], [ [ [ -73.87248, 40.85916 ], [ -73.87241, 40.8593 ], [ -73.8724, 40.85933 ], [ -73.87239, 40.85938 ], [ -73.87238, 40.85943 ], [ -73.87236, 40.85947 ], [ -73.87235, 40.85952 ], [ -73.87234, 40.85957 ], [ -73.87232, 40.85962 ], [ -73.87231, 40.85966 ], [ -73.87231, 40.85967 ], [ -73.87225, 40.85987 ], [ -73.87224, 40.85993 ], [ -73.87248, 40.85916 ] ] ], [ [ [ -73.87206, 40.86071 ], [ -73.87199, 40.861 ], [ -73.872, 40.86094 ], [ -73.87206, 40.86071 ] ] ] ] } },
{ "type": "Feature", "properties": { "park_name": "Ferry Point Park", "borough": "X", "acres": 413.8 }, "geometry": { "type": "MultiPolygon", "coordinates": [ [ [ [ -73.82677, 40.82164 ], [ -73.82837, 40.82086 ], [ -73.82853, 40.82105 ], [ -73.8315, 40.81959 ], [ -73.83157, 40.81955 ], [ -73.8318, 40.81944 ], [ -73.83165, 40.81925 ], [ -73.83163, 40.81923 ], [ -73.83314, 40.8185 ], [ -73.83367, 40.81912 ], [ -73.83371, 40.81909 ], [ -73.83405, 40.81925 ], [ -73.83567, 40.81763 ], [ -73.83569, 40.81693 ], [ -73.8357, 40.81626 ], [ -73.83587, 40.81626 ], [ -73.83589, 40.81614 ], [ -73.83596, 40.81589 ], [ -73.836, 40.81564 ], [ -73.836, 40.81532 ], [ -73.83598, 40.81502 ], [ -73.83593, 40.81475 ], [ -73.83593, 40.81472 ], [ -73.83593, 40.81472 ], [ -73.83592, 40.81462 ], [ -73.83592, 40.81453 ], [ -73.83592, 40.81443 ], [ -73.83593, 40.81438 ], [ -73.83593, 40.81433 ], [ -73.83593, 40.81424 ], [ -73.83594, 40.81416 ], [ -73.83595, 40.81409 ], [ -73.83596, 40.81398 ], [ -73.83598, 40.81389 ], [ -73.83599, 40.81384 ], [ -73.83599, 40.81381 ], [ -73.83601, 40.8137 ], [ -73.83604, 40.81359 ], [ -73.83606, 40.81351 ], [ -73.83608, 40.81342 ], [ -73.83608, 40.81338 ], [ -73.83609, 40.81333 ], [ -73.83611, 40.8132 ], [ -73.83612, 40.81307 ], [ -73.83612, 40.81293 ], [ -73.83612, 40.81279 ], [ -73.8361, 40.81266 ], [ -73.83608, 40.81253 ], [ -73.83604, 40.81239 ], [ -73.836, 40.81226 ], [ -73.83591, 40.81205 ], [ -73.83581, 40.81184 ], [ -73.8357, 40.81164 ], [ -73.83559, 40.81144 ], [ -73.83482, 40.81025 ], [ -73.83412, 40.80916 ], [ -73.83343, 40.8081 ], [ -73.83205, 40.8059 ], [ -73.83134, 40.8048 ], [ -73.83054, 40.80502 ], [ -73.83007, 40.80515 ], [ -73.82915, 40.80541 ], [ -73.82771, 40.80794 ], [ -73.82605, 40.81087 ], [ -73.82598, 40.81099 ], [ -73.82623, 40.8109 ], [ -73.8285, 40.81478 ], [ -73.82865, 40.81497 ], [ -73.82837, 40.81507 ], [ -73.82341, 40.81678 ], [ -73.82435, 40.81832 ], [ -73.82493, 40.81928 ], [ -73.82509, 40.81954 ], [ -73.82523, 40.81975 ], [ -73.82545, 40.82005 ], [ -73.82552, 40.82015 ], [ -73.82584, 40.82054 ], [ -73.82677, 40.82164 ] ] ], [ [ [ -73.84063, 40.81645 ], [ -73.84026, 40.81779 ], [ -73.84021, 40.81797 ], [ -73.84089, 40.81712 ], [ -73.84239, 40.81322 ], [ -73.84247, 40.81244 ], [ -73.84072, 40.80672 ], [ -73.83936, 40.80564 ], [ -73.83771, 40.80527 ], [ -73.83321, 40.80428 ], [ -73.83298, 40.80434 ], [ -73.83234, 40.80452 ], [ -73.83202, 40.80461 ], [ -73.83171, 40.8047 ], [ -73.83165, 40.80472 ], [ -73.83171, 40.80482 ], [ -73.83171, 40.80482 ], [ -73.8319, 40.8051 ], [ -73.8319, 40.8051 ], [ -73.83222, 40.80561 ], [ -73.83222, 40.80561 ], [ -73.83291, 40.80664 ], [ -73.83407, 40.80842 ], [ -73.83557, 40.81076 ], [ -73.83603, 40.81149 ], [ -73.83603, 40.81149 ], [ -73.83613, 40.81165 ], [ -73.83621, 40.81182 ], [ -73.83629, 40.81199 ], [ -73.83636, 40.81215 ], [ -73.83642, 40.81232 ], [ -73.83648, 40.81253 ], [ -73.83654, 40.81273 ], [ -73.83658, 40.81294 ], [ -73.83662, 40.81314 ], [ -73.83677, 40.8136 ], [ -73.83681, 40.81364 ], [ -73.83684, 40.81369 ], [ -73.83686, 40.81374 ], [ -73.83688, 40.81379 ], [ -73.83689, 40.81382 ], [ -73.83689, 40.81387 ], [ -73.83689, 40.8139 ], [ -73.83689, 40.8139 ], [ -73.8369, 40.81392 ], [ -73.83812, 40.81388 ], [ -73.83811, 40.814 ], [ -73.83808, 40.81411 ], [ -73.83805, 40.81423 ], [ -73.83802, 40.81434 ], [ -73.83797, 40.81448 ], [ -73.83791, 40.81462 ], [ -73.83785, 40.81476 ], [ -73.83776, 40.8149 ], [ -73.83764, 40.8151 ], [ -73.83744, 40.8154 ], [ -73.83729, 40.81559 ], [ -73.83714, 40.81583 ], [ -73.83702, 40.81604 ], [ -73.83696, 40.81625 ], [ -73.83711, 40.81625 ], [ -73.83792, 40.81624 ], [ -73.83872, 40.81623 ], [ -73.83872, 40.81623 ], [ -73.83872, 40.81624 ], [ -73.83872, 40.81625 ], [ -73.83872, 40.81625 ], [ -73.83872, 40.81626 ], [ -73.83872, 40.81626 ], [ -73.83872, 40.81627 ], [ -73.83871, 40.81627 ], [ -73.8387, 40.81628 ], [ -73.8387, 40.81628 ], [ -73.83869, 40.81629 ], [ -73.83869, 40.8163 ], [ -73.83868, 40.81632 ], [ -73.83868, 40.81633 ], [ -73.83868, 40.81633 ], [ -73.83868, 40.81634 ], [ -73.83868, 40.81634 ], [ -73.83868, 40.81634 ], [ -73.83868, 40.81634 ], [ -73.83868, 40.81635 ], [ -73.83891, 40.81635 ], [ -73.83895, 40.81623 ], [ -73.83917, 40.81623 ], [ -73.83913, 40.81635 ], [ -73.84066, 40.81633 ], [ -73.84063, 40.81645 ] ], [ [ -73.83223, 40.80561 ], [ -73.83223, 40.80561 ], [ -73.83223, 40.80561 ], [ -73.83223, 40.80561 ] ] ] ] } },
{ "type": "Feature", "properties": { "park_name": "Pelham Bay Park", "borough": "X", "acres": 2771.747 }, "geometry": { "type": "MultiPolygon", "coordinates": [ [ [ [ -73.80309, 40.86103 ], [ -73.80309, 40.86103 ], [ -73.80308, 40.86103 ], [ -73.80308, 40.86102 ], [ -73.80307, 40.86102 ], [ -73.80307, 40.86102 ], [ -73.80306, 40.86102 ], [ -73.80305, 40.86101 ], [ -73.80305, 40.86101 ], [ -73.80304, 40.86101 ], [ -73.80303, 40.861 ], [ -73.80303, 40.861 ], [ -73.80302, 40.861 ], [ -73.80302, 40.861 ], [ -73.80301, 40.86099 ], [ -73.803, 40.86099 ], [ -73.803, 40.86099 ], [ -73.80299, 40.86099 ], [ -73.80298, 40.86098 ], [ -73.80298, 40.86098 ], [ -73.80297, 40.86098 ], [ -73.80297, 40.86098 ], [ -73.80297, 40.86098 ], [ -73.80296, 40.86097 ], [ -73.80296, 40.86097 ], [ -73.80295, 40.86097 ], [ -73.80295, 40.86097 ], [ -73.80294, 40.86097 ], [ -73.80294, 40.86097 ], [ -73.80294, 40.86096 ], [ -73.80293, 40.86096 ], [ -73.80293, 40.86096 ], [ -73.80292, 40.86096 ], [ -73.80292, 40.86096 ], [ -73.80291, 40.86096 ], [ -73.80291, 40.86096 ], [ -73.80291, 40.86096 ], [ -73.8029, 40.86095 ], [ -73.8029, 40.86095 ], [ -73.80289, 40.86095 ], [ -73.80289, 40.86095 ], [ -73.80288, 40.86095 ], [ -73.80288, 40.86095 ], [ -73.80287, 40.86095 ], [ -73.80287, 40.86095 ], [ -73.80286, 40.86095 ], [ -73.80286, 40.86095 ], [ -73.80286, 40.86094 ], [ -73.80285, 40.86094 ], [ -73.80285, 40.86094 ], [ -73.80284, 40.86094 ], [ -73.80284, 40.86094 ], [ -73.80283, 40.86094 ], [ -73.80283, 40.86094 ], [ -73.80282, 40.86094 ], [ -73.80282, 40.86094 ], [ -73.80281, 40.86094 ], [ -73.80281, 40.86094 ], [ -73.8028, 40.86094 ], [ -73.8028, 40.86094 ], [ -73.8028, 40.86094 ], [ -73.80279, 40.86094 ], [ -73.80279, 40.86094 ], [ -73.80278, 40.86094 ], [ -73.80278, 40.86094 ], [ -73.80277, 40.86094 ], [ -73.80277, 40.86094 ], [ -73.80276, 40.86094 ], [ -73.80276, 40.86094 ], [ -73.80275, 40.86094 ], [ -73.80275, 40.86094 ], [ -73.80274, 40.86094 ], [ -73.80274, 40.86094 ], [ -73.80273, 40.86094 ], [ -73.80273, 40.86094 ], [ -73.80272, 40.86094 ], [ -73.80272, 40.86094 ], [ -73.80272, 40.86094 ], [ -73.80271, 40.86094 ], [ -73.80271, 40.86094 ], [ -73.8027, 40.86094 ], [ -73.8027, 40.86094 ], [ -73.80269, 40.86094 ], [ -73.80269, 40.86094 ], [ -73.80268, 40.86094 ], [ -73.80268, 40.86094 ], [ -73.80267, 40.86094 ], [ -73.80267, 40.86094 ], [ -73.80266, 40.86094 ], [ -73.80266, 40.86094 ], [ -73.80265, 40.86094 ], [ -73.80265, 40.86094 ], [ -73.80265, 40.86094 ], [ -73.80264, 40.86094 ], [ -73.80264, 40.86095 ], [ -73.80263, 40.86095 ], [ -73.80263, 40.86095 ], [ -73.80262, 40.86095 ], [ -73.80262, 40.86095 ], [ -73.80261, 40.86095 ], [ -73.80261, 40.86095 ], [ -73.8026, 40.86095 ], [ -73.8026, 40.86095 ], [ -73.8026, 40.86095 ], [ -73.80259, 40.86096 ], [ -73.80259, 40.86096 ], [ -73.80258, 40.86096 ], [ -73.80258, 40.86096 ], [ -73.80257, 40.86096 ], [ -73.80257, 40.86096 ], [ -73.80256, 40.86096 ], [ -73.80256, 40.86097 ], [ -73.80256, 40.86097 ], [ -73.80255, 40.86097 ], [ -73.80255, 40.86097 ], [ -73.80254, 40.86097 ], [ -73.80254, 40.86097 ], [ -73.80253, 40.86097 ], [ -73.80253, 40.86098 ], [ -73.80253, 40.86098 ], [ -73.80252, 40.86098 ], [ -73.80252, 40.86098 ], [ -73.80251, 40.86098 ], [ -73.80251, 40.86098 ], [ -73.80251, 40.86099 ], [ -73.8025, 40.86099 ], [ -73.8025, 40.86099 ], [ -73.80249, 40.86099 ], [ -73.80249, 40.86099 ], [ -73.80249, 40.861 ], [ -73.80248, 40.861 ], [ -73.80248, 40.861 ], [ -73.80247, 40.861 ], [ -73.80247, 40.861 ], [ -73.80247, 40.86101 ], [ -73.80246, 40.86101 ], [ -73.80246, 40.86101 ], [ -73.80246, 40.86101 ], [ -73.80245, 40.86102 ], [ -73.80245, 40.86102 ], [ -73.80237, 40.86102 ], [ -73.80237, 40.86102 ], [ -73.80236, 40.86103 ], [ -73.80235, 40.86103 ], [ -73.80235, 40.86103 ], [ -73.80234, 40.86103 ], [ -73.80234, 40.86103 ], [ -73.80233, 40.86103 ], [ -73.80233, 40.86103 ], [ -73.80232, 40.86103 ], [ -73.80231, 40.86103 ], [ -73.80231, 40.86104 ], [ -73.8023, 40.86104 ], [ -73.8023, 40.86104 ], [ -73.80229, 40.86104 ], [ -73.80229, 40.86104 ], [ -73.80228, 40.86104 ], [ -73.80227, 40.86104 ], [ -73.80227, 40.86104 ], [ -73.80226, 40.86104 ], [ -73.80226, 40.86104 ], [ -73.80225, 40.86104 ], [ -73.80225, 40.86104 ], [ -73.80224, 40.86104 ], [ -73.80223, 40.86104 ], [ -73.80223, 40.86104 ], [ -73.80222, 40.86104 ], [ -73.80222, 40.86104 ], [ -73.80221, 40.86105 ], [ -73.8022, 40.86105 ], [ -73.8022, 40.86105 ], [ -73.80219, 40.86105 ], [ -73.80219, 40.86105 ], [ -73.80218, 40.86105 ], [ -73.80218, 40.86105 ], [ -73.80217, 40.86105 ], [ -73.80216, 40.86105 ], [ -73.80216, 40.86105 ], [ -73.80215, 40.86105 ], [ -73.80215, 40.86105 ], [ -73.80214, 40.86105 ], [ -73.80213, 40.86105 ], [ -73.80213, 40.86105 ], [ -73.80212, 40.86105 ], [ -73.80212, 40.86105 ], [ -73.80211, 40.86105 ], [ -73.80211, 40.86104 ], [ -73.8021, 40.86104 ], [ -73.80209, 40.86104 ], [ -73.80209, 40.86104 ], [ -73.80208, 40.86104 ], [ -73.80207, 40.86104 ], [ -73.80207, 40.86104 ], [ -73.80206, 40.86104 ], [ -73.80205, 40.86104 ], [ -73.80205, 40.86104 ], [ -73.80204, 40.86104 ], [ -73.80204, 40.86104 ], [ -73.80203, 40.86104 ], [ -73.80202, 40.86104 ], [ -73.80202, 40.86104 ], [ -73.80201, 40.86104 ], [ -73.802, 40.86104 ], [ -73.802, 40.86104 ], [ -73.80199, 40.86103 ], [ -73.80198, 40.86103 ], [ -73.80198, 40.86103 ], [ -73.80197, 40.86103 ], [ -73.80197, 40.86103 ], [ -73.80196, 40.86103 ], [ -73.80195, 40.86103 ], [ -73.80195, 40.86103 ], [ -73.80194, 40.86103 ], [ -73.80193, 40.86102 ], [ -73.80193, 40.86102 ], [ -73.80192, 40.86102 ], [ -73.80192, 40.86102 ], [ -73.80191, 40.86102 ], [ -73.8019, 40.86102 ], [ -73.8019, 40.86102 ], [ -73.80189, 40.86102 ], [ -73.80188, 40.86101 ], [ -73.80188, 40.86101 ], [ -73.80187, 40.86101 ], [ -73.80187, 40.86101 ], [ -73.80186, 40.86101 ], [ -73.80185, 40.86101 ], [ -73.80185, 40.861 ], [ -73.80184, 40.861 ], [ -73.80184, 40.861 ], [ -73.80183, 40.861 ], [ -73.80182, 40.861 ], [ -73.80182, 40.861 ], [ -73.80181, 40.86099 ], [ -73.80181, 40.86099 ], [ -73.8018, 40.86099 ], [ -73.80179, 40.86099 ], [ -73.80179, 40.86099 ], [ -73.80178, 40.86098 ], [ -73.80178, 40.86098 ], [ -73.80177, 40.86098 ], [ -73.80176, 40.86098 ], [ -73.80176, 40.86098 ], [ -73.80175, 40.86097 ], [ -73.80175, 40.86097 ], [ -73.80174, 40.86097 ], [ -73.80174, 40.86097 ], [ -73.80173, 40.86096 ], [ -73.80172, 40.86096 ], [ -73.80172, 40.86096 ], [ -73.80171, 40.86096 ], [ -73.80171, 40.86095 ], [ -73.8017, 40.86095 ], [ -73.8017, 40.86095 ], [ -73.80169, 40.86095 ], [ -73.80169, 40.86094 ], [ -73.80168, 40.86094 ], [ -73.80167, 40.86094 ], [ -73.80167, 40.86094 ], [ -73.80166, 40.86093 ], [ -73.80166, 40.86093 ], [ -73.80165, 40.86093 ], [ -73.80165, 40.86093 ], [ -73.80164, 40.86092 ], [ -73.80164, 40.86092 ], [ -73.80163, 40.86092 ], [ -73.80163, 40.86091 ], [ -73.80162, 40.86091 ], [ -73.80162, 40.86091 ], [ -73.80161, 40.86091 ], [ -73.80161, 40.8609 ], [ -73.8016, 40.8609 ], [ -73.8016, 40.8609 ], [ -73.80159, 40.86089 ], [ -73.80159, 40.86089 ], [ -73.80158, 40.86089 ], [ -73.80158, 40.86088 ], [ -73.80157, 40.86088 ], [ -73.80157, 40.86088 ], [ -73.80156, 40.86087 ], [ -73.80156, 40.86087 ], [ -73.80155, 40.86087 ], [ -73.80155, 40.86086 ], [ -73.80154, 40.86086 ], [ -73.80154, 40.86086 ], [ -73.80153, 40.86085 ], [ -73.80153, 40.86085 ], [ -73.80152, 40.86085 ], [ -73.80152, 40.86084 ], [ -73.80151, 40.86084 ], [ -73.80151, 40.86084 ], [ -73.80151, 40.86083 ], [ -73.8015, 40.86083 ], [ -73.8015, 40.86083 ], [ -73.80149, 40.86082 ], [ -73.80149, 40.86082 ], [ -73.80148, 40.86082 ], [ -73.80148, 40.86081 ], [ -73.80147, 40.86081 ], [ -73.80147, 40.86081 ], [ -73.80147, 40.8608 ], [ -73.80146, 40.8608 ], [ -73.80146, 40.86079 ], [ -73.80145, 40.86079 ], [ -73.80145, 40.86079 ], [ -73.80145, 40.86078 ], [ -73.80144, 40.86078 ], [ -73.80144, 40.86077 ], [ -73.80143, 40.86077 ], [ -73.80143, 40.86077 ], [ -73.80143, 40.86076 ], [ -73.80142, 40.86076 ], [ -73.80142, 40.86075 ], [ -73.80142, 40.86075 ], [ -73.80141, 40.86075 ], [ -73.80141, 40.86074 ], [ -73.8014, 40.86074 ], [ -73.8014, 40.86073 ], [ -73.8014, 40.86073 ], [ -73.80139, 40.86073 ], [ -73.80139, 40.86072 ], [ -73.80139, 40.86072 ], [ -73.80138, 40.86071 ], [ -73.80138, 40.86071 ], [ -73.80138, 40.86071 ], [ -73.80137, 40.8607 ], [ -73.80137, 40.8607 ], [ -73.80137, 40.86069 ], [ -73.80136, 40.86069 ], [ -73.80136, 40.86068 ], [ -73.80136, 40.86068 ], [ -73.80136, 40.86068 ], [ -73.80135, 40.86067 ], [ -73.80135, 40.86067 ], [ -73.80135, 40.86066 ], [ -73.80134, 40.86066 ], [ -73.80134, 40.86065 ], [ -73.80134, 40.86065 ], [ -73.80134, 40.86064 ], [ -73.80133, 40.86064 ], [ -73.80133, 40.86064 ], [ -73.80133, 40.86063 ], [ -73.80133, 40.86063 ], [ -73.80132, 40.86062 ], [ -73.80132, 40.86062 ], [ -73.80132, 40.86061 ], [ -73.80132, 40.86061 ], [ -73.80131, 40.8606 ], [ -73.80131, 40.8606 ], [ -73.80131, 40.86059 ], [ -73.80131, 40.86059 ], [ -73.80131, 40.86059 ], [ -73.8013, 40.86058 ], [ -73.8013, 40.86058 ], [ -73.8013, 40.86057 ], [ -73.8013, 40.86057 ], [ -73.8013, 40.86056 ], [ -73.80129, 40.86056 ], [ -73.80129, 40.86055 ], [ -73.80129, 40.86055 ], [ -73.80129, 40.86054 ], [ -73.80129, 40.86054 ], [ -73.80128, 40.86053 ], [ -73.80128, 40.86053 ], [ -73.80128, 40.86052 ], [ -73.80128, 40.86052 ], [ -73.80128, 40.86051 ], [ -73.80128, 40.86051 ], [ -73.80128, 40.86051 ], [ -73.80127, 40.8605 ], [ -73.80127, 40.8605 ], [ -73.80127, 40.86049 ], [ -73.80127, 40.86049 ], [ -73.80127, 40.86048 ], [ -73.80127, 40.86048 ], [ -73.80127, 40.86047 ], [ -73.80127, 40.86047 ], [ -73.80127, 40.86046 ], [ -73.80127, 40.86046 ], [ -73.80126, 40.86045 ], [ -73.80126, 40.86045 ], [ -73.80126, 40.86044 ], [ -73.80126, 40.86044 ], [ -73.80126, 40.86043 ], [ -73.80126, 40.86043 ], [ -73.80126, 40.86042 ], [ -73.80126, 40.86042 ], [ -73.80126, 40.86041 ], [ -73.80126, 40.86041 ], [ -73.80126, 40.8604 ], [ -73.80126, 40.8604 ], [ -73.80126, 40.86039 ], [ -73.80126, 40.86039 ], [ -73.80126, 40.86038 ], [ -73.80126, 40.86038 ], [ -73.80126, 40.86037 ], [ -73.80126, 40.86037 ], [ -73.80126, 40.86036 ], [ -73.80126, 40.86036 ], [ -73.80126, 40.86035 ], [ -73.80126, 40.86035 ], [ -73.80126, 40.86034 ], [ -73.80126, 40.86034 ], [ -73.80126, 40.86034 ], [ -73.80126, 40.86033 ], [ -73.80126, 40.86033 ], [ -73.80126, 40.86032 ], [ -73.80126, 40.86032 ], [ -73.80126, 40.86031 ], [ -73.80126, 40.86031 ], [ -73.80126, 40.8603 ], [ -73.80126, 40.8603 ], [ -73.80126, 40.86029 ], [ -73.80126, 40.86029 ], [ -73.80126, 40.86028 ], [ -73.80126, 40.86028 ], [ -73.80126, 40.86028 ], [ -73.80126, 40.86027 ], [ -73.80126, 40.86027 ], [ -73.80126, 40.86026 ], [ -73.80126, 40.86026 ], [ -73.80126, 40.86025 ], [ -73.80126, 40.86025 ], [ -73.80126, 40.86024 ], [ -73.80126, 40.86024 ], [ -73.80126, 40.86023 ], [ -73.80126, 40.86023 ], [ -73.80126, 40.86022 ], [ -73.80126, 40.86022 ], [ -73.80126, 40.86021 ], [ -73.80126, 40.86021 ], [ -73.80126, 40.8602 ], [ -73.80126, 40.86019 ], [ -73.80126, 40.86019 ], [ -73.80126, 40.86018 ], [ -73.80126, 40.86018 ], [ -73.80126, 40.86017 ], [ -73.80126, 40.86017 ], [ -73.80126, 40.86016 ], [ -73.80126, 40.86016 ], [ -73.80126, 40.86015 ], [ -73.80126, 40.86015 ], [ -73.80126, 40.86014 ], [ -73.80126, 40.86014 ], [ -73.80126, 40.86013 ], [ -73.80126, 40.86013 ], [ -73.80126, 40.86012 ], [ -73.80125, 40.86011 ], [ -73.80125, 40.86011 ], [ -73.80125, 40.8601 ], [ -73.80125, 40.8601 ], [ -73.80125, 40.86009 ], [ -73.80125, 40.86009 ], [ -73.80125, 40.86008 ], [ -73.80125, 40.86008 ], [ -73.80125, 40.86007 ], [ -73.80124, 40.86007 ], [ -73.80124, 40.86006 ], [ -73.80124, 40.86006 ], [ -73.80124, 40.86005 ], [ -73.80124, 40.86005 ], [ -73.80124, 40.86004 ], [ -73.80123, 40.86004 ], [ -73.80123, 40.86003 ], [ -73.80123, 40.86003 ], [ -73.80123, 40.86002 ], [ -73.80123, 40.86001 ], [ -73.80123, 40.86001 ], [ -73.80122, 40.86 ], [ -73.80122, 40.86 ], [ -73.80122, 40.85999 ], [ -73.80122, 40.85999 ], [ -73.80122, 40.85998 ], [ -73.80121, 40.85998 ], [ -73.80121, 40.85997 ], [ -73.80121, 40.85997 ], [ -73.80121, 40.85996 ], [ -73.8012, 40.85996 ], [ -73.8012, 40.85995 ], [ -73.8012, 40.85995 ], [ -73.8012, 40.85994 ], [ -73.80119, 40.85994 ], [ -73.80119, 40.85993 ], [ -73.80119, 40.85993 ], [ -73.80119, 40.85992 ], [ -73.80118, 40.85992 ], [ -73.80118, 40.85991 ], [ -73.80118, 40.85991 ], [ -73.80118, 40.8599 ], [ -73.80117, 40.8599 ], [ -73.80117, 40.85989 ], [ -73.80117, 40.85989 ], [ -73.80116, 40.85988 ], [ -73.80116, 40.85988 ], [ -73.80116, 40.85987 ], [ -73.80115, 40.85987 ], [ -73.80115, 40.85986 ], [ -73.80115, 40.85986 ], [ -73.80114, 40.85985 ], [ -73.80114, 40.85985 ], [ -73.80114, 40.85985 ], [ -73.80113, 40.85984 ], [ -73.80113, 40.85984 ], [ -73.80113, 40.85983 ], [ -73.80112, 40.85983 ], [ -73.80112, 40.85982 ], [ -73.80112, 40.85982 ], [ -73.80111, 40.85981 ], [ -73.80111, 40.85981 ], [ -73.80111, 40.8598 ], [ -73.8011, 40.8598 ], [ -73.8011, 40.85979 ], [ -73.8011, 40.85979 ], [ -73.80109, 40.85979 ], [ -73.80108, 40.85978 ], [ -73.80108, 40.85977 ], [ -73.80107, 40.85976 ], [ -73.80106, 40.85976 ], [ -73.80105, 40.85975 ], [ -73.80105, 40.85974 ], [ -73.80104, 40.85974 ], [ -73.80103, 40.85973 ], [ -73.80102, 40.85972 ], [ -73.80102, 40.85972 ], [ -73.80101, 40.85971 ], [ -73.801, 40.85971 ], [ -73.80099, 40.8597 ], [ -73.80098, 40.85969 ], [ -73.80098, 40.85969 ], [ -73.80097, 40.85968 ], [ -73.80096, 40.85967 ], [ -73.80095, 40.85967 ], [ -73.80094, 40.85966 ], [ -73.80094, 40.85965 ], [ -73.80093, 40.85965 ], [ -73.80092, 40.85964 ], [ -73.80091, 40.85963 ], [ -73.8009, 40.85963 ], [ -73.80089, 40.85962 ], [ -73.80089, 40.85962 ], [ -73.80088, 40.85961 ], [ -73.80087, 40.8596 ], [ -73.80086, 40.8596 ], [ -73.80085, 40.85959 ], [ -73.80084, 40.85959 ], [ -73.80084, 40.85958 ], [ -73.80083, 40.85957 ], [ -73.80082, 40.85957 ], [ -73.80081, 40.85956 ], [ -73.8008, 40.85956 ], [ -73.80079, 40.85955 ], [ -73.80078, 40.85954 ], [ -73.80078, 40.85954 ], [ -73.80077, 40.85953 ], [ -73.80076, 40.85953 ], [ -73.80075, 40.85952 ], [ -73.80074, 40.85952 ], [ -73.80073, 40.85951 ], [ -73.80072, 40.8595 ], [ -73.80071, 40.8595 ], [ -73.8007, 40.85949 ], [ -73.8007, 40.85949 ], [ -73.80069, 40.85948 ], [ -73.80068, 40.85948 ], [ -73.80067, 40.85947 ], [ -73.80066, 40.85946 ], [ -73.80065, 40.85946 ], [ -73.80064, 40.85945 ], [ -73.80063, 40.85945 ], [ -73.80062, 40.85944 ], [ -73.80061, 40.85944 ], [ -73.8006, 40.85943 ], [ -73.80059, 40.85943 ], [ -73.80057, 40.85941 ], [ -73.80055, 40.8594 ], [ -73.80052, 40.85938 ], [ -73.8005, 40.85937 ], [ -73.80048, 40.85936 ], [ -73.80045, 40.85934 ], [ -73.80043, 40.85933 ], [ -73.80041, 40.85931 ], [ -73.80038, 40.8593 ], [ -73.80036, 40.85929 ], [ -73.80034, 40.85927 ], [ -73.80031, 40.85926 ], [ -73.80029, 40.85924 ], [ -73.80026, 40.85923 ], [ -73.80024, 40.85922 ], [ -73.80022, 40.8592 ], [ -73.80019, 40.85919 ], [ -73.80017, 40.85918 ], [ -73.80015, 40.85916 ], [ -73.80012, 40.85915 ], [ -73.8001, 40.85913 ], [ -73.80007, 40.85912 ], [ -73.80005, 40.85911 ], [ -73.80003, 40.85909 ], [ -73.8, 40.85908 ], [ -73.79998, 40.85907 ], [ -73.79995, 40.85905 ], [ -73.79993, 40.85904 ], [ -73.7999, 40.85903 ], [ -73.79988, 40.85901 ], [ -73.79986, 40.859 ], [ -73.79983, 40.85899 ], [ -73.79981, 40.85897 ], [ -73.79978, 40.85896 ], [ -73.79976, 40.85894 ], [ -73.79973, 40.85893 ], [ -73.7997, 40.85891 ], [ -73.79968, 40.8589 ], [ -73.79965, 40.85888 ], [ -73.79962, 40.85887 ], [ -73.7996, 40.85886 ], [ -73.79957, 40.85884 ], [ -73.79954, 40.85883 ], [ -73.79952, 40.85881 ], [ -73.79949, 40.8588 ], [ -73.79946, 40.85878 ], [ -73.79944, 40.85877 ], [ -73.79941, 40.85875 ], [ -73.79938, 40.85874 ], [ -73.79936, 40.85873 ], [ -73.79933, 40.85871 ], [ -73.7993, 40.8587 ], [ -73.79928, 40.85868 ], [ -73.79925, 40.85867 ], [ -73.79922, 40.85865 ], [ -73.7992, 40.85864 ], [ -73.79917, 40.85863 ], [ -73.79914, 40.85861 ], [ -73.79911, 40.8586 ], [ -73.79909, 40.85858 ], [ -73.79906, 40.85857 ], [ -73.79903, 40.85856 ], [ -73.79901, 40.85854 ], [ -73.79898, 40.85853 ], [ -73.79895, 40.85851 ], [ -73.79892, 40.8585 ], [ -73.7989, 40.85849 ], [ -73.79887, 40.85847 ], [ -73.79884, 40.85846 ], [ -73.79882, 40.85845 ], [ -73.79879, 40.85843 ], [ -73.79876, 40.85842 ], [ -73.79873, 40.8584 ], [ -73.79871, 40.85839 ], [ -73.79868, 40.85838 ], [ -73.79865, 40.85836 ], [ -73.79862, 40.85835 ], [ -73.7986, 40.85834 ], [ -73.79857, 40.85832 ], [ -73.79854, 40.85831 ], [ -73.79851, 40.8583 ], [ -73.79849, 40.85828 ], [ -73.79846, 40.85827 ], [ -73.79843, 40.85826 ], [ -73.7984, 40.85824 ], [ -73.79838, 40.85823 ], [ -73.79835, 40.85822 ], [ -73.79832, 40.8582 ], [ -73.79829, 40.85819 ], [ -73.79826, 40.85818 ], [ -73.79824, 40.85816 ], [ -73.79821, 40.85815 ], [ -73.79818, 40.85814 ], [ -73.79815, 40.85812 ], [ -73.79812, 40.85811 ], [ -73.7981, 40.8581 ], [ -73.79807, 40.85809 ], [ -73.79804, 40.85807 ], [ -73.79801, 40.85806 ], [ -73.79798, 40.85805 ], [ -73.79796, 40.85803 ], [ -73.79793, 40.85802 ], [ -73.7979, 40.85801 ], [ -73.79787, 40.858 ], [ -73.79784, 40.85798 ], [ -73.79782, 40.85797 ], [ -73.79779, 40.85796 ], [ -73.79776, 40.85795 ], [ -73.79773, 40.85793 ], [ -73.7977, 40.85792 ], [ -73.79767, 40.85791 ], [ -73.79765, 40.8579 ], [ -73.79762, 40.85788 ], [ -73.79759, 40.85787 ], [ -73.79756, 40.85786 ], [ -73.79756, 40.85786 ], [ -73.79753, 40.85784 ], [ -73.79749, 40.85783 ], [ -73.79746, 40.85781 ], [ -73.79742, 40.8578 ], [ -73.79739, 40.85778 ], [ -73.79735, 40.85777 ], [ -73.79732, 40.85776 ], [ -73.79728, 40.85774 ], [ -73.79725, 40.85773 ], [ -73.79721, 40.85771 ], [ -73.79718, 40.8577 ], [ -73.79714, 40.85768 ], [ -73.79711, 40.85767 ], [ -73.79707, 40.85765 ], [ -73.79704, 40.85764 ], [ -73.797, 40.85762 ], [ -73.79697, 40.85761 ], [ -73.79693, 40.8576 ], [ -73.7969, 40.85758 ], [ -73.79686, 40.85757 ], [ -73.79683, 40.85755 ], [ -73.79679, 40.85754 ], [ -73.79676, 40.85753 ], [ -73.79672, 40.85751 ], [ -73.79669, 40.8575 ], [ -73.79665, 40.85748 ], [ -73.79662, 40.85747 ], [ -73.79658, 40.85745 ], [ -73.79655, 40.85744 ], [ -73.79651, 40.85743 ], [ -73.79648, 40.85741 ], [ -73.79644, 40.8574 ], [ -73.7964, 40.85739 ], [ -73.79637, 40.85737 ], [ -73.79633, 40.85736 ], [ -73.7963, 40.85734 ], [ -73.79626, 40.85733 ], [ -73.79623, 40.85732 ], [ -73.79619, 40.8573 ], [ -73.79616, 40.85729 ], [ -73.79612, 40.85728 ], [ -73.79609, 40.85726 ], [ -73.79605, 40.85725 ], [ -73.79601, 40.85724 ], [ -73.79598, 40.85722 ], [ -73.79594, 40.85721 ], [ -73.79591, 40.85719 ], [ -73.79587, 40.85718 ], [ -73.79584, 40.85717 ], [ -73.7958, 40.85715 ], [ -73.79576, 40.85714 ], [ -73.79573, 40.85713 ], [ -73.79569, 40.85712 ], [ -73.79566, 40.8571 ], [ -73.79562, 40.85709 ], [ -73.79559, 40.85708 ], [ -73.79555, 40.85706 ], [ -73.79551, 40.85705 ], [ -73.79548, 40.85704 ], [ -73.79544, 40.85702 ], [ -73.79541, 40.85701 ], [ -73.79537, 40.857 ], [ -73.79533, 40.85698 ], [ -73.7953, 40.85697 ], [ -73.79526, 40.85696 ], [ -73.79523, 40.85695 ], [ -73.79519, 40.85693 ], [ -73.79515, 40.85692 ], [ -73.79512, 40.85691 ], [ -73.79508, 40.8569 ], [ -73.79504, 40.85688 ], [ -73.79501, 40.85687 ], [ -73.79497, 40.85686 ], [ -73.79494, 40.85685 ], [ -73.7949, 40.85684 ], [ -73.79487, 40.85683 ], [ -73.79483, 40.85682 ], [ -73.7948, 40.85681 ], [ -73.79476, 40.85679 ], [ -73.79473, 40.85678 ], [ -73.79469, 40.85677 ], [ -73.79466, 40.85676 ], [ -73.79462, 40.85675 ], [ -73.79459, 40.85674 ], [ -73.79455, 40.85673 ], [ -73.79452, 40.85672 ], [ -73.79449, 40.85671 ], [ -73.79445, 40.8567 ], [ -73.79442, 40.85669 ], [ -73.79438, 40.85668 ], [ -73.79435, 40.85667 ], [ -73.79431, 40.85665 ], [ -73.79428, 40.85664 ], [ -73.79424, 40.85663 ], [ -73.79421, 40.85662 ], [ -73.79417, 40.85661 ], [ -73.79414, 40.8566 ], [ -73.79411, 40.85659 ], [ -73.79407, 40.85658 ], [ -73.79404, 40.85656 ], [ -73.794, 40.85655 ], [ -73.79397, 40.85654 ], [ -73.79393, 40.85653 ], [ -73.7939, 40.85652 ], [ -73.79386, 40.85651 ], [ -73.79383, 40.8565 ], [ -73.7938, 40.85649 ], [ -73.79376, 40.85647 ], [ -73.79272, 40.8585 ], [ -73.78104, 40.869 ], [ -73.7811, 40.87976 ], [ -73.78375, 40.88099 ], [ -73.78777, 40.88117 ], [ -73.78985, 40.88175 ], [ -73.79447, 40.88301 ], [ -73.79448, 40.883 ], [ -73.79449, 40.88298 ], [ -73.7945, 40.88297 ], [ -73.79451, 40.88296 ], [ -73.79452, 40.88295 ], [ -73.79453, 40.88294 ], [ -73.79453, 40.88292 ], [ -73.79454, 40.88291 ], [ -73.79455, 40.8829 ], [ -73.79456, 40.88289 ], [ -73.79457, 40.88287 ], [ -73.79458, 40.88286 ], [ -73.79458, 40.88285 ], [ -73.79459, 40.88284 ], [ -73.7946, 40.88282 ], [ -73.79461, 40.88281 ], [ -73.79462, 40.8828 ], [ -73.79463, 40.88279 ], [ -73.79463, 40.88277 ], [ -73.79464, 40.88276 ], [ -73.79465, 40.88275 ], [ -73.79466, 40.88274 ], [ -73.79467, 40.88273 ], [ -73.79467, 40.88271 ], [ -73.79468, 40.8827 ], [ -73.79469, 40.88269 ], [ -73.7947, 40.88267 ], [ -73.79471, 40.88266 ], [ -73.79471, 40.88265 ], [ -73.79472, 40.88264 ], [ -73.79473, 40.88262 ], [ -73.79474, 40.88261 ], [ -73.79474, 40.8826 ], [ -73.79475, 40.88259 ], [ -73.79476, 40.88257 ], [ -73.79477, 40.88256 ], [ -73.79477, 40.88255 ], [ -73.79478, 40.88254 ], [ -73.79479, 40.88252 ], [ -73.79479, 40.88251 ], [ -73.7948, 40.8825 ], [ -73.79481, 40.88248 ], [ -73.79482, 40.88247 ], [ -73.79482, 40.88246 ], [ -73.79483, 40.88245 ], [ -73.79484, 40.88243 ], [ -73.79484, 40.88242 ], [ -73.79485, 40.88241 ], [ -73.79486, 40.88239 ], [ -73.79486, 40.88238 ], [ -73.79487, 40.88237 ], [ -73.79488, 40.88236 ], [ -73.79488, 40.88234 ], [ -73.79489, 40.88233 ], [ -73.7949, 40.88232 ], [ -73.7949, 40.8823 ], [ -73.79491, 40.88229 ], [ -73.79492, 40.88228 ], [ -73.79492, 40.88226 ], [ -73.79551, 40.88127 ], [ -73.79571, 40.88094 ], [ -73.79571, 40.88093 ], [ -73.79571, 40.88093 ], [ -73.79572, 40.88092 ], [ -73.79572, 40.88092 ], [ -73.79572, 40.88091 ], [ -73.79572, 40.8809 ], [ -73.79573, 40.8809 ], [ -73.79573, 40.88089 ], [ -73.79573, 40.88089 ], [ -73.79573, 40.88088 ], [ -73.79573, 40.88088 ], [ -73.79574, 40.88087 ], [ -73.79574, 40.88086 ], [ -73.79574, 40.88086 ], [ -73.79574, 40.88085 ], [ -73.79574, 40.88085 ], [ -73.79575, 40.88084 ], [ -73.79575, 40.88083 ], [ -73.79575, 40.88083 ], [ -73.79575, 40.88082 ], [ -73.79575, 40.88082 ], [ -73.79575, 40.88081 ], [ -73.79576, 40.8808 ], [ -73.79576, 40.8808 ], [ -73.79576, 40.88079 ], [ -73.79576, 40.88079 ], [ -73.79576, 40.88078 ], [ -73.79576, 40.88078 ], [ -73.79576, 40.88077 ], [ -73.79577, 40.88076 ], [ -73.79577, 40.88076 ], [ -73.79577, 40.88075 ], [ -73.79577, 40.88075 ], [ -73.79577, 40.88074 ], [ -73.79577, 40.88073 ], [ -73.79577, 40.88073 ], [ -73.79577, 40.88072 ], [ -73.79577, 40.88071 ], [ -73.79577, 40.88071 ], [ -73.79578, 40.8807 ], [ -73.79578, 40.8807 ], [ -73.79578, 40.88069 ], [ -73.79578, 40.88068 ], [ -73.79578, 40.88068 ], [ -73.79578, 40.88067 ], [ -73.79578, 40.88067 ], [ -73.79578, 40.88066 ], [ -73.79578, 40.88065 ], [ -73.79578, 40.88065 ], [ -73.79578, 40.88064 ], [ -73.79578, 40.88064 ], [ -73.79578, 40.88063 ], [ -73.79578, 40.88062 ], [ -73.79578, 40.88062 ], [ -73.79578, 40.88061 ], [ -73.79578, 40.88061 ], [ -73.79578, 40.8806 ], [ -73.79578, 40.88059 ], [ -73.79578, 40.88059 ], [ -73.79578, 40.88058 ], [ -73.79578, 40.88058 ], [ -73.79578, 40.88057 ], [ -73.79578, 40.88056 ], [ -73.79578, 40.88056 ], [ -73.79578, 40.88055 ], [ -73.79578, 40.88055 ], [ -73.79578, 40.88054 ], [ -73.79578, 40.88053 ], [ -73.79578, 40.88053 ], [ -73.79578, 40.88052 ], [ -73.79578, 40.88052 ], [ -73.79578, 40.88051 ], [ -73.79571, 40.88009 ], [ -73.79571, 40.88008 ], [ -73.7957, 40.88007 ], [ -73.7957, 40.88006 ], [ -73.7957, 40.88005 ], [ -73.7957, 40.88004 ], [ -73.7957, 40.88003 ], [ -73.79569, 40.88002 ], [ -73.79569, 40.88001 ], [ -73.79569, 40.88 ], [ -73.79569, 40.87999 ], [ -73.79569, 40.87998 ], [ -73.79569, 40.87997 ], [ -73.79568, 40.87996 ], [ -73.79568, 40.87995 ], [ -73.79568, 40.87994 ], [ -73.79568, 40.87993 ], [ -73.79568, 40.87992 ], [ -73.79568, 40.87991 ], [ -73.79568, 40.8799 ], [ -73.79567, 40.87989 ], [ -73.79567, 40.87988 ], [ -73.79567, 40.87987 ], [ -73.79567, 40.87986 ], [ -73.79567, 40.87985 ], [ -73.79567, 40.87984 ], [ -73.79567, 40.87983 ], [ -73.79567, 40.87982 ], [ -73.79567, 40.87981 ], [ -73.79566, 40.8798 ], [ -73.79566, 40.87979 ], [ -73.79566, 40.87978 ], [ -73.79566, 40.87977 ], [ -73.79566, 40.87976 ], [ -73.79566, 40.87975 ], [ -73.79566, 40.87974 ], [ -73.79566, 40.87973 ], [ -73.79566, 40.87972 ], [ -73.79566, 40.87971 ], [ -73.79566, 40.8797 ], [ -73.79566, 40.87969 ], [ -73.79566, 40.87968 ], [ -73.79566, 40.87967 ], [ -73.79566, 40.87966 ], [ -73.79566, 40.87965 ], [ -73.79566, 40.87964 ], [ -73.79566, 40.87963 ], [ -73.79566, 40.87962 ], [ -73.79566, 40.87961 ], [ -73.79566, 40.8796 ], [ -73.79566, 40.87959 ], [ -73.79566, 40.87958 ], [ -73.79566, 40.87957 ], [ -73.79566, 40.87956 ], [ -73.79566, 40.87955 ], [ -73.79566, 40.87954 ], [ -73.79566, 40.87953 ], [ -73.79566, 40.87952 ], [ -73.79566, 40.87951 ], [ -73.79566, 40.8795 ], [ -73.79566, 40.87949 ], [ -73.79566, 40.87948 ], [ -73.79566, 40.87947 ], [ -73.79566, 40.87946 ], [ -73.79566, 40.87945 ], [ -73.79566, 40.87944 ], [ -73.79566, 40.87943 ], [ -73.79567, 40.87942 ], [ -73.79567, 40.87941 ], [ -73.79567, 40.8794 ], [ -73.79567, 40.87939 ], [ -73.79567, 40.87938 ], [ -73.79567, 40.87937 ], [ -73.79567, 40.87936 ], [ -73.79567, 40.87935 ], [ -73.79567, 40.87934 ], [ -73.79568, 40.87933 ], [ -73.79568, 40.87933 ], [ -73.79568, 40.87932 ], [ -73.79568, 40.87931 ], [ -73.79568, 40.8793 ], [ -73.79568, 40.87929 ], [ -73.79568, 40.87928 ], [ -73.79569, 40.87927 ], [ -73.79569, 40.87926 ], [ -73.79569, 40.87925 ], [ -73.79569, 40.87924 ], [ -73.79569, 40.87923 ], [ -73.79569, 40.87922 ], [ -73.7957, 40.87921 ], [ -73.7957, 40.8792 ], [ -73.7957, 40.87919 ], [ -73.7957, 40.87919 ], [ -73.7957, 40.87918 ], [ -73.7957, 40.87917 ], [ -73.7957, 40.87917 ], [ -73.79571, 40.87916 ], [ -73.79571, 40.87916 ], [ -73.79571, 40.87915 ], [ -73.79571, 40.87914 ], [ -73.79571, 40.87913 ], [ -73.79571, 40.87913 ], [ -73.79572, 40.87912 ], [ -73.79572, 40.87911 ], [ -73.79572, 40.87911 ], [ -73.79572, 40.8791 ], [ -73.79572, 40.87909 ], [ -73.79573, 40.87909 ], [ -73.79573, 40.87908 ], [ -73.79573, 40.87907 ], [ -73.79573, 40.87906 ], [ -73.79574, 40.87906 ], [ -73.79574, 40.87905 ], [ -73.79574, 40.87904 ], [ -73.79574, 40.87904 ], [ -73.79575, 40.87903 ], [ -73.79575, 40.87902 ], [ -73.79575, 40.87902 ], [ -73.79575, 40.87901 ], [ -73.79576, 40.879 ], [ -73.79576, 40.879 ], [ -73.79576, 40.87899 ], [ -73.79576, 40.87898 ], [ -73.79577, 40.87898 ], [ -73.79577, 40.87897 ], [ -73.79577, 40.87896 ], [ -73.79578, 40.87895 ], [ -73.79578, 40.87895 ], [ -73.79578, 40.87894 ], [ -73.79579, 40.87893 ], [ -73.79579, 40.87893 ], [ -73.79579, 40.87892 ], [ -73.7958, 40.87891 ], [ -73.7958, 40.87891 ], [ -73.7958, 40.8789 ], [ -73.79581, 40.87889 ], [ -73.79581, 40.87889 ], [ -73.79581, 40.87888 ], [ -73.79582, 40.87887 ], [ -73.79582, 40.87887 ], [ -73.79582, 40.87886 ], [ -73.79583, 40.87885 ], [ -73.79583, 40.87885 ], [ -73.79583, 40.87884 ], [ -73.79584, 40.87883 ], [ -73.79584, 40.87883 ], [ -73.79585, 40.87882 ], [ -73.79585, 40.87882 ], [ -73.79585, 40.87881 ], [ -73.79586, 40.8788 ], [ -73.79586, 40.8788 ], [ -73.79587, 40.87879 ], [ -73.79587, 40.87878 ], [ -73.79587, 40.87878 ], [ -73.79588, 40.87877 ], [ -73.79588, 40.87876 ], [ -73.79589, 40.87876 ], [ -73.79589, 40.87875 ], [ -73.7959, 40.87874 ], [ -73.7959, 40.87874 ], [ -73.7959, 40.87873 ], [ -73.79591, 40.87873 ], [ -73.79591, 40.87872 ], [ -73.79592, 40.87871 ], [ -73.79592, 40.87871 ], [ -73.79593, 40.8787 ], [ -73.79593, 40.87869 ], [ -73.79594, 40.87869 ], [ -73.79594, 40.87868 ], [ -73.79595, 40.87868 ], [ -73.79595, 40.87867 ], [ -73.79596, 40.87866 ], [ -73.79596, 40.87866 ], [ -73.79597, 40.87865 ], [ -73.79597, 40.87865 ], [ -73.79668, 40.8778 ], [ -73.79675, 40.87772 ], [ -73.79719, 40.87721 ], [ -73.79719, 40.87721 ], [ -73.7972, 40.87721 ], [ -73.7972, 40.8772 ], [ -73.79721, 40.8772 ], [ -73.79721, 40.87719 ], [ -73.79722, 40.87719 ], [ -73.79722, 40.87719 ], [ -73.79723, 40.87718 ], [ -73.79723, 40.87718 ], [ -73.79724, 40.87718 ], [ -73.79725, 40.87717 ], [ -73.79725, 40.87717 ], [ -73.79726, 40.87716 ], [ -73.79726, 40.87716 ], [ -73.79727, 40.87716 ], [ -73.79727, 40.87715 ], [ -73.79728, 40.87715 ], [ -73.79729, 40.87715 ], [ -73.79729, 40.87714 ], [ -73.7973, 40.87714 ], [ -73.7973, 40.87714 ], [ -73.79731, 40.87713 ], [ -73.79732, 40.87713 ], [ -73.79732, 40.87713 ], [ -73.79733, 40.87712 ], [ -73.79733, 40.87712 ], [ -73.79734, 40.87712 ], [ -73.79735, 40.87711 ], [ -73.79735, 40.87711 ], [ -73.79736, 40.87711 ], [ -73.79737, 40.8771 ], [ -73.79737, 40.8771 ], [ -73.79738, 40.8771 ], [ -73.79738, 40.87709 ], [ -73.79739, 40.87709 ], [ -73.7974, 40.87709 ], [ -73.7974, 40.87708 ], [ -73.79741, 40.87708 ], [ -73.79742, 40.87708 ], [ -73.79742, 40.87708 ], [ -73.79743, 40.87707 ], [ -73.79744, 40.87707 ], [ -73.79744, 40.87706 ], [ -73.79745, 40.87706 ], [ -73.79746, 40.87706 ], [ -73.79747, 40.87705 ], [ -73.79747, 40.87705 ], [ -73.79748, 40.87704 ], [ -73.79749, 40.87704 ], [ -73.7975, 40.87704 ], [ -73.79751, 40.87703 ], [ -73.79751, 40.87703 ], [ -73.79752, 40.87702 ], [ -73.79753, 40.87702 ], [ -73.79754, 40.87702 ], [ -73.79754, 40.87701 ], [ -73.79755, 40.87701 ], [ -73.79756, 40.87701 ], [ -73.79756, 40.87701 ], [ -73.79757, 40.877 ], [ -73.79758, 40.877 ], [ -73.79759, 40.87699 ], [ -73.79759, 40.87699 ], [ -73.7976, 40.87699 ], [ -73.79761, 40.87698 ], [ -73.79762, 40.87698 ], [ -73.79762, 40.87698 ], [ -73.79763, 40.87697 ], [ -73.79764, 40.87697 ], [ -73.79765, 40.87697 ], [ -73.79766, 40.87696 ], [ -73.79766, 40.87696 ], [ -73.79767, 40.87696 ], [ -73.79768, 40.87695 ], [ -73.79769, 40.87695 ], [ -73.7977, 40.87695 ], [ -73.7977, 40.87694 ], [ -73.79771, 40.87694 ], [ -73.79772, 40.87694 ], [ -73.79792, 40.87687 ], [ -73.79873, 40.87659 ], [ -73.79876, 40.87658 ], [ -73.79879, 40.87657 ], [ -73.79882, 40.87656 ], [ -73.79885, 40.87655 ], [ -73.79888, 40.87654 ], [ -73.79891, 40.87653 ], [ -73.79894, 40.87652 ], [ -73.79897, 40.87651 ], [ -73.799, 40.8765 ], [ -73.79903, 40.87649 ], [ -73.79906, 40.87648 ], [ -73.79909, 40.87647 ], [ -73.79912, 40.87646 ], [ -73.79915, 40.87645 ], [ -73.79918, 40.87644 ], [ -73.79921, 40.87643 ], [ -73.79924, 40.87642 ], [ -73.79927, 40.87641 ], [ -73.7993, 40.8764 ], [ -73.79933, 40.87639 ], [ -73.79936, 40.87638 ], [ -73.79939, 40.87637 ], [ -73.79942, 40.87636 ], [ -73.79945, 40.87635 ], [ -73.79948, 40.87634 ], [ -73.79951, 40.87633 ], [ -73.79954, 40.87632 ], [ -73.79957, 40.87631 ], [ -73.7996, 40.8763 ], [ -73.79963, 40.87629 ], [ -73.79966, 40.87628 ], [ -73.79969, 40.87627 ], [ -73.79972, 40.87626 ], [ -73.79975, 40.87625 ], [ -73.79978, 40.87624 ], [ -73.79981, 40.87623 ], [ -73.79984, 40.87622 ], [ -73.79987, 40.87621 ], [ -73.7999, 40.8762 ], [ -73.79993, 40.87619 ], [ -73.79996, 40.87619 ], [ -73.79999, 40.87618 ], [ -73.80002, 40.87617 ], [ -73.80005, 40.87616 ], [ -73.80008, 40.87615 ], [ -73.80011, 40.87614 ], [ -73.80014, 40.87613 ], [ -73.80017, 40.87612 ], [ -73.8002, 40.87611 ], [ -73.80023, 40.8761 ], [ -73.80026, 40.87609 ], [ -73.80029, 40.87609 ], [ -73.80032, 40.87608 ], [ -73.80035, 40.87607 ], [ -73.80038, 40.87606 ], [ -73.8004, 40.87605 ], [ -73.80043, 40.87605 ], [ -73.80046, 40.87604 ], [ -73.80046, 40.87604 ], [ -73.80138, 40.87578 ], [ -73.80242, 40.87549 ], [ -73.8026, 40.87541 ], [ -73.80291, 40.87527 ], [ -73.80459, 40.87449 ], [ -73.80596, 40.87388 ], [ -73.80598, 40.87387 ], [ -73.80599, 40.87386 ], [ -73.806, 40.87386 ], [ -73.80601, 40.87385 ], [ -73.80603, 40.87385 ], [ -73.80604, 40.87384 ], [ -73.80605, 40.87384 ], [ -73.80607, 40.87384 ], [ -73.80608, 40.87383 ], [ -73.80609, 40.87383 ], [ -73.80611, 40.87382 ], [ -73.80612, 40.87382 ], [ -73.80613, 40.87381 ], [ -73.80615, 40.87381 ], [ -73.80616, 40.8738 ], [ -73.80617, 40.8738 ], [ -73.80619, 40.87379 ], [ -73.8062, 40.87379 ], [ -73.80621, 40.87378 ], [ -73.80623, 40.87378 ], [ -73.80624, 40.87377 ], [ -73.80625, 40.87377 ], [ -73.80627, 40.87377 ], [ -73.80628, 40.87376 ], [ -73.80629, 40.87376 ], [ -73.80631, 40.87375 ], [ -73.80632, 40.87375 ], [ -73.80633, 40.87374 ], [ -73.80635, 40.87374 ], [ -73.80636, 40.87374 ], [ -73.80637, 40.87373 ], [ -73.80639, 40.87373 ], [ -73.8064, 40.87372 ], [ -73.80641, 40.87372 ], [ -73.80643, 40.87372 ], [ -73.80644, 40.87371 ], [ -73.80645, 40.87371 ], [ -73.80647, 40.8737 ], [ -73.80648, 40.8737 ], [ -73.8065, 40.8737 ], [ -73.80651, 40.87369 ], [ -73.80652, 40.87369 ], [ -73.80654, 40.87368 ], [ -73.80655, 40.87368 ], [ -73.80657, 40.87368 ], [ -73.80658, 40.87367 ], [ -73.8066, 40.87367 ], [ -73.80661, 40.87367 ], [ -73.80662, 40.87366 ], [ -73.80664, 40.87366 ], [ -73.80665, 40.87366 ], [ -73.80667, 40.87365 ], [ -73.80668, 40.87365 ], [ -73.8067, 40.87365 ], [ -73.80671, 40.87364 ], [ -73.80673, 40.87364 ], [ -73.80674, 40.87364 ], [ -73.80676, 40.87363 ], [ -73.80677, 40.87363 ], [ -73.80678, 40.87363 ], [ -73.8068, 40.87362 ], [ -73.80681, 40.87362 ], [ -73.80683, 40.87362 ], [ -73.80684, 40.87361 ], [ -73.80686, 40.87361 ], [ -73.80687, 40.87361 ], [ -73.80689, 40.8736 ], [ -73.8069, 40.8736 ], [ -73.80692, 40.8736 ], [ -73.80693, 40.8736 ], [ -73.80695, 40.87359 ], [ -73.80696, 40.87359 ], [ -73.80698, 40.87359 ], [ -73.80699, 40.87358 ], [ -73.807, 40.87358 ], [ -73.80702, 40.87358 ], [ -73.80703, 40.87358 ], [ -73.80705, 40.87357 ], [ -73.80706, 40.87357 ], [ -73.80708, 40.87357 ], [ -73.80709, 40.87357 ], [ -73.80711, 40.87356 ], [ -73.80713, 40.87356 ], [ -73.80715, 40.87355 ], [ -73.80717, 40.87355 ], [ -73.80719, 40.87355 ], [ -73.80721, 40.87354 ], [ -73.80723, 40.87354 ], [ -73.80725, 40.87353 ], [ -73.80727, 40.87353 ], [ -73.80729, 40.87353 ], [ -73.80731, 40.87352 ], [ -73.80733, 40.87352 ], [ -73.80735, 40.87351 ], [ -73.80737, 40.87351 ], [ -73.80738, 40.87351 ], [ -73.8074, 40.8735 ], [ -73.80742, 40.8735 ], [ -73.80744, 40.87349 ], [ -73.80746, 40.87349 ], [ -73.80748, 40.87348 ], [ -73.8075, 40.87348 ], [ -73.80752, 40.87348 ], [ -73.80754, 40.87347 ], [ -73.80756, 40.87347 ], [ -73.80758, 40.87346 ], [ -73.8076, 40.87346 ], [ -73.80762, 40.87345 ], [ -73.80763, 40.87345 ], [ -73.80765, 40.87344 ], [ -73.80767, 40.87344 ], [ -73.80769, 40.87343 ], [ -73.80771, 40.87343 ], [ -73.80772, 40.87343 ], [ -73.80774, 40.87342 ], [ -73.80775, 40.87342 ], [ -73.80777, 40.87341 ], [ -73.80778, 40.87341 ], [ -73.8078, 40.8734 ], [ -73.80781, 40.8734 ], [ -73.80782, 40.8734 ], [ -73.80784, 40.87339 ], [ -73.80785, 40.87339 ], [ -73.80787, 40.87338 ], [ -73.80788, 40.87338 ], [ -73.8079, 40.87337 ], [ -73.80791, 40.87337 ], [ -73.80792, 40.87336 ], [ -73.80794, 40.87336 ], [ -73.80795, 40.87336 ], [ -73.80797, 40.87335 ], [ -73.80798, 40.87335 ], [ -73.80799, 40.87334 ], [ -73.80801, 40.87334 ], [ -73.80802, 40.87333 ], [ -73.80804, 40.87333 ], [ -73.80805, 40.87332 ], [ -73.80806, 40.87332 ], [ -73.80808, 40.87331 ], [ -73.80809, 40.87331 ], [ -73.80811, 40.8733 ], [ -73.80812, 40.8733 ], [ -73.80813, 40.87329 ], [ -73.80815, 40.87329 ], [ -73.80816, 40.87328 ], [ -73.80818, 40.87328 ], [ -73.80819, 40.87327 ], [ -73.8082, 40.87327 ], [ -73.80822, 40.87326 ], [ -73.80823, 40.87326 ], [ -73.80824, 40.87325 ], [ -73.80826, 40.87325 ], [ -73.80827, 40.87324 ], [ -73.80829, 40.87323 ], [ -73.8083, 40.87323 ], [ -73.80831, 40.87322 ], [ -73.80833, 40.87322 ], [ -73.80834, 40.87321 ], [ -73.80835, 40.87321 ], [ -73.80837, 40.8732 ], [ -73.80838, 40.8732 ], [ -73.80839, 40.87319 ], [ -73.80841, 40.87318 ], [ -73.80842, 40.87318 ], [ -73.80843, 40.87317 ], [ -73.80845, 40.87317 ], [ -73.80846, 40.87316 ], [ -73.80847, 40.87316 ], [ -73.80849, 40.87315 ], [ -73.8085, 40.87314 ], [ -73.80851, 40.87314 ], [ -73.80853, 40.87313 ], [ -73.80854, 40.87313 ], [ -73.80855, 40.87312 ], [ -73.80857, 40.87311 ], [ -73.80858, 40.87311 ], [ -73.80859, 40.8731 ], [ -73.80861, 40.8731 ], [ -73.80862, 40.87309 ], [ -73.80863, 40.87308 ], [ -73.80864, 40.87308 ], [ -73.80866, 40.87307 ], [ -73.80867, 40.87306 ], [ -73.80868, 40.87306 ], [ -73.8087, 40.87305 ], [ -73.80871, 40.87304 ], [ -73.80872, 40.87304 ], [ -73.80873, 40.87303 ], [ -73.80875, 40.87303 ], [ -73.80876, 40.87302 ], [ -73.80877, 40.87301 ], [ -73.80879, 40.87301 ], [ -73.80879, 40.873 ], [ -73.8088, 40.873 ], [ -73.8088, 40.87299 ], [ -73.80881, 40.87299 ], [ -73.80882, 40.87298 ], [ -73.80882, 40.87298 ], [ -73.80883, 40.87297 ], [ -73.80884, 40.87297 ], [ -73.80884, 40.87296 ], [ -73.80885, 40.87296 ], [ -73.80885, 40.87295 ], [ -73.80886, 40.87295 ], [ -73.80887, 40.87294 ], [ -73.80887, 40.87294 ], [ -73.80888, 40.87294 ], [ -73.80888, 40.87293 ], [ -73.80889, 40.87293 ], [ -73.80889, 40.87292 ], [ -73.8089, 40.87292 ], [ -73.80891, 40.87291 ], [ -73.80891, 40.87291 ], [ -73.80892, 40.8729 ], [ -73.80892, 40.8729 ], [ -73.80893, 40.87289 ], [ -73.80893, 40.87288 ], [ -73.80894, 40.87288 ], [ -73.80894, 40.87287 ], [ -73.80895, 40.87287 ], [ -73.80895, 40.87286 ], [ -73.80896, 40.87286 ], [ -73.80896, 40.87285 ], [ -73.80897, 40.87285 ], [ -73.80897, 40.87284 ], [ -73.80898, 40.87284 ], [ -73.80899, 40.87283 ], [ -73.80899, 40.87283 ], [ -73.809, 40.87282 ], [ -73.809, 40.87282 ], [ -73.80901, 40.87281 ], [ -73.8091, 40.87268 ], [ -73.80927, 40.87245 ], [ -73.81069, 40.87045 ], [ -73.8107, 40.87043 ], [ -73.81079, 40.87029 ], [ -73.81079, 40.87028 ], [ -73.8108, 40.87028 ], [ -73.8108, 40.87028 ], [ -73.8108, 40.87027 ], [ -73.8108, 40.87027 ], [ -73.8108, 40.87026 ], [ -73.8108, 40.87026 ], [ -73.8108, 40.87026 ], [ -73.81081, 40.87025 ], [ -73.81081, 40.87025 ], [ -73.81081, 40.87024 ], [ -73.81081, 40.87024 ], [ -73.81081, 40.87024 ], [ -73.81081, 40.87023 ], [ -73.81081, 40.87023 ], [ -73.81081, 40.87022 ], [ -73.81082, 40.87022 ], [ -73.81082, 40.87022 ], [ -73.81082, 40.87021 ], [ -73.81082, 40.87021 ], [ -73.81082, 40.8702 ], [ -73.81082, 40.8702 ], [ -73.81082, 40.8702 ], [ -73.81082, 40.87019 ], [ -73.81082, 40.87019 ], [ -73.81082, 40.87018 ], [ -73.81082, 40.87018 ], [ -73.81082, 40.87018 ], [ -73.81082, 40.87017 ], [ -73.81082, 40.87017 ], [ -73.81082, 40.87016 ], [ -73.81082, 40.87016 ], [ -73.81082, 40.87016 ], [ -73.81082, 40.87015 ], [ -73.81082, 40.87015 ], [ -73.81082, 40.87014 ], [ -73.81082, 40.87014 ], [ -73.81082, 40.87014 ], [ -73.81082, 40.87013 ], [ -73.81082, 40.87013 ], [ -73.81082, 40.87012 ], [ -73.81082, 40.87012 ], [ -73.81082, 40.87012 ], [ -73.81082, 40.87011 ], [ -73.81082, 40.87011 ], [ -73.81082, 40.8701 ], [ -73.81082, 40.8701 ], [ -73.81082, 40.8701 ], [ -73.81082, 40.87009 ], [ -73.81082, 40.87009 ], [ -73.81082, 40.87008 ], [ -73.81082, 40.87008 ], [ -73.81082, 40.87008 ], [ -73.81082, 40.87007 ], [ -73.81082, 40.87007 ], [ -73.81082, 40.87006 ], [ -73.81082, 40.87006 ], [ -73.81081, 40.87006 ], [ -73.81081, 40.87005 ], [ -73.81081, 40.87005 ], [ -73.81081, 40.87005 ], [ -73.81081, 40.87004 ], [ -73.81081, 40.87004 ], [ -73.81081, 40.87003 ], [ -73.81081, 40.87003 ], [ -73.81081, 40.87003 ], [ -73.8108, 40.87002 ], [ -73.8108, 40.87002 ], [ -73.8108, 40.87001 ], [ -73.8108, 40.87001 ], [ -73.8108, 40.87001 ], [ -73.8108, 40.87 ], [ -73.8108, 40.87 ], [ -73.81079, 40.87 ], [ -73.81079, 40.86999 ], [ -73.81079, 40.86999 ], [ -73.81079, 40.86998 ], [ -73.81079, 40.86998 ], [ -73.81078, 40.86998 ], [ -73.81078, 40.86997 ], [ -73.81078, 40.86997 ], [ -73.81078, 40.86997 ], [ -73.81078, 40.86996 ], [ -73.81077, 40.86996 ], [ -73.81077, 40.86995 ], [ -73.81077, 40.86995 ], [ -73.81077, 40.86995 ], [ -73.81077, 40.86994 ], [ -73.81076, 40.86994 ], [ -73.81076, 40.86994 ], [ -73.81076, 40.86993 ], [ -73.81076, 40.86993 ], [ -73.81075, 40.86993 ], [ -73.81075, 40.86992 ], [ -73.81075, 40.86992 ], [ -73.81075, 40.86991 ], [ -73.81074, 40.86991 ], [ -73.81074, 40.86991 ], [ -73.81074, 40.8699 ], [ -73.81073, 40.8699 ], [ -73.81073, 40.8699 ], [ -73.81073, 40.86989 ], [ -73.81073, 40.86989 ], [ -73.81072, 40.86989 ], [ -73.81072, 40.86988 ], [ -73.81072, 40.86988 ], [ -73.81071, 40.86988 ], [ -73.81071, 40.86987 ], [ -73.81071, 40.86987 ], [ -73.8107, 40.86987 ], [ -73.8107, 40.86986 ], [ -73.8107, 40.86986 ], [ -73.81069, 40.86986 ], [ -73.81069, 40.86986 ], [ -73.81069, 40.86985 ], [ -73.81068, 40.86985 ], [ -73.81068, 40.86985 ], [ -73.81068, 40.86984 ], [ -73.81067, 40.86984 ], [ -73.81067, 40.86984 ], [ -73.81067, 40.86983 ], [ -73.81066, 40.86983 ], [ -73.81066, 40.86983 ], [ -73.81066, 40.86983 ], [ -73.81065, 40.86982 ], [ -73.81065, 40.86982 ], [ -73.81065, 40.86982 ], [ -73.81064, 40.86981 ], [ -73.81064, 40.86981 ], [ -73.81063, 40.86981 ], [ -73.81063, 40.86981 ], [ -73.81063, 40.8698 ], [ -73.81062, 40.8698 ], [ -73.81062, 40.8698 ], [ -73.81061, 40.8698 ], [ -73.81061, 40.86979 ], [ -73.81061, 40.86979 ], [ -73.8106, 40.86979 ], [ -73.8106, 40.86979 ], [ -73.81059, 40.86978 ], [ -73.81059, 40.86978 ], [ -73.81058, 40.86978 ], [ -73.81058, 40.86978 ], [ -73.81058, 40.86977 ], [ -73.81057, 40.86977 ], [ -73.81057, 40.86977 ], [ -73.81056, 40.86977 ], [ -73.81056, 40.86976 ], [ -73.81055, 40.86976 ], [ -73.81055, 40.86976 ], [ -73.81049, 40.86974 ], [ -73.81043, 40.86971 ], [ -73.81036, 40.86968 ], [ -73.81029, 40.86964 ], [ -73.81023, 40.8696 ], [ -73.81017, 40.86955 ], [ -73.81012, 40.8695 ], [ -73.81008, 40.86944 ], [ -73.81005, 40.86938 ], [ -73.81003, 40.86932 ], [ -73.81001, 40.86927 ], [ -73.80999, 40.86921 ], [ -73.80998, 40.86916 ], [ -73.80998, 40.8691 ], [ -73.80999, 40.86905 ], [ -73.81001, 40.86899 ], [ -73.81003, 40.86894 ], [ -73.81005, 40.86889 ], [ -73.81008, 40.86884 ], [ -73.81012, 40.86879 ], [ -73.81016, 40.86875 ], [ -73.81021, 40.8687 ], [ -73.81027, 40.86866 ], [ -73.81034, 40.86863 ], [ -73.81041, 40.86859 ], [ -73.81048, 40.86857 ], [ -73.81056, 40.86855 ], [ -73.81064, 40.86853 ], [ -73.81072, 40.86852 ], [ -73.8108, 40.86852 ], [ -73.81088, 40.86852 ], [ -73.81096, 40.86853 ], [ -73.81104, 40.86853 ], [ -73.81112, 40.86853 ], [ -73.8112, 40.86852 ], [ -73.81127, 40.8685 ], [ -73.81135, 40.86848 ], [ -73.81142, 40.86845 ], [ -73.81148, 40.86842 ], [ -73.81154, 40.86838 ], [ -73.8116, 40.86834 ], [ -73.81165, 40.86829 ], [ -73.81169, 40.86824 ], [ -73.81181, 40.86799 ], [ -73.81193, 40.86773 ], [ -73.81227, 40.86704 ], [ -73.81266, 40.86625 ], [ -73.81317, 40.8653 ], [ -73.81339, 40.86495 ], [ -73.8134, 40.86489 ], [ -73.8134, 40.86483 ], [ -73.81339, 40.86477 ], [ -73.81338, 40.86471 ], [ -73.81336, 40.86465 ], [ -73.81333, 40.86459 ], [ -73.81329, 40.86454 ], [ -73.81325, 40.86449 ], [ -73.81284, 40.86433 ], [ -73.81244, 40.86417 ], [ -73.81202, 40.86402 ], [ -73.81161, 40.86388 ], [ -73.81119, 40.86374 ], [ -73.81117, 40.86373 ], [ -73.81115, 40.86372 ], [ -73.81112, 40.86371 ], [ -73.8111, 40.8637 ], [ -73.81108, 40.86369 ], [ -73.81105, 40.86368 ], [ -73.81103, 40.86368 ], [ -73.811, 40.86367 ], [ -73.81098, 40.86366 ], [ -73.81096, 40.86365 ], [ -73.81093, 40.86364 ], [ -73.81091, 40.86363 ], [ -73.81089, 40.86363 ], [ -73.81086, 40.86362 ], [ -73.81084, 40.86361 ], [ -73.81082, 40.8636 ], [ -73.81079, 40.86359 ], [ -73.81077, 40.86358 ], [ -73.81074, 40.86358 ], [ -73.81072, 40.86357 ], [ -73.8107, 40.86356 ], [ -73.81067, 40.86355 ], [ -73.81065, 40.86354 ], [ -73.81062, 40.86354 ], [ -73.8106, 40.86353 ], [ -73.81058, 40.86352 ], [ -73.81055, 40.86351 ], [ -73.81053, 40.8635 ], [ -73.81051, 40.8635 ], [ -73.81048, 40.86349 ], [ -73.81046, 40.86348 ], [ -73.81043, 40.86347 ], [ -73.81041, 40.86347 ], [ -73.81039, 40.86346 ], [ -73.81036, 40.86345 ], [ -73.81034, 40.86344 ], [ -73.81031, 40.86344 ], [ -73.81029, 40.86343 ], [ -73.81026, 40.86342 ], [ -73.81024, 40.86341 ], [ -73.81022, 40.86341 ], [ -73.81019, 40.8634 ], [ -73.81017, 40.86339 ], [ -73.81014, 40.86338 ], [ -73.81012, 40.86338 ], [ -73.81009, 40.86337 ], [ -73.81007, 40.86336 ], [ -73.81005, 40.86336 ], [ -73.81002, 40.86335 ], [ -73.81, 40.86334 ], [ -73.80997, 40.86333 ], [ -73.80995, 40.86333 ], [ -73.80992, 40.86332 ], [ -73.8099, 40.86331 ], [ -73.80988, 40.86331 ], [ -73.80985, 40.8633 ], [ -73.80983, 40.86329 ], [ -73.8098, 40.86329 ], [ -73.80978, 40.86328 ], [ -73.80975, 40.86327 ], [ -73.80973, 40.86327 ], [ -73.8097, 40.86326 ], [ -73.80968, 40.86325 ], [ -73.80966, 40.86325 ], [ -73.80963, 40.86324 ], [ -73.80961, 40.86323 ], [ -73.80958, 40.86323 ], [ -73.80956, 40.86322 ], [ -73.80953, 40.86321 ], [ -73.80951, 40.86321 ], [ -73.80948, 40.8632 ], [ -73.80946, 40.86319 ], [ -73.80943, 40.86319 ], [ -73.80941, 40.86318 ], [ -73.80938, 40.86317 ], [ -73.80935, 40.86317 ], [ -73.80933, 40.86316 ], [ -73.8093, 40.86315 ], [ -73.80927, 40.86314 ], [ -73.80924, 40.86314 ], [ -73.80922, 40.86313 ], [ -73.80919, 40.86312 ], [ -73.80916, 40.86312 ], [ -73.80914, 40.86311 ], [ -73.80911, 40.8631 ], [ -73.80908, 40.86309 ], [ -73.80905, 40.86309 ], [ -73.80903, 40.86308 ], [ -73.809, 40.86307 ], [ -73.80897, 40.86307 ], [ -73.80894, 40.86306 ], [ -73.80892, 40.86305 ], [ -73.80889, 40.86305 ], [ -73.80886, 40.86304 ], [ -73.80883, 40.86303 ], [ -73.80879, 40.86302 ], [ -73.80875, 40.86301 ], [ -73.80871, 40.86301 ], [ -73.80866, 40.863 ], [ -73.80862, 40.86299 ], [ -73.80858, 40.86298 ], [ -73.80853, 40.86297 ], [ -73.80849, 40.86296 ], [ -73.80845, 40.86295 ], [ -73.80841, 40.86294 ], [ -73.80836, 40.86293 ], [ -73.80832, 40.86292 ], [ -73.80828, 40.86291 ], [ -73.80824, 40.86291 ], [ -73.80819, 40.8629 ], [ -73.80815, 40.86289 ], [ -73.80811, 40.86288 ], [ -73.80807, 40.86287 ], [ -73.80803, 40.86286 ], [ -73.80798, 40.86285 ], [ -73.80794, 40.86284 ], [ -73.8079, 40.86283 ], [ -73.80786, 40.86282 ], [ -73.80781, 40.86281 ], [ -73.80777, 40.8628 ], [ -73.80773, 40.86279 ], [ -73.80769, 40.86278 ], [ -73.80764, 40.86277 ], [ -73.8076, 40.86276 ], [ -73.80756, 40.86275 ], [ -73.80752, 40.86274 ], [ -73.80747, 40.86273 ], [ -73.80743, 40.86272 ], [ -73.80739, 40.86271 ], [ -73.80735, 40.8627 ], [ -73.80731, 40.86269 ], [ -73.80726, 40.86268 ], [ -73.80722, 40.86267 ], [ -73.80718, 40.86266 ], [ -73.80714, 40.86265 ], [ -73.8071, 40.86264 ], [ -73.80705, 40.86263 ], [ -73.80701, 40.86262 ], [ -73.80697, 40.86261 ], [ -73.80693, 40.8626 ], [ -73.80688, 40.86259 ], [ -73.80684, 40.86258 ], [ -73.8068, 40.86257 ], [ -73.80676, 40.86256 ], [ -73.80672, 40.86255 ], [ -73.80667, 40.86254 ], [ -73.80663, 40.86253 ], [ -73.80659, 40.86252 ], [ -73.80655, 40.86251 ], [ -73.80651, 40.8625 ], [ -73.80647, 40.86249 ], [ -73.80642, 40.86248 ], [ -73.80638, 40.86246 ], [ -73.80634, 40.86245 ], [ -73.80632, 40.86245 ], [ -73.8063, 40.86244 ], [ -73.80628, 40.86244 ], [ -73.80626, 40.86243 ], [ -73.80624, 40.86243 ], [ -73.80623, 40.86242 ], [ -73.80621, 40.86242 ], [ -73.80619, 40.86241 ], [ -73.80617, 40.86241 ], [ -73.80615, 40.8624 ], [ -73.80613, 40.8624 ], [ -73.80611, 40.86239 ], [ -73.80609, 40.86239 ], [ -73.80607, 40.86238 ], [ -73.80605, 40.86238 ], [ -73.80604, 40.86237 ], [ -73.80602, 40.86237 ], [ -73.806, 40.86236 ], [ -73.80598, 40.86236 ], [ -73.80596, 40.86235 ], [ -73.80594, 40.86235 ], [ -73.80592, 40.86234 ], [ -73.8059, 40.86234 ], [ -73.80589, 40.86233 ], [ -73.80587, 40.86232 ], [ -73.80585, 40.86232 ], [ -73.80583, 40.86231 ], [ -73.80581, 40.86231 ], [ -73.80579, 40.8623 ], [ -73.80577, 40.8623 ], [ -73.80576, 40.86229 ], [ -73.80574, 40.86228 ], [ -73.80572, 40.86228 ], [ -73.8057, 40.86227 ], [ -73.80568, 40.86227 ], [ -73.80566, 40.86226 ], [ -73.80564, 40.86225 ], [ -73.80563, 40.86225 ], [ -73.80561, 40.86224 ], [ -73.80559, 40.86224 ], [ -73.80557, 40.86223 ], [ -73.80555, 40.86222 ], [ -73.80553, 40.86222 ], [ -73.80552, 40.86221 ], [ -73.8055, 40.8622 ], [ -73.80548, 40.8622 ], [ -73.80546, 40.86219 ], [ -73.80544, 40.86219 ], [ -73.80542, 40.86218 ], [ -73.80541, 40.86217 ], [ -73.80539, 40.86217 ], [ -73.80537, 40.86216 ], [ -73.80535, 40.86215 ], [ -73.80533, 40.86215 ], [ -73.80531, 40.86214 ], [ -73.8053, 40.86213 ], [ -73.80528, 40.86213 ], [ -73.80526, 40.86212 ], [ -73.80524, 40.86211 ], [ -73.80522, 40.86211 ], [ -73.80521, 40.8621 ], [ -73.80519, 40.86209 ], [ -73.80517, 40.86209 ], [ -73.80515, 40.86208 ], [ -73.80513, 40.86207 ], [ -73.80512, 40.86207 ], [ -73.8051, 40.86206 ], [ -73.80508, 40.86205 ], [ -73.80506, 40.86205 ], [ -73.80505, 40.86204 ], [ -73.80503, 40.86203 ], [ -73.80501, 40.86202 ], [ -73.80499, 40.86202 ], [ -73.80497, 40.86201 ], [ -73.80496, 40.862 ], [ -73.80494, 40.86199 ], [ -73.80492, 40.86199 ], [ -73.8049, 40.86198 ], [ -73.80489, 40.86197 ], [ -73.80487, 40.86197 ], [ -73.80485, 40.86196 ], [ -73.80483, 40.86195 ], [ -73.80482, 40.86194 ], [ -73.8048, 40.86194 ], [ -73.80478, 40.86193 ], [ -73.80476, 40.86192 ], [ -73.80475, 40.86191 ], [ -73.80473, 40.86191 ], [ -73.80471, 40.8619 ], [ -73.80469, 40.86189 ], [ -73.80468, 40.86188 ], [ -73.80466, 40.86187 ], [ -73.80464, 40.86187 ], [ -73.80462, 40.86186 ], [ -73.80461, 40.86185 ], [ -73.80459, 40.86184 ], [ -73.80457, 40.86184 ], [ -73.80456, 40.86183 ], [ -73.80454, 40.86182 ], [ -73.80452, 40.86181 ], [ -73.8045, 40.8618 ], [ -73.80449, 40.8618 ], [ -73.80447, 40.86179 ], [ -73.80445, 40.86178 ], [ -73.80444, 40.86177 ], [ -73.80442, 40.86176 ], [ -73.8044, 40.86175 ], [ -73.80439, 40.86175 ], [ -73.80437, 40.86174 ], [ -73.80435, 40.86173 ], [ -73.80433, 40.86172 ], [ -73.80432, 40.86171 ], [ -73.8043, 40.8617 ], [ -73.80428, 40.8617 ], [ -73.80427, 40.86169 ], [ -73.80424, 40.86168 ], [ -73.80423, 40.86167 ], [ -73.80423, 40.86167 ], [ -73.80422, 40.86166 ], [ -73.80421, 40.86166 ], [ -73.8042, 40.86166 ], [ -73.80419, 40.86165 ], [ -73.80418, 40.86165 ], [ -73.80417, 40.86164 ], [ -73.80416, 40.86164 ], [ -73.80415, 40.86164 ], [ -73.80414, 40.86163 ], [ -73.80413, 40.86163 ], [ -73.80413, 40.86162 ], [ -73.80412, 40.86162 ], [ -73.80411, 40.86161 ], [ -73.8041, 40.86161 ], [ -73.80409, 40.86161 ], [ -73.80408, 40.8616 ], [ -73.80407, 40.8616 ], [ -73.80406, 40.86159 ], [ -73.80406, 40.86159 ], [ -73.80405, 40.86158 ], [ -73.80404, 40.86158 ], [ -73.80403, 40.86157 ], [ -73.80402, 40.86157 ], [ -73.80401, 40.86157 ], [ -73.804, 40.86156 ], [ -73.804, 40.86156 ], [ -73.80399, 40.86155 ], [ -73.80398, 40.86155 ], [ -73.80397, 40.86154 ], [ -73.80396, 40.86154 ], [ -73.80395, 40.86153 ], [ -73.80395, 40.86153 ], [ -73.80394, 40.86152 ], [ -73.80393, 40.86152 ], [ -73.80392, 40.86151 ], [ -73.80391, 40.86151 ], [ -73.80388, 40.86149 ], [ -73.80385, 40.86148 ], [ -73.80382, 40.86146 ], [ -73.80379, 40.86144 ], [ -73.80378, 40.86143 ], [ -73.80376, 40.86142 ], [ -73.80374, 40.86142 ], [ -73.80373, 40.86141 ], [ -73.80371, 40.8614 ], [ -73.80369, 40.86139 ], [ -73.80368, 40.86138 ], [ -73.80366, 40.86137 ], [ -73.80365, 40.86136 ], [ -73.80363, 40.86135 ], [ -73.80361, 40.86134 ], [ -73.8036, 40.86133 ], [ -73.80358, 40.86133 ], [ -73.80356, 40.86132 ], [ -73.80355, 40.86131 ], [ -73.80353, 40.8613 ], [ -73.80352, 40.86129 ], [ -73.8035, 40.86128 ], [ -73.80348, 40.86127 ], [ -73.80347, 40.86126 ], [ -73.80345, 40.86125 ], [ -73.80344, 40.86124 ], [ -73.80342, 40.86123 ], [ -73.8034, 40.86122 ], [ -73.80339, 40.86121 ], [ -73.80337, 40.86121 ], [ -73.80336, 40.8612 ], [ -73.80334, 40.86119 ], [ -73.80332, 40.86118 ], [ -73.80331, 40.86117 ], [ -73.80329, 40.86116 ], [ -73.80328, 40.86115 ], [ -73.80326, 40.86114 ], [ -73.80325, 40.86113 ], [ -73.80323, 40.86112 ], [ -73.80321, 40.86111 ], [ -73.8032, 40.8611 ], [ -73.80318, 40.86109 ], [ -73.80317, 40.86108 ], [ -73.80315, 40.86107 ], [ -73.80314, 40.86106 ], [ -73.80312, 40.86105 ], [ -73.80311, 40.86104 ], [ -73.80309, 40.86103 ] ], [ [ -73.79792, 40.87687 ], [ -73.79769, 40.87695 ], [ -73.7979, 40.87688 ], [ -73.79831, 40.87673 ], [ -73.79792, 40.87687 ] ] ], [ [ [ -73.81129, 40.86363 ], [ -73.81131, 40.86363 ], [ -73.81132, 40.86364 ], [ -73.81134, 40.86365 ], [ -73.81251, 40.86408 ], [ -73.81321, 40.86435 ], [ -73.81326, 40.86437 ], [ -73.81331, 40.86439 ], [ -73.81338, 40.8644 ], [ -73.81345, 40.86441 ], [ -73.81353, 40.86441 ], [ -73.8136, 40.86441 ], [ -73.81367, 40.86439 ], [ -73.81374, 40.86438 ], [ -73.81381, 40.86436 ], [ -73.81387, 40.86433 ], [ -73.81393, 40.8643 ], [ -73.81398, 40.86426 ], [ -73.81417, 40.86408 ], [ -73.81439, 40.86387 ], [ -73.81456, 40.86369 ], [ -73.81466, 40.86354 ], [ -73.81465, 40.86353 ], [ -73.81423, 40.86325 ], [ -73.81422, 40.86324 ], [ -73.8142, 40.86323 ], [ -73.8135, 40.86275 ], [ -73.81287, 40.86232 ], [ -73.8113, 40.86126 ], [ -73.80178, 40.84666 ], [ -73.79939, 40.84551 ], [ -73.79383, 40.85634 ], [ -73.79386, 40.85635 ], [ -73.79389, 40.85636 ], [ -73.79392, 40.85637 ], [ -73.79395, 40.85638 ], [ -73.79398, 40.85639 ], [ -73.79401, 40.8564 ], [ -73.79404, 40.85641 ], [ -73.79407, 40.85642 ], [ -73.7941, 40.85643 ], [ -73.79413, 40.85644 ], [ -73.79416, 40.85646 ], [ -73.79419, 40.85647 ], [ -73.79422, 40.85648 ], [ -73.79425, 40.85649 ], [ -73.79428, 40.8565 ], [ -73.79431, 40.85651 ], [ -73.79434, 40.85652 ], [ -73.79437, 40.85653 ], [ -73.7944, 40.85654 ], [ -73.79443, 40.85655 ], [ -73.79446, 40.85656 ], [ -73.79449, 40.85657 ], [ -73.79452, 40.85659 ], [ -73.79455, 40.8566 ], [ -73.79458, 40.85661 ], [ -73.79461, 40.85662 ], [ -73.79464, 40.85663 ], [ -73.79467, 40.85664 ], [ -73.7947, 40.85665 ], [ -73.79473, 40.85666 ], [ -73.79476, 40.85668 ], [ -73.79479, 40.85669 ], [ -73.79482, 40.8567 ], [ -73.79485, 40.85671 ], [ -73.79488, 40.85672 ], [ -73.79491, 40.85673 ], [ -73.79494, 40.85674 ], [ -73.79497, 40.85676 ], [ -73.795, 40.85677 ], [ -73.79503, 40.85678 ], [ -73.79505, 40.85678 ], [ -73.79508, 40.85679 ], [ -73.79511, 40.8568 ], [ -73.79514, 40.85681 ], [ -73.79517, 40.85682 ], [ -73.7952, 40.85683 ], [ -73.79523, 40.85684 ], [ -73.79526, 40.85685 ], [ -73.79529, 40.85686 ], [ -73.79532, 40.85687 ], [ -73.79535, 40.85688 ], [ -73.79538, 40.85689 ], [ -73.7954, 40.85689 ], [ -73.79543, 40.8569 ], [ -73.79546, 40.85691 ], [ -73.79549, 40.85692 ], [ -73.79552, 40.85693 ], [ -73.79555, 40.85694 ], [ -73.79558, 40.85695 ], [ -73.79561, 40.85696 ], [ -73.79564, 40.85697 ], [ -73.79567, 40.85698 ], [ -73.79569, 40.85699 ], [ -73.79572, 40.857 ], [ -73.79575, 40.85701 ], [ -73.79578, 40.85702 ], [ -73.79581, 40.85703 ], [ -73.79584, 40.85704 ], [ -73.79587, 40.85705 ], [ -73.7959, 40.85706 ], [ -73.79592, 40.85707 ], [ -73.79595, 40.85708 ], [ -73.79598, 40.85709 ], [ -73.79601, 40.8571 ], [ -73.79604, 40.85711 ], [ -73.79607, 40.85712 ], [ -73.7961, 40.85713 ], [ -73.79612, 40.85714 ], [ -73.79615, 40.85715 ], [ -73.79618, 40.85716 ], [ -73.79621, 40.85717 ], [ -73.79624, 40.85718 ], [ -73.79627, 40.85719 ], [ -73.7963, 40.8572 ], [ -73.79632, 40.85721 ], [ -73.79635, 40.85722 ], [ -73.79638, 40.85723 ], [ -73.79641, 40.85724 ], [ -73.79644, 40.85725 ], [ -73.79647, 40.85726 ], [ -73.79649, 40.85727 ], [ -73.79652, 40.85728 ], [ -73.79655, 40.85729 ], [ -73.79658, 40.8573 ], [ -73.79661, 40.85732 ], [ -73.79663, 40.85733 ], [ -73.79666, 40.85734 ], [ -73.79669, 40.85735 ], [ -73.79672, 40.85736 ], [ -73.79675, 40.85737 ], [ -73.79678, 40.85738 ], [ -73.7968, 40.85739 ], [ -73.79683, 40.8574 ], [ -73.79686, 40.85741 ], [ -73.79689, 40.85742 ], [ -73.79692, 40.85743 ], [ -73.79694, 40.85745 ], [ -73.79697, 40.85746 ], [ -73.797, 40.85747 ], [ -73.79703, 40.85748 ], [ -73.79705, 40.85749 ], [ -73.79708, 40.8575 ], [ -73.79711, 40.85751 ], [ -73.79714, 40.85752 ], [ -73.79717, 40.85754 ], [ -73.79719, 40.85755 ], [ -73.79722, 40.85756 ], [ -73.79725, 40.85757 ], [ -73.79728, 40.85758 ], [ -73.7973, 40.85759 ], [ -73.79733, 40.8576 ], [ -73.79736, 40.85762 ], [ -73.79739, 40.85763 ], [ -73.79741, 40.85764 ], [ -73.79744, 40.85765 ], [ -73.79747, 40.85766 ], [ -73.7975, 40.85767 ], [ -73.79752, 40.85769 ], [ -73.79755, 40.8577 ], [ -73.79758, 40.85771 ], [ -73.79761, 40.85772 ], [ -73.79763, 40.85773 ], [ -73.79766, 40.85774 ], [ -73.79769, 40.85776 ], [ -73.79771, 40.85777 ], [ -73.79774, 40.85778 ], [ -73.79777, 40.85779 ], [ -73.7978, 40.8578 ], [ -73.79782, 40.85781 ], [ -73.79785, 40.85783 ], [ -73.79788, 40.85784 ], [ -73.7979, 40.85785 ], [ -73.79793, 40.85786 ], [ -73.79796, 40.85787 ], [ -73.79798, 40.85789 ], [ -73.79801, 40.8579 ], [ -73.79804, 40.85791 ], [ -73.79806, 40.85792 ], [ -73.79809, 40.85793 ], [ -73.79811, 40.85795 ], [ -73.79814, 40.85796 ], [ -73.79817, 40.85797 ], [ -73.79819, 40.85798 ], [ -73.79822, 40.85799 ], [ -73.79825, 40.85801 ], [ -73.79827, 40.85802 ], [ -73.7983, 40.85803 ], [ -73.79833, 40.85804 ], [ -73.79835, 40.85806 ], [ -73.79838, 40.85807 ], [ -73.7984, 40.85808 ], [ -73.79843, 40.85809 ], [ -73.79846, 40.85811 ], [ -73.79848, 40.85812 ], [ -73.79851, 40.85813 ], [ -73.79854, 40.85814 ], [ -73.79856, 40.85816 ], [ -73.79859, 40.85817 ], [ -73.79861, 40.85818 ], [ -73.79864, 40.85819 ], [ -73.79867, 40.85821 ], [ -73.79869, 40.85822 ], [ -73.79872, 40.85823 ], [ -73.79874, 40.85825 ], [ -73.79877, 40.85826 ], [ -73.7988, 40.85827 ], [ -73.79882, 40.85828 ], [ -73.79885, 40.8583 ], [ -73.79887, 40.85831 ], [ -73.7989, 40.85832 ], [ -73.79892, 40.85834 ], [ -73.79895, 40.85835 ], [ -73.79898, 40.85836 ], [ -73.799, 40.85838 ], [ -73.79903, 40.85839 ], [ -73.79905, 40.8584 ], [ -73.79908, 40.85842 ], [ -73.7991, 40.85843 ], [ -73.79913, 40.85844 ], [ -73.79915, 40.85846 ], [ -73.79918, 40.85847 ], [ -73.79921, 40.85848 ], [ -73.79923, 40.8585 ], [ -73.79926, 40.85851 ], [ -73.79928, 40.85852 ], [ -73.79931, 40.85854 ], [ -73.79933, 40.85855 ], [ -73.79936, 40.85856 ], [ -73.79938, 40.85858 ], [ -73.79941, 40.85859 ], [ -73.79943, 40.8586 ], [ -73.79946, 40.85862 ], [ -73.79948, 40.85863 ], [ -73.79951, 40.85864 ], [ -73.79953, 40.85866 ], [ -73.79956, 40.85867 ], [ -73.79958, 40.85869 ], [ -73.79961, 40.8587 ], [ -73.79963, 40.85871 ], [ -73.79966, 40.85873 ], [ -73.79968, 40.85874 ], [ -73.79971, 40.85876 ], [ -73.79973, 40.85877 ], [ -73.79976, 40.85878 ], [ -73.79978, 40.8588 ], [ -73.79981, 40.85881 ], [ -73.79983, 40.85883 ], [ -73.79986, 40.85884 ], [ -73.79988, 40.85885 ], [ -73.79991, 40.85887 ], [ -73.79993, 40.85888 ], [ -73.79993, 40.85888 ], [ -73.79997, 40.85891 ], [ -73.80001, 40.85893 ], [ -73.80004, 40.85894 ], [ -73.80007, 40.85897 ], [ -73.80011, 40.85899 ], [ -73.80015, 40.85901 ], [ -73.80018, 40.85903 ], [ -73.80022, 40.85905 ], [ -73.80025, 40.85907 ], [ -73.80029, 40.85909 ], [ -73.80032, 40.85911 ], [ -73.80036, 40.85913 ], [ -73.8004, 40.85916 ], [ -73.80043, 40.85918 ], [ -73.80047, 40.8592 ], [ -73.8005, 40.85922 ], [ -73.80054, 40.85924 ], [ -73.80057, 40.85926 ], [ -73.80061, 40.85928 ], [ -73.80064, 40.8593 ], [ -73.80068, 40.85933 ], [ -73.80072, 40.85935 ], [ -73.80075, 40.85937 ], [ -73.80079, 40.85939 ], [ -73.80082, 40.85941 ], [ -73.80086, 40.85943 ], [ -73.80089, 40.85946 ], [ -73.80093, 40.85948 ], [ -73.80096, 40.8595 ], [ -73.801, 40.85952 ], [ -73.80103, 40.85954 ], [ -73.80107, 40.85956 ], [ -73.8011, 40.85959 ], [ -73.80114, 40.85961 ], [ -73.80117, 40.85963 ], [ -73.80121, 40.85965 ], [ -73.80121, 40.85965 ], [ -73.80122, 40.85966 ], [ -73.80122, 40.85966 ], [ -73.80122, 40.85966 ], [ -73.80123, 40.85966 ], [ -73.80123, 40.85967 ], [ -73.80124, 40.85967 ], [ -73.80124, 40.85967 ], [ -73.80125, 40.85967 ], [ -73.80125, 40.85967 ], [ -73.80125, 40.85968 ], [ -73.80126, 40.85968 ], [ -73.80126, 40.85968 ], [ -73.80127, 40.85968 ], [ -73.80127, 40.85968 ], [ -73.80128, 40.85969 ], [ -73.80128, 40.85969 ], [ -73.80129, 40.85969 ], [ -73.80129, 40.85969 ], [ -73.8013, 40.85969 ], [ -73.8013, 40.8597 ], [ -73.80131, 40.8597 ], [ -73.80131, 40.8597 ], [ -73.80131, 40.8597 ], [ -73.80132, 40.8597 ], [ -73.80132, 40.85971 ], [ -73.80133, 40.85971 ], [ -73.80133, 40.85971 ], [ -73.80134, 40.85971 ], [ -73.80134, 40.85971 ], [ -73.80135, 40.85971 ], [ -73.80135, 40.85972 ], [ -73.80136, 40.85972 ], [ -73.80136, 40.85972 ], [ -73.80137, 40.85972 ], [ -73.80137, 40.85972 ], [ -73.80138, 40.85972 ], [ -73.80138, 40.85972 ], [ -73.80139, 40.85973 ], [ -73.80139, 40.85973 ], [ -73.8014, 40.85973 ], [ -73.8014, 40.85973 ], [ -73.80141, 40.85973 ], [ -73.80141, 40.85973 ], [ -73.80142, 40.85973 ], [ -73.80142, 40.85973 ], [ -73.80143, 40.85973 ], [ -73.80143, 40.85974 ], [ -73.80144, 40.85974 ], [ -73.80144, 40.85974 ], [ -73.80145, 40.85974 ], [ -73.80145, 40.85974 ], [ -73.80146, 40.85974 ], [ -73.80147, 40.85974 ], [ -73.80147, 40.85974 ], [ -73.80148, 40.85974 ], [ -73.80148, 40.85974 ], [ -73.80149, 40.85974 ], [ -73.80149, 40.85974 ], [ -73.8015, 40.85975 ], [ -73.8015, 40.85975 ], [ -73.80151, 40.85975 ], [ -73.80151, 40.85975 ], [ -73.80152, 40.85975 ], [ -73.80152, 40.85975 ], [ -73.80153, 40.85975 ], [ -73.80153, 40.85975 ], [ -73.80154, 40.85975 ], [ -73.80154, 40.85975 ], [ -73.80155, 40.85975 ], [ -73.80155, 40.85975 ], [ -73.80156, 40.85975 ], [ -73.80157, 40.85975 ], [ -73.80157, 40.85975 ], [ -73.80158, 40.85975 ], [ -73.80158, 40.85975 ], [ -73.80159, 40.85975 ], [ -73.80159, 40.85975 ], [ -73.8016, 40.85975 ], [ -73.8016, 40.85975 ], [ -73.80161, 40.85975 ], [ -73.80161, 40.85975 ], [ -73.80162, 40.85975 ], [ -73.80162, 40.85975 ], [ -73.80163, 40.85975 ], [ -73.80163, 40.85975 ], [ -73.80164, 40.85975 ], [ -73.80164, 40.85975 ], [ -73.80165, 40.85975 ], [ -73.80166, 40.85975 ], [ -73.80166, 40.85975 ], [ -73.80167, 40.85975 ], [ -73.80167, 40.85974 ], [ -73.80168, 40.85974 ], [ -73.80168, 40.85974 ], [ -73.80169, 40.85974 ], [ -73.80169, 40.85974 ], [ -73.8017, 40.85974 ], [ -73.8017, 40.85974 ], [ -73.80171, 40.85974 ], [ -73.80171, 40.85974 ], [ -73.80172, 40.85974 ], [ -73.80172, 40.85974 ], [ -73.80173, 40.85974 ], [ -73.80173, 40.85974 ], [ -73.80174, 40.85973 ], [ -73.80175, 40.85973 ], [ -73.80175, 40.85973 ], [ -73.80176, 40.85973 ], [ -73.80177, 40.85973 ], [ -73.80177, 40.85972 ], [ -73.80178, 40.85972 ], [ -73.80179, 40.85972 ], [ -73.80179, 40.85972 ], [ -73.8018, 40.85972 ], [ -73.80181, 40.85972 ], [ -73.80181, 40.85971 ], [ -73.80182, 40.85971 ], [ -73.80183, 40.85971 ], [ -73.80183, 40.85971 ], [ -73.80184, 40.85971 ], [ -73.80185, 40.85971 ], [ -73.80185, 40.8597 ], [ -73.80186, 40.8597 ], [ -73.80187, 40.8597 ], [ -73.80188, 40.8597 ], [ -73.80188, 40.8597 ], [ -73.80189, 40.8597 ], [ -73.8019, 40.8597 ], [ -73.8019, 40.8597 ], [ -73.80191, 40.85969 ], [ -73.80192, 40.85969 ], [ -73.80192, 40.85969 ], [ -73.80193, 40.85969 ], [ -73.80194, 40.85969 ], [ -73.80194, 40.85969 ], [ -73.80195, 40.85969 ], [ -73.80196, 40.85969 ], [ -73.80197, 40.85969 ], [ -73.80197, 40.85969 ], [ -73.80198, 40.85968 ], [ -73.80199, 40.85968 ], [ -73.80199, 40.85968 ], [ -73.802, 40.85968 ], [ -73.80201, 40.85968 ], [ -73.80201, 40.85968 ], [ -73.80202, 40.85968 ], [ -73.80203, 40.85968 ], [ -73.80204, 40.85968 ], [ -73.80204, 40.85968 ], [ -73.80205, 40.85968 ], [ -73.80206, 40.85968 ], [ -73.80206, 40.85968 ], [ -73.80207, 40.85968 ], [ -73.80208, 40.85968 ], [ -73.80209, 40.85968 ], [ -73.80209, 40.85968 ], [ -73.8021, 40.85968 ], [ -73.80211, 40.85968 ], [ -73.80211, 40.85968 ], [ -73.80212, 40.85968 ], [ -73.80213, 40.85968 ], [ -73.80213, 40.85968 ], [ -73.80214, 40.85968 ], [ -73.80215, 40.85968 ], [ -73.80216, 40.85968 ], [ -73.80216, 40.85968 ], [ -73.80217, 40.85968 ], [ -73.80218, 40.85968 ], [ -73.80218, 40.85968 ], [ -73.80219, 40.85968 ], [ -73.8022, 40.85968 ], [ -73.80221, 40.85968 ], [ -73.80221, 40.85968 ], [ -73.80222, 40.85968 ], [ -73.80223, 40.85968 ], [ -73.80224, 40.85968 ], [ -73.80225, 40.85968 ], [ -73.80226, 40.85968 ], [ -73.80227, 40.85969 ], [ -73.80228, 40.85969 ], [ -73.80229, 40.85969 ], [ -73.8023, 40.85969 ], [ -73.80231, 40.85969 ], [ -73.80232, 40.85969 ], [ -73.80233, 40.85969 ], [ -73.80234, 40.85969 ], [ -73.80235, 40.8597 ], [ -73.80235, 40.8597 ], [ -73.80236, 40.8597 ], [ -73.80237, 40.8597 ], [ -73.80238, 40.8597 ], [ -73.80239, 40.8597 ], [ -73.8024, 40.85971 ], [ -73.80241, 40.85971 ], [ -73.80242, 40.85971 ], [ -73.80243, 40.85971 ], [ -73.80244, 40.85971 ], [ -73.80245, 40.85971 ], [ -73.80246, 40.85972 ], [ -73.80247, 40.85972 ], [ -73.80248, 40.85972 ], [ -73.80249, 40.85972 ], [ -73.80249, 40.85972 ], [ -73.8025, 40.85973 ], [ -73.80251, 40.85973 ], [ -73.80252, 40.85973 ], [ -73.80253, 40.85973 ], [ -73.80254, 40.85974 ], [ -73.80255, 40.85974 ], [ -73.80256, 40.85974 ], [ -73.80257, 40.85974 ], [ -73.80258, 40.85974 ], [ -73.80259, 40.85975 ], [ -73.8026, 40.85975 ], [ -73.8026, 40.85975 ], [ -73.80261, 40.85975 ], [ -73.80262, 40.85976 ], [ -73.80263, 40.85976 ], [ -73.80264, 40.85976 ], [ -73.80265, 40.85976 ], [ -73.80266, 40.85977 ], [ -73.80267, 40.85977 ], [ -73.80268, 40.85977 ], [ -73.80269, 40.85978 ], [ -73.80269, 40.85978 ], [ -73.8027, 40.85978 ], [ -73.80271, 40.85978 ], [ -73.80272, 40.85979 ], [ -73.80273, 40.85979 ], [ -73.80274, 40.85979 ], [ -73.80275, 40.8598 ], [ -73.80276, 40.8598 ], [ -73.80277, 40.8598 ], [ -73.80277, 40.8598 ], [ -73.80278, 40.85981 ], [ -73.80279, 40.85981 ], [ -73.8028, 40.85982 ], [ -73.8028, 40.85983 ], [ -73.80281, 40.85983 ], [ -73.80281, 40.85984 ], [ -73.80282, 40.85985 ], [ -73.80282, 40.85986 ], [ -73.80282, 40.85986 ], [ -73.80283, 40.85987 ], [ -73.80283, 40.85988 ], [ -73.80284, 40.85989 ], [ -73.80284, 40.85989 ], [ -73.80285, 40.8599 ], [ -73.80285, 40.85991 ], [ -73.80286, 40.85992 ], [ -73.80287, 40.85992 ], [ -73.80287, 40.85993 ], [ -73.80288, 40.85994 ], [ -73.80288, 40.85994 ], [ -73.80289, 40.85995 ], [ -73.80289, 40.85996 ], [ -73.8029, 40.85997 ], [ -73.8029, 40.85997 ], [ -73.80291, 40.85998 ], [ -73.80291, 40.85999 ], [ -73.80292, 40.86 ], [ -73.80293, 40.86 ], [ -73.80293, 40.86001 ], [ -73.80294, 40.86002 ], [ -73.80294, 40.86002 ], [ -73.80295, 40.86003 ], [ -73.80295, 40.86004 ], [ -73.80295, 40.86004 ], [ -73.80296, 40.86004 ], [ -73.80296, 40.86005 ], [ -73.80296, 40.86005 ], [ -73.80297, 40.86005 ], [ -73.80297, 40.86006 ], [ -73.80297, 40.86006 ], [ -73.80297, 40.86007 ], [ -73.80298, 40.86007 ], [ -73.80298, 40.86008 ], [ -73.80298, 40.86008 ], [ -73.80298, 40.86008 ], [ -73.80299, 40.86009 ], [ -73.80299, 40.86009 ], [ -73.80299, 40.8601 ], [ -73.80299, 40.8601 ], [ -73.803, 40.8601 ], [ -73.803, 40.86011 ], [ -73.803, 40.86011 ], [ -73.803, 40.86012 ], [ -73.803, 40.86012 ], [ -73.80301, 40.86013 ], [ -73.80301, 40.86013 ], [ -73.80301, 40.86013 ], [ -73.80301, 40.86014 ], [ -73.80301, 40.86014 ], [ -73.80302, 40.86015 ], [ -73.80302, 40.86015 ], [ -73.80302, 40.86016 ], [ -73.80302, 40.86016 ], [ -73.80302, 40.86016 ], [ -73.80302, 40.86017 ], [ -73.80303, 40.86017 ], [ -73.80303, 40.86018 ], [ -73.80303, 40.86018 ], [ -73.80303, 40.86019 ], [ -73.80303, 40.86019 ], [ -73.80303, 40.86019 ], [ -73.80303, 40.8602 ], [ -73.80304, 40.8602 ], [ -73.80304, 40.86021 ], [ -73.80304, 40.86021 ], [ -73.80304, 40.86022 ], [ -73.80304, 40.86022 ], [ -73.80304, 40.86023 ], [ -73.80304, 40.86023 ], [ -73.80304, 40.86023 ], [ -73.80304, 40.86024 ], [ -73.80304, 40.86024 ], [ -73.80305, 40.86025 ], [ -73.80305, 40.86025 ], [ -73.80305, 40.86026 ], [ -73.80305, 40.86026 ], [ -73.80305, 40.86027 ], [ -73.80305, 40.86027 ], [ -73.80305, 40.86028 ], [ -73.80305, 40.86028 ], [ -73.80305, 40.86028 ], [ -73.80305, 40.86029 ], [ -73.80305, 40.86029 ], [ -73.80305, 40.8603 ], [ -73.80305, 40.8603 ], [ -73.80305, 40.86031 ], [ -73.80305, 40.86031 ], [ -73.80305, 40.86032 ], [ -73.80305, 40.86033 ], [ -73.80305, 40.86033 ], [ -73.80306, 40.86034 ], [ -73.80306, 40.86035 ], [ -73.80306, 40.86036 ], [ -73.80306, 40.86037 ], [ -73.80306, 40.86037 ], [ -73.80306, 40.86038 ], [ -73.80306, 40.86039 ], [ -73.80306, 40.8604 ], [ -73.80306, 40.8604 ], [ -73.80306, 40.86041 ], [ -73.80306, 40.86042 ], [ -73.80306, 40.86043 ], [ -73.80306, 40.86044 ], [ -73.80306, 40.86044 ], [ -73.80306, 40.86045 ], [ -73.80306, 40.86046 ], [ -73.80306, 40.86047 ], [ -73.80306, 40.86048 ], [ -73.80306, 40.86048 ], [ -73.80306, 40.86049 ], [ -73.80306, 40.8605 ], [ -73.80306, 40.86051 ], [ -73.80306, 40.86051 ], [ -73.80306, 40.86052 ], [ -73.80306, 40.86053 ], [ -73.80306, 40.86054 ], [ -73.80306, 40.86055 ], [ -73.80306, 40.86055 ], [ -73.80306, 40.86056 ], [ -73.80306, 40.86057 ], [ -73.80306, 40.86058 ], [ -73.80306, 40.86058 ], [ -73.80306, 40.86059 ], [ -73.80306, 40.8606 ], [ -73.80306, 40.8606 ], [ -73.80306, 40.86061 ], [ -73.80306, 40.86061 ], [ -73.80306, 40.86062 ], [ -73.80306, 40.86062 ], [ -73.80306, 40.86063 ], [ -73.80306, 40.86063 ], [ -73.80306, 40.86064 ], [ -73.80306, 40.86064 ], [ -73.80306, 40.86064 ], [ -73.80306, 40.86065 ], [ -73.80306, 40.86065 ], [ -73.80306, 40.86066 ], [ -73.80307, 40.86066 ], [ -73.80307, 40.86067 ], [ -73.80307, 40.86067 ], [ -73.80307, 40.86068 ], [ -73.80307, 40.86068 ], [ -73.80307, 40.86068 ], [ -73.80307, 40.86069 ], [ -73.80307, 40.86069 ], [ -73.80307, 40.8607 ], [ -73.80307, 40.8607 ], [ -73.80307, 40.86071 ], [ -73.80308, 40.86071 ], [ -73.80308, 40.86072 ], [ -73.80308, 40.86072 ], [ -73.80308, 40.86072 ], [ -73.80308, 40.86073 ], [ -73.80308, 40.86073 ], [ -73.80308, 40.86074 ], [ -73.80309, 40.86074 ], [ -73.80309, 40.86075 ], [ -73.80309, 40.86075 ], [ -73.80309, 40.86075 ], [ -73.80309, 40.86076 ], [ -73.80309, 40.86076 ], [ -73.8031, 40.86077 ], [ -73.8031, 40.86077 ], [ -73.8031, 40.86078 ], [ -73.8031, 40.86078 ], [ -73.8031, 40.86078 ], [ -73.80311, 40.86079 ], [ -73.80311, 40.86079 ], [ -73.80311, 40.8608 ], [ -73.80311, 40.8608 ], [ -73.80311, 40.8608 ], [ -73.80312, 40.86081 ], [ -73.80312, 40.86081 ], [ -73.80312, 40.86082 ], [ -73.80312, 40.86082 ], [ -73.80313, 40.86082 ], [ -73.80313, 40.86083 ], [ -73.80313, 40.86083 ], [ -73.80313, 40.86084 ], [ -73.80314, 40.86084 ], [ -73.80314, 40.86084 ], [ -73.80314, 40.86085 ], [ -73.80314, 40.86085 ], [ -73.80315, 40.86086 ], [ -73.80315, 40.86086 ], [ -73.80315, 40.86086 ], [ -73.80316, 40.86087 ], [ -73.80316, 40.86087 ], [ -73.80316, 40.86088 ], [ -73.80316, 40.86088 ], [ -73.80317, 40.86088 ], [ -73.80317, 40.86089 ], [ -73.80317, 40.86089 ], [ -73.80318, 40.86089 ], [ -73.80318, 40.8609 ], [ -73.80318, 40.8609 ], [ -73.80319, 40.86091 ], [ -73.80319, 40.86091 ], [ -73.80319, 40.86091 ], [ -73.8032, 40.86092 ], [ -73.8032, 40.86092 ], [ -73.8032, 40.86092 ], [ -73.80321, 40.86093 ], [ -73.80321, 40.86093 ], [ -73.80321, 40.86093 ], [ -73.80322, 40.86094 ], [ -73.80322, 40.86094 ], [ -73.80323, 40.86095 ], [ -73.80323, 40.86095 ], [ -73.80323, 40.86095 ], [ -73.80324, 40.86096 ], [ -73.80324, 40.86096 ], [ -73.80324, 40.86096 ], [ -73.80325, 40.86096 ], [ -73.80325, 40.86097 ], [ -73.80325, 40.86097 ], [ -73.80326, 40.86097 ], [ -73.80326, 40.86097 ], [ -73.80326, 40.86097 ], [ -73.80326, 40.86098 ], [ -73.80327, 40.86098 ], [ -73.80327, 40.86098 ], [ -73.80327, 40.86098 ], [ -73.80328, 40.86099 ], [ -73.80328, 40.86099 ], [ -73.8033, 40.861 ], [ -73.80333, 40.86102 ], [ -73.80335, 40.86103 ], [ -73.80337, 40.86105 ], [ -73.8034, 40.86106 ], [ -73.80342, 40.86107 ], [ -73.80345, 40.86109 ], [ -73.80347, 40.8611 ], [ -73.8035, 40.86112 ], [ -73.80352, 40.86113 ], [ -73.80354, 40.86114 ], [ -73.80357, 40.86116 ], [ -73.80359, 40.86117 ], [ -73.80362, 40.86119 ], [ -73.80364, 40.8612 ], [ -73.80367, 40.86121 ], [ -73.80369, 40.86123 ], [ -73.80371, 40.86124 ], [ -73.80374, 40.86126 ], [ -73.80376, 40.86127 ], [ -73.80379, 40.86128 ], [ -73.80381, 40.8613 ], [ -73.80384, 40.86131 ], [ -73.80386, 40.86132 ], [ -73.80389, 40.86134 ], [ -73.80391, 40.86135 ], [ -73.80394, 40.86136 ], [ -73.80396, 40.86138 ], [ -73.80398, 40.86139 ], [ -73.80401, 40.86141 ], [ -73.80403, 40.86142 ], [ -73.80406, 40.86143 ], [ -73.80408, 40.86145 ], [ -73.80411, 40.86146 ], [ -73.80413, 40.86147 ], [ -73.80416, 40.86149 ], [ -73.80418, 40.8615 ], [ -73.80421, 40.86151 ], [ -73.80423, 40.86153 ], [ -73.80426, 40.86154 ], [ -73.80428, 40.86155 ], [ -73.80431, 40.86156 ], [ -73.80433, 40.86158 ], [ -73.80436, 40.86159 ], [ -73.80438, 40.8616 ], [ -73.80441, 40.86162 ], [ -73.80443, 40.86163 ], [ -73.80446, 40.86164 ], [ -73.80448, 40.86165 ], [ -73.80449, 40.86166 ], [ -73.80451, 40.86167 ], [ -73.80453, 40.86168 ], [ -73.80455, 40.86168 ], [ -73.80456, 40.86169 ], [ -73.80458, 40.8617 ], [ -73.8046, 40.86171 ], [ -73.80462, 40.86172 ], [ -73.80463, 40.86172 ], [ -73.80465, 40.86173 ], [ -73.80467, 40.86174 ], [ -73.80469, 40.86175 ], [ -73.8047, 40.86176 ], [ -73.80472, 40.86176 ], [ -73.80474, 40.86177 ], [ -73.80476, 40.86178 ], [ -73.80477, 40.86179 ], [ -73.80479, 40.8618 ], [ -73.80481, 40.8618 ], [ -73.80483, 40.86181 ], [ -73.80484, 40.86182 ], [ -73.80486, 40.86183 ], [ -73.80488, 40.86183 ], [ -73.8049, 40.86184 ], [ -73.80492, 40.86185 ], [ -73.80493, 40.86186 ], [ -73.80495, 40.86186 ], [ -73.80497, 40.86187 ], [ -73.80499, 40.86188 ], [ -73.80501, 40.86189 ], [ -73.80502, 40.86189 ], [ -73.80504, 40.8619 ], [ -73.80506, 40.86191 ], [ -73.80508, 40.86192 ], [ -73.8051, 40.86192 ], [ -73.80511, 40.86193 ], [ -73.80513, 40.86194 ], [ -73.80515, 40.86194 ], [ -73.80517, 40.86195 ], [ -73.80519, 40.86196 ], [ -73.8052, 40.86196 ], [ -73.80522, 40.86197 ], [ -73.80524, 40.86198 ], [ -73.80526, 40.86199 ], [ -73.80528, 40.86199 ], [ -73.8053, 40.862 ], [ -73.80531, 40.86201 ], [ -73.80533, 40.86201 ], [ -73.80535, 40.86202 ], [ -73.80537, 40.86203 ], [ -73.80539, 40.86203 ], [ -73.80541, 40.86204 ], [ -73.80543, 40.86205 ], [ -73.80544, 40.86205 ], [ -73.80546, 40.86206 ], [ -73.80548, 40.86207 ], [ -73.8055, 40.86207 ], [ -73.80552, 40.86208 ], [ -73.80554, 40.86209 ], [ -73.80555, 40.86209 ], [ -73.80557, 40.8621 ], [ -73.80559, 40.8621 ], [ -73.80561, 40.86211 ], [ -73.80563, 40.86212 ], [ -73.80565, 40.86212 ], [ -73.80567, 40.86213 ], [ -73.80569, 40.86214 ], [ -73.8057, 40.86214 ], [ -73.80572, 40.86215 ], [ -73.80574, 40.86215 ], [ -73.80576, 40.86216 ], [ -73.80578, 40.86217 ], [ -73.8058, 40.86217 ], [ -73.80582, 40.86218 ], [ -73.80584, 40.86218 ], [ -73.80585, 40.86219 ], [ -73.80587, 40.8622 ], [ -73.80589, 40.8622 ], [ -73.80591, 40.86221 ], [ -73.80593, 40.86221 ], [ -73.80595, 40.86222 ], [ -73.80597, 40.86222 ], [ -73.80599, 40.86223 ], [ -73.80601, 40.86224 ], [ -73.80603, 40.86224 ], [ -73.80604, 40.86225 ], [ -73.80606, 40.86225 ], [ -73.80608, 40.86226 ], [ -73.8061, 40.86226 ], [ -73.80612, 40.86227 ], [ -73.80614, 40.86227 ], [ -73.80616, 40.86228 ], [ -73.80618, 40.86229 ], [ -73.8062, 40.86229 ], [ -73.80622, 40.8623 ], [ -73.80624, 40.8623 ], [ -73.80626, 40.86231 ], [ -73.80628, 40.86231 ], [ -73.80629, 40.86232 ], [ -73.80631, 40.86232 ], [ -73.80633, 40.86233 ], [ -73.80635, 40.86233 ], [ -73.80637, 40.86234 ], [ -73.80639, 40.86234 ], [ -73.80647, 40.86236 ], [ -73.80654, 40.86238 ], [ -73.80661, 40.8624 ], [ -73.80669, 40.86241 ], [ -73.80676, 40.86243 ], [ -73.80684, 40.86245 ], [ -73.80691, 40.86247 ], [ -73.80699, 40.86248 ], [ -73.80706, 40.8625 ], [ -73.80714, 40.86252 ], [ -73.80721, 40.86254 ], [ -73.80729, 40.86255 ], [ -73.80736, 40.86257 ], [ -73.80744, 40.86259 ], [ -73.80751, 40.86261 ], [ -73.80759, 40.86263 ], [ -73.80766, 40.86264 ], [ -73.80774, 40.86266 ], [ -73.80781, 40.86268 ], [ -73.80789, 40.86269 ], [ -73.80796, 40.86271 ], [ -73.80803, 40.86273 ], [ -73.80811, 40.86275 ], [ -73.80818, 40.86276 ], [ -73.80826, 40.86278 ], [ -73.80833, 40.8628 ], [ -73.80841, 40.86282 ], [ -73.80848, 40.86283 ], [ -73.80856, 40.86285 ], [ -73.80863, 40.86287 ], [ -73.80871, 40.86288 ], [ -73.80878, 40.8629 ], [ -73.80886, 40.86292 ], [ -73.80886, 40.86291 ], [ -73.80891, 40.86293 ], [ -73.80895, 40.86294 ], [ -73.80901, 40.86295 ], [ -73.80906, 40.86297 ], [ -73.80912, 40.86298 ], [ -73.80918, 40.863 ], [ -73.80924, 40.86301 ], [ -73.80929, 40.86303 ], [ -73.80935, 40.86304 ], [ -73.80941, 40.86306 ], [ -73.80947, 40.86307 ], [ -73.80952, 40.86309 ], [ -73.80958, 40.8631 ], [ -73.80964, 40.86312 ], [ -73.80969, 40.86313 ], [ -73.80975, 40.86315 ], [ -73.80981, 40.86316 ], [ -73.80987, 40.86318 ], [ -73.80992, 40.8632 ], [ -73.80998, 40.86321 ], [ -73.81004, 40.86323 ], [ -73.81009, 40.86324 ], [ -73.81015, 40.86326 ], [ -73.81021, 40.86327 ], [ -73.81023, 40.86328 ], [ -73.81025, 40.86329 ], [ -73.81027, 40.86329 ], [ -73.8103, 40.8633 ], [ -73.81032, 40.86331 ], [ -73.81034, 40.86331 ], [ -73.81036, 40.86332 ], [ -73.81039, 40.86333 ], [ -73.81041, 40.86333 ], [ -73.81043, 40.86334 ], [ -73.81045, 40.86335 ], [ -73.81048, 40.86335 ], [ -73.8105, 40.86336 ], [ -73.81052, 40.86337 ], [ -73.81054, 40.86337 ], [ -73.81057, 40.86338 ], [ -73.81059, 40.86339 ], [ -73.81061, 40.86339 ], [ -73.81063, 40.8634 ], [ -73.81066, 40.86341 ], [ -73.81068, 40.86342 ], [ -73.8107, 40.86342 ], [ -73.81072, 40.86343 ], [ -73.81074, 40.86344 ], [ -73.81077, 40.86344 ], [ -73.81079, 40.86345 ], [ -73.81081, 40.86346 ], [ -73.81083, 40.86347 ], [ -73.81086, 40.86347 ], [ -73.81088, 40.86348 ], [ -73.8109, 40.86349 ], [ -73.81092, 40.8635 ], [ -73.81094, 40.8635 ], [ -73.81097, 40.86351 ], [ -73.81099, 40.86352 ], [ -73.81101, 40.86353 ], [ -73.81103, 40.86353 ], [ -73.81105, 40.86354 ], [ -73.81108, 40.86355 ], [ -73.8111, 40.86356 ], [ -73.81112, 40.86357 ], [ -73.81114, 40.86357 ], [ -73.81116, 40.86358 ], [ -73.81118, 40.86359 ], [ -73.81121, 40.8636 ], [ -73.81123, 40.8636 ], [ -73.81123, 40.8636 ], [ -73.81127, 40.86362 ], [ -73.81129, 40.86363 ] ] ], [ [ [ -73.818, 40.874 ], [ -73.81792, 40.87382 ], [ -73.81783, 40.87365 ], [ -73.81773, 40.87347 ], [ -73.81762, 40.8733 ], [ -73.81763, 40.87332 ], [ -73.81755, 40.87321 ], [ -73.81755, 40.87321 ], [ -73.81749, 40.87312 ], [ -73.8171, 40.87262 ], [ -73.81697, 40.87248 ], [ -73.81683, 40.87234 ], [ -73.81669, 40.8722 ], [ -73.81654, 40.87207 ], [ -73.81639, 40.87194 ], [ -73.81623, 40.87181 ], [ -73.81622, 40.87181 ], [ -73.81608, 40.87169 ], [ -73.81592, 40.87157 ], [ -73.81576, 40.87146 ], [ -73.8156, 40.87136 ], [ -73.81543, 40.87126 ], [ -73.81537, 40.87122 ], [ -73.81513, 40.87109 ], [ -73.81489, 40.87096 ], [ -73.81465, 40.87083 ], [ -73.81465, 40.87083 ], [ -73.81397, 40.87052 ], [ -73.81377, 40.87045 ], [ -73.8135, 40.87035 ], [ -73.81334, 40.87028 ], [ -73.81334, 40.87028 ], [ -73.81309, 40.87019 ], [ -73.81297, 40.87015 ], [ -73.81292, 40.87024 ], [ -73.81263, 40.8707 ], [ -73.81252, 40.87089 ], [ -73.80865, 40.87715 ], [ -73.80659, 40.8805 ], [ -73.80658, 40.88049 ], [ -73.80396, 40.88473 ], [ -73.80351, 40.88548 ], [ -73.80351, 40.88548 ], [ -73.8043, 40.88569 ], [ -73.80494, 40.88586 ], [ -73.80523, 40.88593 ], [ -73.80524, 40.88593 ], [ -73.80525, 40.88592 ], [ -73.80527, 40.88592 ], [ -73.80528, 40.88591 ], [ -73.8053, 40.88591 ], [ -73.80531, 40.88591 ], [ -73.80533, 40.8859 ], [ -73.80534, 40.8859 ], [ -73.80536, 40.88589 ], [ -73.80537, 40.88589 ], [ -73.80539, 40.88588 ], [ -73.8054, 40.88588 ], [ -73.80542, 40.88588 ], [ -73.80543, 40.88587 ], [ -73.80545, 40.88587 ], [ -73.80546, 40.88586 ], [ -73.80548, 40.88586 ], [ -73.80549, 40.88586 ], [ -73.80551, 40.88585 ], [ -73.80552, 40.88585 ], [ -73.80554, 40.88584 ], [ -73.80555, 40.88584 ], [ -73.80557, 40.88584 ], [ -73.80559, 40.88583 ], [ -73.8056, 40.88583 ], [ -73.80562, 40.88583 ], [ -73.80563, 40.88582 ], [ -73.80565, 40.88582 ], [ -73.80566, 40.88582 ], [ -73.80568, 40.88581 ], [ -73.80569, 40.88581 ], [ -73.80571, 40.8858 ], [ -73.80572, 40.8858 ], [ -73.80574, 40.8858 ], [ -73.80575, 40.88579 ], [ -73.80577, 40.88579 ], [ -73.80578, 40.88579 ], [ -73.8058, 40.88579 ], [ -73.80581, 40.88578 ], [ -73.80583, 40.88578 ], [ -73.80585, 40.88578 ], [ -73.80586, 40.88577 ], [ -73.80588, 40.88577 ], [ -73.80589, 40.88577 ], [ -73.80591, 40.88576 ], [ -73.80592, 40.88576 ], [ -73.80594, 40.88576 ], [ -73.80595, 40.88575 ], [ -73.80597, 40.88575 ], [ -73.80598, 40.88575 ], [ -73.806, 40.88575 ], [ -73.80602, 40.88574 ], [ -73.80603, 40.88574 ], [ -73.80605, 40.88574 ], [ -73.80606, 40.88574 ], [ -73.80608, 40.88573 ], [ -73.80609, 40.88573 ], [ -73.80611, 40.88573 ], [ -73.80612, 40.88573 ], [ -73.80614, 40.88572 ], [ -73.80616, 40.88572 ], [ -73.80617, 40.88572 ], [ -73.80619, 40.88572 ], [ -73.8062, 40.88571 ], [ -73.80622, 40.88571 ], [ -73.80623, 40.88571 ], [ -73.80625, 40.88571 ], [ -73.80643, 40.88568 ], [ -73.80661, 40.88567 ], [ -73.80682, 40.88565 ], [ -73.80702, 40.88564 ], [ -73.80723, 40.88564 ], [ -73.80744, 40.88565 ], [ -73.80764, 40.88566 ], [ -73.80785, 40.88568 ], [ -73.80805, 40.8857 ], [ -73.80827, 40.88573 ], [ -73.80949, 40.88596 ], [ -73.80964, 40.88599 ], [ -73.80999, 40.88605 ], [ -73.81119, 40.88626 ], [ -73.81196, 40.88639 ], [ -73.81226, 40.88644 ], [ -73.81301, 40.88656 ], [ -73.81314, 40.88658 ], [ -73.81327, 40.88659 ], [ -73.8134, 40.88659 ], [ -73.81352, 40.88659 ], [ -73.81365, 40.88658 ], [ -73.81378, 40.88656 ], [ -73.8139, 40.88654 ], [ -73.81417, 40.88647 ], [ -73.81427, 40.88642 ], [ -73.81437, 40.88636 ], [ -73.81446, 40.8863 ], [ -73.81454, 40.88623 ], [ -73.81462, 40.88616 ], [ -73.8147, 40.88608 ], [ -73.81476, 40.886 ], [ -73.81557, 40.88426 ], [ -73.81595, 40.88361 ], [ -73.81606, 40.88341 ], [ -73.81678, 40.88134 ], [ -73.81678, 40.88134 ], [ -73.81774, 40.87853 ], [ -73.81773, 40.87853 ], [ -73.81825, 40.87701 ], [ -73.81825, 40.877 ], [ -73.81833, 40.87668 ], [ -73.81832, 40.87668 ], [ -73.81837, 40.87641 ], [ -73.81839, 40.87617 ], [ -73.81839, 40.87591 ], [ -73.81839, 40.87571 ], [ -73.81838, 40.87553 ], [ -73.81837, 40.87537 ], [ -73.81835, 40.87518 ], [ -73.8183, 40.87499 ], [ -73.81831, 40.87499 ], [ -73.81831, 40.87496 ], [ -73.8183, 40.87494 ], [ -73.81827, 40.87479 ], [ -73.81823, 40.87465 ], [ -73.81819, 40.8745 ], [ -73.81806, 40.87415 ], [ -73.818, 40.874 ] ] ], [ [ [ -73.81396, 40.86056 ], [ -73.81492, 40.86087 ], [ -73.81579, 40.86095 ], [ -73.81584, 40.86098 ], [ -73.8159, 40.86102 ], [ -73.81605, 40.86109 ], [ -73.81622, 40.86119 ], [ -73.81626, 40.86121 ], [ -73.81662, 40.86069 ], [ -73.8167, 40.86059 ], [ -73.81679, 40.86045 ], [ -73.81709, 40.86008 ], [ -73.81741, 40.85975 ], [ -73.81765, 40.85953 ], [ -73.81796, 40.85929 ], [ -73.81843, 40.85887 ], [ -73.81895, 40.85844 ], [ -73.81947, 40.85798 ], [ -73.81947, 40.85798 ], [ -73.82066, 40.85694 ], [ -73.82137, 40.85631 ], [ -73.82162, 40.85611 ], [ -73.82203, 40.85585 ], [ -73.82246, 40.85554 ], [ -73.82287, 40.85527 ], [ -73.82307, 40.85517 ], [ -73.82331, 40.85504 ], [ -73.82351, 40.85496 ], [ -73.82368, 40.85489 ], [ -73.82385, 40.85482 ], [ -73.82396, 40.85477 ], [ -73.82421, 40.85465 ], [ -73.82447, 40.85455 ], [ -73.82478, 40.85438 ], [ -73.82497, 40.8542 ], [ -73.82511, 40.85407 ], [ -73.82529, 40.8539 ], [ -73.82535, 40.85382 ], [ -73.82545, 40.85371 ], [ -73.8256, 40.85351 ], [ -73.8257, 40.85332 ], [ -73.82579, 40.8531 ], [ -73.82583, 40.85295 ], [ -73.82583, 40.85287 ], [ -73.82584, 40.85285 ], [ -73.82585, 40.8528 ], [ -73.82587, 40.85274 ], [ -73.82597, 40.85241 ], [ -73.82617, 40.85175 ], [ -73.8262, 40.85163 ], [ -73.82621, 40.85163 ], [ -73.82628, 40.8514 ], [ -73.82629, 40.85136 ], [ -73.82631, 40.85132 ], [ -73.82633, 40.85127 ], [ -73.82635, 40.85123 ], [ -73.82637, 40.85119 ], [ -73.8264, 40.85114 ], [ -73.82642, 40.85111 ], [ -73.82644, 40.85107 ], [ -73.82646, 40.85104 ], [ -73.8265, 40.85099 ], [ -73.82651, 40.85096 ], [ -73.82653, 40.85092 ], [ -73.82657, 40.85086 ], [ -73.8266, 40.8508 ], [ -73.82662, 40.85075 ], [ -73.82663, 40.85072 ], [ -73.82665, 40.85067 ], [ -73.82666, 40.85064 ], [ -73.82668, 40.8506 ], [ -73.82669, 40.85057 ], [ -73.8267, 40.85054 ], [ -73.8267, 40.85053 ], [ -73.82673, 40.85046 ], [ -73.82674, 40.85042 ], [ -73.82675, 40.8504 ], [ -73.82675, 40.85039 ], [ -73.82676, 40.85034 ], [ -73.82677, 40.85031 ], [ -73.82678, 40.85028 ], [ -73.82678, 40.85027 ], [ -73.82679, 40.85022 ], [ -73.82679, 40.85018 ], [ -73.8268, 40.85014 ], [ -73.82681, 40.8501 ], [ -73.82681, 40.85007 ], [ -73.82682, 40.85 ], [ -73.82683, 40.84994 ], [ -73.82683, 40.8499 ], [ -73.82683, 40.84986 ], [ -73.82684, 40.84982 ], [ -73.82684, 40.84979 ], [ -73.82684, 40.84975 ], [ -73.82684, 40.84967 ], [ -73.82684, 40.84955 ], [ -73.82684, 40.84946 ], [ -73.82683, 40.84936 ], [ -73.82682, 40.84927 ], [ -73.82682, 40.84925 ], [ -73.82681, 40.84919 ], [ -73.8268, 40.84914 ], [ -73.82678, 40.84906 ], [ -73.82676, 40.84895 ], [ -73.82674, 40.84883 ], [ -73.8267, 40.84867 ], [ -73.82665, 40.84849 ], [ -73.82661, 40.84837 ], [ -73.82658, 40.84829 ], [ -73.82652, 40.84812 ], [ -73.82645, 40.84798 ], [ -73.82643, 40.84792 ], [ -73.82642, 40.8479 ], [ -73.82642, 40.8479 ], [ -73.82639, 40.84785 ], [ -73.82639, 40.84784 ], [ -73.82638, 40.84782 ], [ -73.8263, 40.84765 ], [ -73.82627, 40.8476 ], [ -73.82617, 40.84743 ], [ -73.82612, 40.84733 ], [ -73.82603, 40.84718 ], [ -73.82598, 40.84709 ], [ -73.82591, 40.84698 ], [ -73.82588, 40.84692 ], [ -73.82588, 40.84692 ], [ -73.82588, 40.84691 ], [ -73.82585, 40.84685 ], [ -73.82584, 40.84683 ], [ -73.82582, 40.84679 ], [ -73.82578, 40.84672 ], [ -73.82573, 40.84662 ], [ -73.82569, 40.84654 ], [ -73.82567, 40.84649 ], [ -73.82564, 40.84642 ], [ -73.82562, 40.84638 ], [ -73.82559, 40.84631 ], [ -73.82556, 40.84625 ], [ -73.82554, 40.84619 ], [ -73.82551, 40.84613 ], [ -73.82549, 40.8461 ], [ -73.82548, 40.84605 ], [ -73.82547, 40.84602 ], [ -73.82545, 40.84598 ], [ -73.82544, 40.84594 ], [ -73.8204, 40.84867 ], [ -73.82005, 40.84814 ], [ -73.81617, 40.8487 ], [ -73.81624, 40.84769 ], [ -73.81616, 40.84773 ], [ -73.81602, 40.8478 ], [ -73.81459, 40.84938 ], [ -73.8149, 40.85216 ], [ -73.8149, 40.85216 ], [ -73.81208, 40.85292 ], [ -73.81282, 40.85891 ], [ -73.8138, 40.86051 ], [ -73.8138, 40.86051 ], [ -73.8138, 40.86051 ], [ -73.81396, 40.86056 ] ] ], [ [ [ -73.79501, 40.8823 ], [ -73.795, 40.88232 ], [ -73.79499, 40.88233 ], [ -73.79498, 40.88235 ], [ -73.79497, 40.88237 ], [ -73.79496, 40.88239 ], [ -73.79495, 40.88241 ], [ -73.79494, 40.88242 ], [ -73.79493, 40.88244 ], [ -73.79492, 40.88246 ], [ -73.79491, 40.88248 ], [ -73.7949, 40.8825 ], [ -73.79489, 40.88252 ], [ -73.79488, 40.88253 ], [ -73.79487, 40.88255 ], [ -73.79485, 40.88257 ], [ -73.79484, 40.88259 ], [ -73.79483, 40.88261 ], [ -73.79482, 40.88262 ], [ -73.79481, 40.88264 ], [ -73.7948, 40.88266 ], [ -73.79479, 40.88268 ], [ -73.79478, 40.8827 ], [ -73.79477, 40.88271 ], [ -73.79476, 40.88273 ], [ -73.79474, 40.88275 ], [ -73.79473, 40.88277 ], [ -73.79472, 40.88278 ], [ -73.79471, 40.8828 ], [ -73.7947, 40.88282 ], [ -73.79469, 40.88284 ], [ -73.79468, 40.88286 ], [ -73.79466, 40.88287 ], [ -73.79465, 40.88289 ], [ -73.79455, 40.88304 ], [ -73.79468, 40.88307 ], [ -73.79473, 40.88309 ], [ -73.79483, 40.88311 ], [ -73.7949, 40.88313 ], [ -73.79513, 40.8832 ], [ -73.79535, 40.88325 ], [ -73.79582, 40.88338 ], [ -73.79591, 40.88341 ], [ -73.79599, 40.88343 ], [ -73.79653, 40.88358 ], [ -73.7966, 40.8836 ], [ -73.79742, 40.88382 ], [ -73.79759, 40.88387 ], [ -73.79819, 40.88403 ], [ -73.79873, 40.88418 ], [ -73.79927, 40.88433 ], [ -73.79936, 40.88435 ], [ -73.79944, 40.88438 ], [ -73.79949, 40.88439 ], [ -73.79956, 40.88441 ], [ -73.79983, 40.88448 ], [ -73.80017, 40.88458 ], [ -73.80055, 40.88468 ], [ -73.8008, 40.88475 ], [ -73.80102, 40.88481 ], [ -73.80122, 40.88486 ], [ -73.80142, 40.88492 ], [ -73.80177, 40.88502 ], [ -73.8018, 40.88502 ], [ -73.80197, 40.88507 ], [ -73.80203, 40.88509 ], [ -73.80219, 40.88513 ], [ -73.80236, 40.88518 ], [ -73.80236, 40.88518 ], [ -73.80278, 40.88529 ], [ -73.80305, 40.88537 ], [ -73.8122, 40.87057 ], [ -73.81194, 40.87048 ], [ -73.8123, 40.86989 ], [ -73.81222, 40.86986 ], [ -73.8121, 40.86981 ], [ -73.81198, 40.86976 ], [ -73.81186, 40.8697 ], [ -73.81178, 40.86966 ], [ -73.81173, 40.86965 ], [ -73.81168, 40.86963 ], [ -73.81162, 40.86963 ], [ -73.81157, 40.86962 ], [ -73.81152, 40.86963 ], [ -73.81146, 40.86963 ], [ -73.81141, 40.86965 ], [ -73.81141, 40.86965 ], [ -73.81141, 40.86965 ], [ -73.8114, 40.86965 ], [ -73.8114, 40.86965 ], [ -73.81139, 40.86965 ], [ -73.81139, 40.86965 ], [ -73.81138, 40.86966 ], [ -73.81138, 40.86966 ], [ -73.81137, 40.86966 ], [ -73.81137, 40.86966 ], [ -73.81137, 40.86966 ], [ -73.81136, 40.86966 ], [ -73.81136, 40.86966 ], [ -73.81135, 40.86967 ], [ -73.81135, 40.86967 ], [ -73.81134, 40.86967 ], [ -73.81134, 40.86967 ], [ -73.81134, 40.86967 ], [ -73.81133, 40.86968 ], [ -73.81133, 40.86968 ], [ -73.81132, 40.86968 ], [ -73.81132, 40.86968 ], [ -73.81132, 40.86968 ], [ -73.81131, 40.86968 ], [ -73.81131, 40.86969 ], [ -73.8113, 40.86969 ], [ -73.8113, 40.86969 ], [ -73.8113, 40.86969 ], [ -73.81129, 40.8697 ], [ -73.81129, 40.8697 ], [ -73.81128, 40.8697 ], [ -73.81128, 40.8697 ], [ -73.81128, 40.8697 ], [ -73.81127, 40.86971 ], [ -73.81127, 40.86971 ], [ -73.81127, 40.86971 ], [ -73.81126, 40.86971 ], [ -73.81126, 40.86972 ], [ -73.81125, 40.86972 ], [ -73.81082, 40.87042 ], [ -73.80949, 40.87231 ], [ -73.80925, 40.87268 ], [ -73.80925, 40.87269 ], [ -73.80924, 40.87269 ], [ -73.80924, 40.8727 ], [ -73.80924, 40.8727 ], [ -73.80923, 40.87271 ], [ -73.80923, 40.87271 ], [ -73.80923, 40.87272 ], [ -73.80922, 40.87272 ], [ -73.80922, 40.87273 ], [ -73.80922, 40.87273 ], [ -73.80921, 40.87274 ], [ -73.80921, 40.87274 ], [ -73.80921, 40.87275 ], [ -73.8092, 40.87276 ], [ -73.8092, 40.87276 ], [ -73.8092, 40.87277 ], [ -73.80919, 40.87277 ], [ -73.80919, 40.87278 ], [ -73.80918, 40.87278 ], [ -73.80918, 40.87279 ], [ -73.80918, 40.87279 ], [ -73.80917, 40.8728 ], [ -73.80917, 40.8728 ], [ -73.80916, 40.87281 ], [ -73.80916, 40.87281 ], [ -73.80916, 40.87282 ], [ -73.80915, 40.87282 ], [ -73.80915, 40.87283 ], [ -73.80914, 40.87283 ], [ -73.80914, 40.87284 ], [ -73.80914, 40.87284 ], [ -73.80913, 40.87285 ], [ -73.80913, 40.87285 ], [ -73.80912, 40.87286 ], [ -73.80912, 40.87286 ], [ -73.80911, 40.87287 ], [ -73.80911, 40.87287 ], [ -73.8091, 40.87287 ], [ -73.8091, 40.87288 ], [ -73.8091, 40.87288 ], [ -73.80909, 40.87289 ], [ -73.80909, 40.87289 ], [ -73.80908, 40.8729 ], [ -73.80908, 40.8729 ], [ -73.80907, 40.87291 ], [ -73.80906, 40.87291 ], [ -73.80906, 40.87292 ], [ -73.80905, 40.87293 ], [ -73.80904, 40.87293 ], [ -73.80903, 40.87294 ], [ -73.80903, 40.87294 ], [ -73.80902, 40.87295 ], [ -73.80901, 40.87295 ], [ -73.80901, 40.87296 ], [ -73.809, 40.87297 ], [ -73.80899, 40.87297 ], [ -73.80899, 40.87298 ], [ -73.80898, 40.87298 ], [ -73.80897, 40.87299 ], [ -73.80896, 40.87299 ], [ -73.80896, 40.873 ], [ -73.80895, 40.873 ], [ -73.80894, 40.87301 ], [ -73.80894, 40.87302 ], [ -73.80893, 40.87302 ], [ -73.80892, 40.87303 ], [ -73.80891, 40.87303 ], [ -73.80891, 40.87304 ], [ -73.8089, 40.87304 ], [ -73.80889, 40.87305 ], [ -73.80888, 40.87305 ], [ -73.80888, 40.87306 ], [ -73.80887, 40.87306 ], [ -73.80886, 40.87307 ], [ -73.80885, 40.87307 ], [ -73.80885, 40.87308 ], [ -73.80884, 40.87308 ], [ -73.80883, 40.87309 ], [ -73.80882, 40.87309 ], [ -73.80881, 40.8731 ], [ -73.80881, 40.8731 ], [ -73.8088, 40.87311 ], [ -73.80879, 40.87312 ], [ -73.80878, 40.87312 ], [ -73.80877, 40.87312 ], [ -73.80877, 40.87313 ], [ -73.80876, 40.87313 ], [ -73.80875, 40.87314 ], [ -73.80874, 40.87314 ], [ -73.80873, 40.87315 ], [ -73.80873, 40.87315 ], [ -73.80872, 40.87316 ], [ -73.80871, 40.87316 ], [ -73.8087, 40.87317 ], [ -73.80869, 40.87317 ], [ -73.80868, 40.87318 ], [ -73.80868, 40.87318 ], [ -73.80867, 40.87319 ], [ -73.80866, 40.87319 ], [ -73.80865, 40.8732 ], [ -73.80864, 40.8732 ], [ -73.80863, 40.8732 ], [ -73.80863, 40.87321 ], [ -73.80862, 40.87321 ], [ -73.80861, 40.87322 ], [ -73.8086, 40.87322 ], [ -73.80859, 40.87323 ], [ -73.80858, 40.87323 ], [ -73.80857, 40.87323 ], [ -73.80857, 40.87324 ], [ -73.80856, 40.87324 ], [ -73.80855, 40.87325 ], [ -73.80854, 40.87325 ], [ -73.80853, 40.87326 ], [ -73.80852, 40.87326 ], [ -73.80851, 40.87326 ], [ -73.8085, 40.87327 ], [ -73.80849, 40.87327 ], [ -73.80849, 40.87327 ], [ -73.80848, 40.87328 ], [ -73.80847, 40.87328 ], [ -73.80846, 40.87329 ], [ -73.80845, 40.87329 ], [ -73.80844, 40.87329 ], [ -73.80843, 40.8733 ], [ -73.80842, 40.8733 ], [ -73.80841, 40.87331 ], [ -73.8084, 40.87331 ], [ -73.8084, 40.87331 ], [ -73.80839, 40.87332 ], [ -73.80838, 40.87332 ], [ -73.80837, 40.87332 ], [ -73.80836, 40.87333 ], [ -73.80835, 40.87333 ], [ -73.80834, 40.87333 ], [ -73.80833, 40.87334 ], [ -73.80832, 40.87334 ], [ -73.80831, 40.87334 ], [ -73.8083, 40.87335 ], [ -73.80829, 40.87335 ], [ -73.80828, 40.87335 ], [ -73.80828, 40.87336 ], [ -73.80827, 40.87336 ], [ -73.80826, 40.87336 ], [ -73.80825, 40.87337 ], [ -73.80824, 40.87337 ], [ -73.80823, 40.87337 ], [ -73.80822, 40.87337 ], [ -73.80821, 40.87338 ], [ -73.8082, 40.87338 ], [ -73.80819, 40.87338 ], [ -73.80818, 40.87339 ], [ -73.80817, 40.87339 ], [ -73.80816, 40.87339 ], [ -73.80815, 40.87339 ], [ -73.80814, 40.8734 ], [ -73.80798, 40.87345 ], [ -73.8079, 40.87348 ], [ -73.80788, 40.87349 ], [ -73.80788, 40.87349 ], [ -73.80787, 40.87349 ], [ -73.80785, 40.87349 ], [ -73.80784, 40.8735 ], [ -73.80782, 40.8735 ], [ -73.80781, 40.8735 ], [ -73.80779, 40.87351 ], [ -73.80778, 40.87351 ], [ -73.80776, 40.87351 ], [ -73.80775, 40.87352 ], [ -73.80773, 40.87352 ], [ -73.80772, 40.87353 ], [ -73.8077, 40.87353 ], [ -73.80769, 40.87353 ], [ -73.80767, 40.87354 ], [ -73.80766, 40.87354 ], [ -73.80764, 40.87354 ], [ -73.80763, 40.87355 ], [ -73.80761, 40.87355 ], [ -73.8076, 40.87355 ], [ -73.80758, 40.87356 ], [ -73.80757, 40.87356 ], [ -73.80755, 40.87356 ], [ -73.80754, 40.87356 ], [ -73.80752, 40.87357 ], [ -73.80751, 40.87357 ], [ -73.80749, 40.87357 ], [ -73.80748, 40.87358 ], [ -73.80746, 40.87358 ], [ -73.80745, 40.87358 ], [ -73.80743, 40.87359 ], [ -73.80742, 40.87359 ], [ -73.8074, 40.87359 ], [ -73.80739, 40.87359 ], [ -73.80737, 40.8736 ], [ -73.80736, 40.8736 ], [ -73.80734, 40.8736 ], [ -73.80733, 40.8736 ], [ -73.80731, 40.87361 ], [ -73.8073, 40.87361 ], [ -73.80729, 40.87361 ], [ -73.80728, 40.87361 ], [ -73.80727, 40.87361 ], [ -73.80725, 40.87361 ], [ -73.80724, 40.87362 ], [ -73.80723, 40.87362 ], [ -73.80722, 40.87362 ], [ -73.80721, 40.87362 ], [ -73.8072, 40.87362 ], [ -73.80719, 40.87362 ], [ -73.80718, 40.87363 ], [ -73.80717, 40.87363 ], [ -73.80716, 40.87363 ], [ -73.80715, 40.87363 ], [ -73.80714, 40.87363 ], [ -73.80713, 40.87364 ], [ -73.80712, 40.87364 ], [ -73.8071, 40.87364 ], [ -73.80709, 40.87364 ], [ -73.80708, 40.87364 ], [ -73.80707, 40.87365 ], [ -73.80706, 40.87365 ], [ -73.80705, 40.87365 ], [ -73.80704, 40.87365 ], [ -73.80703, 40.87365 ], [ -73.80702, 40.87366 ], [ -73.80701, 40.87366 ], [ -73.807, 40.87366 ], [ -73.80699, 40.87366 ], [ -73.80698, 40.87367 ], [ -73.80697, 40.87367 ], [ -73.80696, 40.87367 ], [ -73.80695, 40.87367 ], [ -73.80694, 40.87368 ], [ -73.80693, 40.87368 ], [ -73.80692, 40.87368 ], [ -73.8069, 40.87368 ], [ -73.80689, 40.87369 ], [ -73.80688, 40.87369 ], [ -73.80687, 40.87369 ], [ -73.80686, 40.87369 ], [ -73.80685, 40.8737 ], [ -73.80684, 40.8737 ], [ -73.80683, 40.8737 ], [ -73.80682, 40.8737 ], [ -73.8068, 40.8737 ], [ -73.80679, 40.87371 ], [ -73.80678, 40.87371 ], [ -73.80677, 40.87371 ], [ -73.80676, 40.87371 ], [ -73.80675, 40.87372 ], [ -73.80674, 40.87372 ], [ -73.80673, 40.87372 ], [ -73.80671, 40.87372 ], [ -73.8067, 40.87372 ], [ -73.80669, 40.87373 ], [ -73.80668, 40.87373 ], [ -73.80667, 40.87373 ], [ -73.80666, 40.87374 ], [ -73.80665, 40.87374 ], [ -73.80664, 40.87374 ], [ -73.80663, 40.87374 ], [ -73.80661, 40.87375 ], [ -73.8066, 40.87375 ], [ -73.80659, 40.87375 ], [ -73.80658, 40.87375 ], [ -73.80657, 40.87376 ], [ -73.80656, 40.87376 ], [ -73.80655, 40.87376 ], [ -73.80654, 40.87377 ], [ -73.80653, 40.87377 ], [ -73.80652, 40.87377 ], [ -73.8065, 40.87378 ], [ -73.80649, 40.87378 ], [ -73.80648, 40.87378 ], [ -73.80647, 40.87378 ], [ -73.80646, 40.87379 ], [ -73.80645, 40.87379 ], [ -73.80644, 40.87379 ], [ -73.80643, 40.8738 ], [ -73.80642, 40.8738 ], [ -73.80641, 40.8738 ], [ -73.8064, 40.87381 ], [ -73.80639, 40.87381 ], [ -73.80638, 40.87381 ], [ -73.80636, 40.87382 ], [ -73.80635, 40.87382 ], [ -73.80634, 40.87383 ], [ -73.80633, 40.87383 ], [ -73.80632, 40.87383 ], [ -73.80631, 40.87384 ], [ -73.8063, 40.87384 ], [ -73.80629, 40.87384 ], [ -73.80628, 40.87385 ], [ -73.80627, 40.87385 ], [ -73.80626, 40.87386 ], [ -73.80625, 40.87386 ], [ -73.80624, 40.87386 ], [ -73.80623, 40.87387 ], [ -73.80622, 40.87387 ], [ -73.80621, 40.87387 ], [ -73.8062, 40.87388 ], [ -73.80619, 40.87388 ], [ -73.80618, 40.87389 ], [ -73.80616, 40.87389 ], [ -73.80615, 40.8739 ], [ -73.80614, 40.8739 ], [ -73.80613, 40.8739 ], [ -73.80612, 40.87391 ], [ -73.80611, 40.87391 ], [ -73.80472, 40.87454 ], [ -73.80308, 40.87531 ], [ -73.80299, 40.87535 ], [ -73.80299, 40.87535 ], [ -73.80258, 40.87553 ], [ -73.80215, 40.87567 ], [ -73.80147, 40.87586 ], [ -73.80143, 40.87587 ], [ -73.80143, 40.87587 ], [ -73.80039, 40.87614 ], [ -73.80036, 40.87615 ], [ -73.80033, 40.87616 ], [ -73.8003, 40.87617 ], [ -73.80027, 40.87618 ], [ -73.80024, 40.87619 ], [ -73.80021, 40.8762 ], [ -73.80018, 40.87621 ], [ -73.80015, 40.87622 ], [ -73.80012, 40.87623 ], [ -73.80009, 40.87623 ], [ -73.80006, 40.87624 ], [ -73.80003, 40.87625 ], [ -73.80001, 40.87626 ], [ -73.79998, 40.87627 ], [ -73.79973, 40.87635 ], [ -73.79821, 40.87687 ], [ -73.79789, 40.87698 ], [ -73.79781, 40.87701 ], [ -73.7978, 40.87701 ], [ -73.7978, 40.87702 ], [ -73.79779, 40.87702 ], [ -73.79778, 40.87702 ], [ -73.79777, 40.87703 ], [ -73.79777, 40.87703 ], [ -73.79776, 40.87703 ], [ -73.79775, 40.87704 ], [ -73.79774, 40.87704 ], [ -73.79774, 40.87704 ], [ -73.79773, 40.87704 ], [ -73.79772, 40.87705 ], [ -73.79772, 40.87705 ], [ -73.79771, 40.87705 ], [ -73.7977, 40.87706 ], [ -73.79769, 40.87706 ], [ -73.79769, 40.87706 ], [ -73.79768, 40.87707 ], [ -73.79767, 40.87707 ], [ -73.79767, 40.87707 ], [ -73.79766, 40.87708 ], [ -73.79765, 40.87708 ], [ -73.79765, 40.87709 ], [ -73.79764, 40.87709 ], [ -73.79763, 40.87709 ], [ -73.79763, 40.8771 ], [ -73.79762, 40.8771 ], [ -73.79761, 40.8771 ], [ -73.79761, 40.87711 ], [ -73.7976, 40.87711 ], [ -73.79759, 40.87711 ], [ -73.79758, 40.87712 ], [ -73.79757, 40.87713 ], [ -73.79756, 40.87713 ], [ -73.79756, 40.87714 ], [ -73.79755, 40.87714 ], [ -73.79754, 40.87715 ], [ -73.79753, 40.87715 ], [ -73.79752, 40.87716 ], [ -73.79751, 40.87717 ], [ -73.7975, 40.87717 ], [ -73.79749, 40.87718 ], [ -73.79748, 40.87718 ], [ -73.79748, 40.87719 ], [ -73.79747, 40.8772 ], [ -73.79746, 40.8772 ], [ -73.79745, 40.87721 ], [ -73.79744, 40.87721 ], [ -73.79744, 40.87722 ], [ -73.79743, 40.87722 ], [ -73.79742, 40.87722 ], [ -73.79741, 40.87723 ], [ -73.7974, 40.87723 ], [ -73.7974, 40.87724 ], [ -73.79739, 40.87724 ], [ -73.79738, 40.87725 ], [ -73.79737, 40.87725 ], [ -73.79737, 40.87726 ], [ -73.79736, 40.87726 ], [ -73.79735, 40.87727 ], [ -73.79734, 40.87727 ], [ -73.79734, 40.87728 ], [ -73.79733, 40.87728 ], [ -73.79732, 40.87729 ], [ -73.79731, 40.87729 ], [ -73.79731, 40.8773 ], [ -73.7973, 40.8773 ], [ -73.79729, 40.87731 ], [ -73.79729, 40.87732 ], [ -73.79728, 40.87732 ], [ -73.79727, 40.87733 ], [ -73.79726, 40.87733 ], [ -73.79726, 40.87734 ], [ -73.79725, 40.87734 ], [ -73.79724, 40.87735 ], [ -73.79724, 40.87735 ], [ -73.79723, 40.87736 ], [ -73.79722, 40.87736 ], [ -73.79722, 40.87737 ], [ -73.79721, 40.87737 ], [ -73.7972, 40.87738 ], [ -73.7972, 40.87739 ], [ -73.79719, 40.87739 ], [ -73.79718, 40.8774 ], [ -73.79718, 40.8774 ], [ -73.79717, 40.87741 ], [ -73.79716, 40.87741 ], [ -73.79716, 40.87742 ], [ -73.79715, 40.87743 ], [ -73.79714, 40.87743 ], [ -73.79714, 40.87744 ], [ -73.79713, 40.87744 ], [ -73.79712, 40.87745 ], [ -73.79712, 40.87745 ], [ -73.79711, 40.87746 ], [ -73.7971, 40.87747 ], [ -73.7971, 40.87747 ], [ -73.79709, 40.87748 ], [ -73.79709, 40.87748 ], [ -73.79708, 40.87749 ], [ -73.79707, 40.8775 ], [ -73.79707, 40.8775 ], [ -73.79706, 40.87751 ], [ -73.79706, 40.87751 ], [ -73.79705, 40.87752 ], [ -73.79704, 40.87753 ], [ -73.79704, 40.87753 ], [ -73.79703, 40.87754 ], [ -73.79703, 40.87755 ], [ -73.79702, 40.87755 ], [ -73.79702, 40.87756 ], [ -73.79701, 40.87756 ], [ -73.797, 40.87757 ], [ -73.797, 40.87758 ], [ -73.79699, 40.87758 ], [ -73.79699, 40.87759 ], [ -73.79698, 40.8776 ], [ -73.79698, 40.8776 ], [ -73.79697, 40.87761 ], [ -73.79697, 40.87761 ], [ -73.79696, 40.87762 ], [ -73.79695, 40.87763 ], [ -73.79695, 40.87763 ], [ -73.79694, 40.87764 ], [ -73.79694, 40.87765 ], [ -73.79693, 40.87765 ], [ -73.79693, 40.87766 ], [ -73.79692, 40.87767 ], [ -73.79692, 40.87767 ], [ -73.79691, 40.87768 ], [ -73.79691, 40.87769 ], [ -73.7969, 40.87769 ], [ -73.7969, 40.8777 ], [ -73.79689, 40.87771 ], [ -73.79689, 40.87771 ], [ -73.79689, 40.87772 ], [ -73.79688, 40.87773 ], [ -73.79688, 40.87773 ], [ -73.79688, 40.87773 ], [ -73.79687, 40.87775 ], [ -73.79687, 40.87775 ], [ -73.79686, 40.87776 ], [ -73.79685, 40.87776 ], [ -73.79685, 40.87777 ], [ -73.79684, 40.87778 ], [ -73.79683, 40.87779 ], [ -73.79683, 40.8778 ], [ -73.79682, 40.8778 ], [ -73.79682, 40.87781 ], [ -73.79681, 40.87782 ], [ -73.7968, 40.87783 ], [ -73.7968, 40.87783 ], [ -73.79613, 40.87863 ], [ -73.79609, 40.87868 ], [ -73.79608, 40.87868 ], [ -73.79608, 40.87869 ], [ -73.79607, 40.8787 ], [ -73.79607, 40.8787 ], [ -73.79606, 40.87871 ], [ -73.79606, 40.87872 ], [ -73.79605, 40.87872 ], [ -73.79605, 40.87873 ], [ -73.79604, 40.87874 ], [ -73.79604, 40.87874 ], [ -73.79603, 40.87875 ], [ -73.79603, 40.87876 ], [ -73.79602, 40.87876 ], [ -73.79602, 40.87877 ], [ -73.79601, 40.87878 ], [ -73.79601, 40.87879 ], [ -73.796, 40.87879 ], [ -73.796, 40.8788 ], [ -73.79599, 40.87881 ], [ -73.79599, 40.87881 ], [ -73.79599, 40.87882 ], [ -73.79598, 40.87883 ], [ -73.79598, 40.87883 ], [ -73.79597, 40.87884 ], [ -73.79597, 40.87885 ], [ -73.79596, 40.87886 ], [ -73.79596, 40.87886 ], [ -73.79596, 40.87887 ], [ -73.79595, 40.87888 ], [ -73.79595, 40.87888 ], [ -73.79594, 40.87889 ], [ -73.79594, 40.8789 ], [ -73.79593, 40.87891 ], [ -73.79593, 40.87891 ], [ -73.79593, 40.87892 ], [ -73.79592, 40.87893 ], [ -73.79592, 40.87894 ], [ -73.79592, 40.87894 ], [ -73.79591, 40.87895 ], [ -73.79591, 40.87896 ], [ -73.7959, 40.87896 ], [ -73.7959, 40.87897 ], [ -73.7959, 40.87898 ], [ -73.79589, 40.87899 ], [ -73.79589, 40.87899 ], [ -73.79589, 40.879 ], [ -73.79588, 40.87901 ], [ -73.79588, 40.87902 ], [ -73.79588, 40.87902 ], [ -73.79587, 40.87903 ], [ -73.79587, 40.87904 ], [ -73.79587, 40.87905 ], [ -73.79586, 40.87905 ], [ -73.79586, 40.87906 ], [ -73.79586, 40.87907 ], [ -73.79585, 40.87908 ], [ -73.79585, 40.87908 ], [ -73.79585, 40.87909 ], [ -73.79585, 40.8791 ], [ -73.79584, 40.87911 ], [ -73.79584, 40.87911 ], [ -73.79584, 40.87912 ], [ -73.79583, 40.87913 ], [ -73.79583, 40.87914 ], [ -73.79583, 40.87914 ], [ -73.79583, 40.87915 ], [ -73.79582, 40.87916 ], [ -73.79582, 40.87917 ], [ -73.79582, 40.87917 ], [ -73.79582, 40.87918 ], [ -73.79581, 40.87919 ], [ -73.79581, 40.8792 ], [ -73.79581, 40.8792 ], [ -73.79581, 40.87921 ], [ -73.79581, 40.87922 ], [ -73.7958, 40.87923 ], [ -73.7958, 40.87923 ], [ -73.7958, 40.87924 ], [ -73.7958, 40.87925 ], [ -73.7958, 40.87926 ], [ -73.79579, 40.87927 ], [ -73.79579, 40.87928 ], [ -73.79579, 40.87928 ], [ -73.79579, 40.87929 ], [ -73.79579, 40.8793 ], [ -73.79579, 40.87931 ], [ -73.79578, 40.87932 ], [ -73.79578, 40.87933 ], [ -73.79578, 40.87934 ], [ -73.79578, 40.87935 ], [ -73.79578, 40.87936 ], [ -73.79578, 40.87937 ], [ -73.79578, 40.87937 ], [ -73.79577, 40.87938 ], [ -73.79577, 40.87939 ], [ -73.79577, 40.8794 ], [ -73.79577, 40.87941 ], [ -73.79577, 40.87942 ], [ -73.79577, 40.87943 ], [ -73.79577, 40.87944 ], [ -73.79577, 40.87945 ], [ -73.79577, 40.87946 ], [ -73.79577, 40.87946 ], [ -73.79576, 40.87947 ], [ -73.79576, 40.87948 ], [ -73.79576, 40.87949 ], [ -73.79576, 40.8795 ], [ -73.79576, 40.87951 ], [ -73.79576, 40.87952 ], [ -73.79576, 40.87953 ], [ -73.79576, 40.87954 ], [ -73.79576, 40.87955 ], [ -73.79576, 40.87955 ], [ -73.79576, 40.87956 ], [ -73.79576, 40.87957 ], [ -73.79576, 40.87958 ], [ -73.79576, 40.87959 ], [ -73.79576, 40.8796 ], [ -73.79576, 40.87961 ], [ -73.79576, 40.87962 ], [ -73.79576, 40.87963 ], [ -73.79576, 40.87964 ], [ -73.79576, 40.87964 ], [ -73.79576, 40.87965 ], [ -73.79576, 40.87966 ], [ -73.79576, 40.87967 ], [ -73.79576, 40.87968 ], [ -73.79576, 40.87969 ], [ -73.79576, 40.8797 ], [ -73.79576, 40.87971 ], [ -73.79576, 40.87972 ], [ -73.79576, 40.87973 ], [ -73.79576, 40.87973 ], [ -73.79576, 40.87974 ], [ -73.79576, 40.87975 ], [ -73.79576, 40.87976 ], [ -73.79577, 40.87977 ], [ -73.79577, 40.87978 ], [ -73.79577, 40.87979 ], [ -73.79577, 40.8798 ], [ -73.79577, 40.87981 ], [ -73.79577, 40.87982 ], [ -73.79577, 40.87983 ], [ -73.79577, 40.87983 ], [ -73.79577, 40.87984 ], [ -73.79577, 40.87985 ], [ -73.79578, 40.87986 ], [ -73.79578, 40.87987 ], [ -73.79578, 40.87988 ], [ -73.79578, 40.87989 ], [ -73.79578, 40.8799 ], [ -73.79578, 40.87991 ], [ -73.79578, 40.87991 ], [ -73.79579, 40.87992 ], [ -73.79579, 40.87993 ], [ -73.79579, 40.87994 ], [ -73.79579, 40.87995 ], [ -73.79579, 40.87996 ], [ -73.79579, 40.87997 ], [ -73.7958, 40.87998 ], [ -73.7958, 40.87999 ], [ -73.7958, 40.88 ], [ -73.7958, 40.88 ], [ -73.7958, 40.88001 ], [ -73.79581, 40.88002 ], [ -73.79581, 40.88003 ], [ -73.79581, 40.88004 ], [ -73.79581, 40.88005 ], [ -73.79581, 40.88006 ], [ -73.79582, 40.88007 ], [ -73.79582, 40.88007 ], [ -73.79582, 40.88008 ], [ -73.79582, 40.88009 ], [ -73.79583, 40.8801 ], [ -73.79582, 40.8801 ], [ -73.79588, 40.88036 ], [ -73.79588, 40.88037 ], [ -73.79588, 40.88038 ], [ -73.79588, 40.88038 ], [ -73.79588, 40.88039 ], [ -73.79588, 40.88039 ], [ -73.79588, 40.8804 ], [ -73.79589, 40.88041 ], [ -73.79589, 40.88041 ], [ -73.79589, 40.88042 ], [ -73.79589, 40.88043 ], [ -73.79589, 40.88043 ], [ -73.79589, 40.88044 ], [ -73.79589, 40.88044 ], [ -73.79589, 40.88045 ], [ -73.79589, 40.88046 ], [ -73.79589, 40.88046 ], [ -73.7959, 40.88047 ], [ -73.7959, 40.88047 ], [ -73.7959, 40.88048 ], [ -73.7959, 40.88049 ], [ -73.7959, 40.88049 ], [ -73.7959, 40.8805 ], [ -73.7959, 40.88051 ], [ -73.7959, 40.88051 ], [ -73.7959, 40.88052 ], [ -73.7959, 40.88052 ], [ -73.7959, 40.88053 ], [ -73.7959, 40.88054 ], [ -73.7959, 40.88054 ], [ -73.7959, 40.88055 ], [ -73.7959, 40.88056 ], [ -73.7959, 40.88056 ], [ -73.7959, 40.88057 ], [ -73.7959, 40.88057 ], [ -73.7959, 40.88058 ], [ -73.7959, 40.88059 ], [ -73.7959, 40.88059 ], [ -73.7959, 40.8806 ], [ -73.7959, 40.88061 ], [ -73.7959, 40.88061 ], [ -73.7959, 40.88062 ], [ -73.7959, 40.88062 ], [ -73.7959, 40.88063 ], [ -73.7959, 40.88064 ], [ -73.7959, 40.88064 ], [ -73.7959, 40.88065 ], [ -73.7959, 40.88066 ], [ -73.7959, 40.88066 ], [ -73.7959, 40.88067 ], [ -73.7959, 40.88067 ], [ -73.7959, 40.88068 ], [ -73.7959, 40.88069 ], [ -73.79589, 40.88069 ], [ -73.79589, 40.8807 ], [ -73.79589, 40.88071 ], [ -73.79589, 40.88071 ], [ -73.79589, 40.88072 ], [ -73.79589, 40.88072 ], [ -73.79589, 40.88073 ], [ -73.79589, 40.88074 ], [ -73.79589, 40.88074 ], [ -73.79588, 40.88075 ], [ -73.79588, 40.88076 ], [ -73.79588, 40.88076 ], [ -73.79588, 40.88077 ], [ -73.79588, 40.88077 ], [ -73.79588, 40.88078 ], [ -73.79588, 40.88079 ], [ -73.79587, 40.88079 ], [ -73.79587, 40.8808 ], [ -73.79587, 40.8808 ], [ -73.79587, 40.88081 ], [ -73.79587, 40.88082 ], [ -73.79587, 40.88082 ], [ -73.79586, 40.88083 ], [ -73.79586, 40.88083 ], [ -73.79586, 40.88084 ], [ -73.79586, 40.88085 ], [ -73.79585, 40.88086 ], [ -73.79585, 40.88087 ], [ -73.79585, 40.88088 ], [ -73.79584, 40.88088 ], [ -73.79584, 40.88089 ], [ -73.79584, 40.8809 ], [ -73.79583, 40.88091 ], [ -73.79583, 40.88092 ], [ -73.79582, 40.88093 ], [ -73.79582, 40.88093 ], [ -73.79582, 40.88094 ], [ -73.79581, 40.88095 ], [ -73.79581, 40.88096 ], [ -73.79581, 40.88097 ], [ -73.7958, 40.88098 ], [ -73.7958, 40.88099 ], [ -73.79579, 40.88099 ], [ -73.79579, 40.881 ], [ -73.79579, 40.88101 ], [ -73.79578, 40.88102 ], [ -73.79578, 40.88103 ], [ -73.79577, 40.88104 ], [ -73.79577, 40.88104 ], [ -73.79576, 40.88105 ], [ -73.79576, 40.88106 ], [ -73.79575, 40.88107 ], [ -73.79575, 40.88108 ], [ -73.79574, 40.8811 ], [ -73.79572, 40.88112 ], [ -73.79571, 40.88114 ], [ -73.7957, 40.88116 ], [ -73.79568, 40.88118 ], [ -73.79567, 40.8812 ], [ -73.79566, 40.88122 ], [ -73.79564, 40.88124 ], [ -73.79563, 40.88126 ], [ -73.79562, 40.88128 ], [ -73.7956, 40.8813 ], [ -73.79559, 40.88132 ], [ -73.79558, 40.88134 ], [ -73.79556, 40.88136 ], [ -73.79555, 40.88138 ], [ -73.79554, 40.8814 ], [ -73.79552, 40.88142 ], [ -73.79551, 40.88144 ], [ -73.7955, 40.88146 ], [ -73.79549, 40.88148 ], [ -73.79547, 40.8815 ], [ -73.79546, 40.88152 ], [ -73.79545, 40.88155 ], [ -73.79543, 40.88157 ], [ -73.79542, 40.88158 ], [ -73.79541, 40.8816 ], [ -73.7954, 40.88162 ], [ -73.79539, 40.88164 ], [ -73.79538, 40.88165 ], [ -73.79537, 40.88167 ], [ -73.79536, 40.88169 ], [ -73.79535, 40.88171 ], [ -73.79534, 40.88172 ], [ -73.79533, 40.88174 ], [ -73.79532, 40.88176 ], [ -73.79531, 40.88178 ], [ -73.7953, 40.88179 ], [ -73.79529, 40.88181 ], [ -73.79528, 40.88183 ], [ -73.79526, 40.88185 ], [ -73.79525, 40.88187 ], [ -73.79524, 40.88189 ], [ -73.79523, 40.88192 ], [ -73.79521, 40.88194 ], [ -73.7952, 40.88196 ], [ -73.79519, 40.88198 ], [ -73.79518, 40.882 ], [ -73.79516, 40.88202 ], [ -73.79515, 40.88204 ], [ -73.79514, 40.88207 ], [ -73.79513, 40.88209 ], [ -73.79512, 40.88211 ], [ -73.7951, 40.88213 ], [ -73.79509, 40.88215 ], [ -73.79508, 40.88217 ], [ -73.79507, 40.88219 ], [ -73.79506, 40.88221 ], [ -73.79505, 40.88222 ], [ -73.79504, 40.88224 ], [ -73.79503, 40.88226 ], [ -73.79502, 40.88228 ], [ -73.79502, 40.88228 ], [ -73.79501, 40.8823 ] ], [ [ -73.79688, 40.87773 ], [ -73.79688, 40.87773 ], [ -73.79688, 40.87773 ], [ -73.79688, 40.87773 ] ] ], [ [ [ -73.81557, 40.88593 ], [ -73.81553, 40.88613 ], [ -73.81544, 40.88654 ], [ -73.81554, 40.88654 ], [ -73.81563, 40.88653 ], [ -73.81573, 40.88652 ], [ -73.81584, 40.88651 ], [ -73.81596, 40.88648 ], [ -73.81607, 40.88646 ], [ -73.817, 40.88627 ], [ -73.81915, 40.88576 ], [ -73.81872, 40.88535 ], [ -73.81798, 40.88578 ], [ -73.81673, 40.88456 ], [ -73.81653, 40.88469 ], [ -73.8165, 40.88466 ], [ -73.81656, 40.88462 ], [ -73.81661, 40.88458 ], [ -73.81662, 40.88456 ], [ -73.81662, 40.88454 ], [ -73.8166, 40.88449 ], [ -73.81658, 40.88447 ], [ -73.81656, 40.88446 ], [ -73.81654, 40.88446 ], [ -73.81649, 40.88446 ], [ -73.81647, 40.88446 ], [ -73.81644, 40.88446 ], [ -73.81642, 40.88445 ], [ -73.81641, 40.88443 ], [ -73.81641, 40.88441 ], [ -73.81641, 40.88439 ], [ -73.81642, 40.88437 ], [ -73.81644, 40.88435 ], [ -73.81647, 40.88431 ], [ -73.81659, 40.8842 ], [ -73.81662, 40.88417 ], [ -73.81665, 40.88414 ], [ -73.81672, 40.88408 ], [ -73.81674, 40.88407 ], [ -73.81678, 40.88405 ], [ -73.81682, 40.88405 ], [ -73.81686, 40.88406 ], [ -73.81696, 40.88409 ], [ -73.81699, 40.8841 ], [ -73.81702, 40.8841 ], [ -73.81705, 40.8841 ], [ -73.81709, 40.8841 ], [ -73.81716, 40.88408 ], [ -73.81722, 40.88406 ], [ -73.81728, 40.88403 ], [ -73.81735, 40.88397 ], [ -73.81739, 40.88395 ], [ -73.81743, 40.88393 ], [ -73.81748, 40.88392 ], [ -73.81753, 40.88391 ], [ -73.81755, 40.88391 ], [ -73.81758, 40.8839 ], [ -73.81765, 40.88389 ], [ -73.81769, 40.88388 ], [ -73.81772, 40.88388 ], [ -73.81775, 40.88386 ], [ -73.81777, 40.88385 ], [ -73.8178, 40.88384 ], [ -73.81783, 40.88383 ], [ -73.81786, 40.88382 ], [ -73.81788, 40.88381 ], [ -73.8179, 40.88379 ], [ -73.81794, 40.88378 ], [ -73.81798, 40.88377 ], [ -73.81801, 40.88376 ], [ -73.81805, 40.88374 ], [ -73.81816, 40.88373 ], [ -73.81827, 40.88372 ], [ -73.81831, 40.88372 ], [ -73.81836, 40.88372 ], [ -73.8184, 40.88371 ], [ -73.81843, 40.8837 ], [ -73.81848, 40.8837 ], [ -73.81854, 40.88368 ], [ -73.81858, 40.88366 ], [ -73.81872, 40.88357 ], [ -73.81874, 40.88356 ], [ -73.81876, 40.88356 ], [ -73.8188, 40.88363 ], [ -73.81887, 40.8836 ], [ -73.81885, 40.88355 ], [ -73.81884, 40.88352 ], [ -73.81884, 40.88349 ], [ -73.81886, 40.88347 ], [ -73.81889, 40.88345 ], [ -73.81893, 40.88342 ], [ -73.81898, 40.88339 ], [ -73.81901, 40.88335 ], [ -73.81904, 40.88333 ], [ -73.81917, 40.88329 ], [ -73.81927, 40.88326 ], [ -73.81944, 40.88321 ], [ -73.81946, 40.88321 ], [ -73.81947, 40.8832 ], [ -73.81948, 40.8832 ], [ -73.81951, 40.88318 ], [ -73.81957, 40.88317 ], [ -73.81961, 40.88316 ], [ -73.81968, 40.88315 ], [ -73.81972, 40.88314 ], [ -73.81976, 40.88312 ], [ -73.81982, 40.88311 ], [ -73.81987, 40.88309 ], [ -73.81994, 40.88304 ], [ -73.81994, 40.88304 ], [ -73.82017, 40.88181 ], [ -73.82042, 40.88034 ], [ -73.82055, 40.8799 ], [ -73.82071, 40.87925 ], [ -73.82198, 40.8748 ], [ -73.82184, 40.87105 ], [ -73.81998, 40.87013 ], [ -73.81991, 40.87023 ], [ -73.81985, 40.87031 ], [ -73.81981, 40.87038 ], [ -73.81977, 40.87046 ], [ -73.81973, 40.87054 ], [ -73.81973, 40.87054 ], [ -73.81972, 40.87055 ], [ -73.81972, 40.87055 ], [ -73.81971, 40.87062 ], [ -73.8197, 40.87069 ], [ -73.8197, 40.87076 ], [ -73.8197, 40.87083 ], [ -73.81972, 40.8709 ], [ -73.81974, 40.87096 ], [ -73.81977, 40.87103 ], [ -73.81981, 40.87109 ], [ -73.81985, 40.87115 ], [ -73.81991, 40.87124 ], [ -73.81996, 40.87133 ], [ -73.82, 40.87142 ], [ -73.82003, 40.87152 ], [ -73.82005, 40.87161 ], [ -73.82007, 40.87171 ], [ -73.82007, 40.87181 ], [ -73.82007, 40.8719 ], [ -73.82007, 40.8719 ], [ -73.82006, 40.87199 ], [ -73.82004, 40.87208 ], [ -73.82002, 40.87217 ], [ -73.81998, 40.87225 ], [ -73.81994, 40.87233 ], [ -73.81989, 40.87241 ], [ -73.81983, 40.87249 ], [ -73.81977, 40.87256 ], [ -73.81969, 40.87263 ], [ -73.81961, 40.8727 ], [ -73.81953, 40.87276 ], [ -73.81944, 40.87281 ], [ -73.81934, 40.87286 ], [ -73.81924, 40.8729 ], [ -73.81913, 40.87294 ], [ -73.81903, 40.87297 ], [ -73.81891, 40.873 ], [ -73.8188, 40.87302 ], [ -73.81878, 40.87321 ], [ -73.81878, 40.87321 ], [ -73.81877, 40.87335 ], [ -73.81873, 40.87384 ], [ -73.81873, 40.87389 ], [ -73.81871, 40.87404 ], [ -73.81871, 40.87404 ], [ -73.8187, 40.87425 ], [ -73.81869, 40.87449 ], [ -73.81867, 40.875 ], [ -73.81867, 40.875 ], [ -73.81867, 40.87546 ], [ -73.81866, 40.87574 ], [ -73.81866, 40.87574 ], [ -73.81866, 40.87593 ], [ -73.81866, 40.87612 ], [ -73.81864, 40.87631 ], [ -73.81862, 40.8765 ], [ -73.81859, 40.87669 ], [ -73.81855, 40.87687 ], [ -73.8185, 40.87706 ], [ -73.81809, 40.87832 ], [ -73.81809, 40.87832 ], [ -73.81706, 40.88128 ], [ -73.81706, 40.88128 ], [ -73.81608, 40.88411 ], [ -73.81608, 40.88411 ], [ -73.81603, 40.88427 ], [ -73.81592, 40.88464 ], [ -73.8158, 40.88507 ], [ -73.81568, 40.88548 ], [ -73.81557, 40.88593 ] ] ], [ [ [ -73.81779, 40.86208 ], [ -73.81816, 40.86228 ], [ -73.81843, 40.86244 ], [ -73.81848, 40.86246 ], [ -73.81868, 40.86229 ], [ -73.8187, 40.86227 ], [ -73.81886, 40.86213 ], [ -73.81905, 40.86198 ], [ -73.81915, 40.86191 ], [ -73.81925, 40.86183 ], [ -73.81925, 40.86183 ], [ -73.81946, 40.86169 ], [ -73.81948, 40.86168 ], [ -73.8195, 40.86166 ], [ -73.81953, 40.86165 ], [ -73.81967, 40.86155 ], [ -73.81971, 40.86159 ], [ -73.8199, 40.86147 ], [ -73.8201, 40.86135 ], [ -73.82031, 40.86125 ], [ -73.82052, 40.86114 ], [ -73.82066, 40.86108 ], [ -73.82073, 40.86105 ], [ -73.82075, 40.86104 ], [ -73.82095, 40.86095 ], [ -73.82118, 40.86087 ], [ -73.82132, 40.86082 ], [ -73.82185, 40.86065 ], [ -73.8232, 40.86024 ], [ -73.82338, 40.86018 ], [ -73.8238, 40.86006 ], [ -73.8238, 40.86006 ], [ -73.82382, 40.86005 ], [ -73.82417, 40.85989 ], [ -73.82466, 40.85967 ], [ -73.82461, 40.85958 ], [ -73.82478, 40.85953 ], [ -73.82504, 40.85945 ], [ -73.82527, 40.85937 ], [ -73.82536, 40.85934 ], [ -73.8254, 40.85933 ], [ -73.82558, 40.85927 ], [ -73.82566, 40.85925 ], [ -73.82603, 40.85913 ], [ -73.82657, 40.85895 ], [ -73.8266, 40.85894 ], [ -73.82662, 40.85893 ], [ -73.82657, 40.85884 ], [ -73.82642, 40.85855 ], [ -73.82632, 40.85834 ], [ -73.82622, 40.85811 ], [ -73.82609, 40.85779 ], [ -73.82599, 40.85748 ], [ -73.82591, 40.85716 ], [ -73.82585, 40.85687 ], [ -73.82583, 40.85679 ], [ -73.82552, 40.85681 ], [ -73.82552, 40.85681 ], [ -73.82549, 40.85681 ], [ -73.82517, 40.85684 ], [ -73.82484, 40.85687 ], [ -73.82452, 40.85691 ], [ -73.8242, 40.85696 ], [ -73.82388, 40.85701 ], [ -73.82356, 40.85707 ], [ -73.82329, 40.85712 ], [ -73.82302, 40.85718 ], [ -73.82276, 40.85724 ], [ -73.8225, 40.85732 ], [ -73.82224, 40.85739 ], [ -73.82198, 40.85747 ], [ -73.82173, 40.85756 ], [ -73.82145, 40.85764 ], [ -73.82145, 40.85764 ], [ -73.82138, 40.85766 ], [ -73.8211, 40.85776 ], [ -73.82086, 40.85785 ], [ -73.82063, 40.85794 ], [ -73.82053, 40.85798 ], [ -73.82053, 40.85798 ], [ -73.82028, 40.85808 ], [ -73.82003, 40.8582 ], [ -73.81982, 40.8583 ], [ -73.8196, 40.8584 ], [ -73.8194, 40.8585 ], [ -73.81912, 40.85864 ], [ -73.81895, 40.85875 ], [ -73.81878, 40.85885 ], [ -73.8187, 40.85891 ], [ -73.81869, 40.85891 ], [ -73.81847, 40.85907 ], [ -73.81824, 40.85925 ], [ -73.81804, 40.85942 ], [ -73.81788, 40.85956 ], [ -73.81737, 40.85997 ], [ -73.81723, 40.86013 ], [ -73.81717, 40.8602 ], [ -73.81683, 40.86068 ], [ -73.81643, 40.8613 ], [ -73.81666, 40.86144 ], [ -73.81712, 40.8617 ], [ -73.81779, 40.86208 ] ] ], [ [ [ -73.81748, 40.87191 ], [ -73.81759, 40.8719 ], [ -73.81771, 40.87189 ], [ -73.81782, 40.87188 ], [ -73.81793, 40.87185 ], [ -73.81804, 40.87182 ], [ -73.81815, 40.87179 ], [ -73.81815, 40.87179 ], [ -73.81824, 40.87175 ], [ -73.81833, 40.87171 ], [ -73.81842, 40.87166 ], [ -73.8185, 40.87161 ], [ -73.81857, 40.87155 ], [ -73.81864, 40.87149 ], [ -73.81871, 40.87142 ], [ -73.81878, 40.87134 ], [ -73.81884, 40.87126 ], [ -73.81889, 40.87118 ], [ -73.81894, 40.87109 ], [ -73.81895, 40.87106 ], [ -73.81895, 40.87106 ], [ -73.81906, 40.87087 ], [ -73.81917, 40.87069 ], [ -73.81939, 40.8704 ], [ -73.81939, 40.8704 ], [ -73.8196, 40.87016 ], [ -73.81973, 40.87001 ], [ -73.81895, 40.86962 ], [ -73.81733, 40.86757 ], [ -73.81661, 40.86666 ], [ -73.81665, 40.86624 ], [ -73.81666, 40.86606 ], [ -73.81666, 40.86606 ], [ -73.81676, 40.86497 ], [ -73.81664, 40.8649 ], [ -73.81655, 40.86498 ], [ -73.81642, 40.86509 ], [ -73.8163, 40.86521 ], [ -73.81625, 40.86518 ], [ -73.81611, 40.86533 ], [ -73.81597, 40.86548 ], [ -73.81584, 40.86563 ], [ -73.81572, 40.86578 ], [ -73.8156, 40.86594 ], [ -73.81549, 40.8661 ], [ -73.81538, 40.86626 ], [ -73.81433, 40.86792 ], [ -73.81417, 40.86817 ], [ -73.81399, 40.86847 ], [ -73.81397, 40.86849 ], [ -73.8139, 40.86862 ], [ -73.8139, 40.86862 ], [ -73.81305, 40.86999 ], [ -73.81303, 40.87004 ], [ -73.81309, 40.87006 ], [ -73.81358, 40.87023 ], [ -73.81382, 40.87032 ], [ -73.81388, 40.87034 ], [ -73.81388, 40.87034 ], [ -73.81391, 40.87035 ], [ -73.81391, 40.87035 ], [ -73.81408, 40.87041 ], [ -73.81429, 40.87048 ], [ -73.8145, 40.87056 ], [ -73.81471, 40.87065 ], [ -73.81484, 40.87071 ], [ -73.81506, 40.8708 ], [ -73.81527, 40.8709 ], [ -73.81548, 40.87101 ], [ -73.81568, 40.87111 ], [ -73.81588, 40.87123 ], [ -73.81587, 40.87122 ], [ -73.81649, 40.87166 ], [ -73.81655, 40.8717 ], [ -73.81661, 40.87172 ], [ -73.81666, 40.87174 ], [ -73.81668, 40.87175 ], [ -73.81668, 40.87175 ], [ -73.81679, 40.87179 ], [ -73.8169, 40.87183 ], [ -73.81701, 40.87185 ], [ -73.81713, 40.87188 ], [ -73.81725, 40.8719 ], [ -73.81725, 40.8719 ], [ -73.81736, 40.87191 ], [ -73.81748, 40.87191 ] ] ], [ [ [ -73.81187, 40.86862 ], [ -73.81174, 40.86887 ], [ -73.81171, 40.86893 ], [ -73.81169, 40.86898 ], [ -73.81168, 40.86904 ], [ -73.81167, 40.8691 ], [ -73.81167, 40.86916 ], [ -73.81168, 40.86921 ], [ -73.81169, 40.86927 ], [ -73.81172, 40.86932 ], [ -73.81173, 40.86934 ], [ -73.81177, 40.8694 ], [ -73.81181, 40.86946 ], [ -73.81186, 40.86952 ], [ -73.81192, 40.86957 ], [ -73.81199, 40.86962 ], [ -73.81205, 40.86966 ], [ -73.81213, 40.86971 ], [ -73.81222, 40.86975 ], [ -73.81236, 40.8698 ], [ -73.81309, 40.86862 ], [ -73.81335, 40.86871 ], [ -73.81348, 40.8685 ], [ -73.81361, 40.86829 ], [ -73.81388, 40.86793 ], [ -73.81419, 40.86742 ], [ -73.81422, 40.86736 ], [ -73.8143, 40.86722 ], [ -73.81443, 40.86695 ], [ -73.81445, 40.86692 ], [ -73.81446, 40.86686 ], [ -73.81505, 40.86591 ], [ -73.81533, 40.86545 ], [ -73.81541, 40.86534 ], [ -73.81549, 40.86522 ], [ -73.81558, 40.86511 ], [ -73.81567, 40.86501 ], [ -73.81577, 40.8649 ], [ -73.81573, 40.86488 ], [ -73.81586, 40.86475 ], [ -73.816, 40.86462 ], [ -73.81611, 40.86452 ], [ -73.81596, 40.86442 ], [ -73.81574, 40.86427 ], [ -73.81533, 40.86399 ], [ -73.8152, 40.8639 ], [ -73.81492, 40.86371 ], [ -73.81487, 40.86368 ], [ -73.81482, 40.86364 ], [ -73.81453, 40.86407 ], [ -73.81417, 40.86453 ], [ -73.81407, 40.86469 ], [ -73.81391, 40.865 ], [ -73.81372, 40.86529 ], [ -73.81359, 40.86553 ], [ -73.8135, 40.8657 ], [ -73.81341, 40.86585 ], [ -73.81322, 40.86619 ], [ -73.81305, 40.86647 ], [ -73.81285, 40.86682 ], [ -73.8127, 40.86708 ], [ -73.81257, 40.86731 ], [ -73.81239, 40.86765 ], [ -73.81217, 40.86806 ], [ -73.81202, 40.86834 ], [ -73.81187, 40.86862 ] ] ], [ [ [ -73.81368, 40.88818 ], [ -73.81377, 40.8882 ], [ -73.81384, 40.88822 ], [ -73.81369, 40.88866 ], [ -73.81512, 40.88901 ], [ -73.81509, 40.88874 ], [ -73.81506, 40.88846 ], [ -73.81505, 40.88818 ], [ -73.81505, 40.8879 ], [ -73.81505, 40.88763 ], [ -73.81507, 40.88735 ], [ -73.81509, 40.88707 ], [ -73.8151, 40.88701 ], [ -73.81512, 40.88688 ], [ -73.81447, 40.88696 ], [ -73.81436, 40.88697 ], [ -73.81426, 40.88698 ], [ -73.81423, 40.88698 ], [ -73.81423, 40.88698 ], [ -73.81417, 40.88698 ], [ -73.81415, 40.88698 ], [ -73.81412, 40.88699 ], [ -73.8141, 40.88699 ], [ -73.81407, 40.88699 ], [ -73.81405, 40.88699 ], [ -73.81403, 40.88699 ], [ -73.814, 40.88699 ], [ -73.81398, 40.887 ], [ -73.81395, 40.887 ], [ -73.81393, 40.887 ], [ -73.81391, 40.887 ], [ -73.81388, 40.887 ], [ -73.81386, 40.887 ], [ -73.81383, 40.887 ], [ -73.81381, 40.88701 ], [ -73.81379, 40.88701 ], [ -73.81376, 40.88701 ], [ -73.81374, 40.88701 ], [ -73.81371, 40.88701 ], [ -73.81369, 40.88701 ], [ -73.81366, 40.88701 ], [ -73.81364, 40.88701 ], [ -73.81362, 40.88701 ], [ -73.81359, 40.88702 ], [ -73.81357, 40.88702 ], [ -73.81354, 40.88702 ], [ -73.81352, 40.88702 ], [ -73.8135, 40.88702 ], [ -73.81347, 40.88702 ], [ -73.81345, 40.88702 ], [ -73.81342, 40.88702 ], [ -73.8134, 40.88702 ], [ -73.81337, 40.88702 ], [ -73.81335, 40.88702 ], [ -73.81333, 40.88702 ], [ -73.8133, 40.88702 ], [ -73.81328, 40.88702 ], [ -73.81325, 40.88702 ], [ -73.81323, 40.88702 ], [ -73.81321, 40.88703 ], [ -73.81318, 40.88703 ], [ -73.81316, 40.88703 ], [ -73.81313, 40.88703 ], [ -73.81311, 40.88703 ], [ -73.81308, 40.88703 ], [ -73.81306, 40.88703 ], [ -73.81304, 40.88703 ], [ -73.81301, 40.88703 ], [ -73.81299, 40.88703 ], [ -73.81296, 40.88703 ], [ -73.81294, 40.88703 ], [ -73.81292, 40.88703 ], [ -73.81289, 40.88703 ], [ -73.81287, 40.88703 ], [ -73.81284, 40.88703 ], [ -73.81282, 40.88703 ], [ -73.81279, 40.88703 ], [ -73.81277, 40.88703 ], [ -73.81275, 40.88703 ], [ -73.81272, 40.88702 ], [ -73.8127, 40.88702 ], [ -73.81267, 40.88702 ], [ -73.81265, 40.88702 ], [ -73.81262, 40.88702 ], [ -73.8126, 40.88702 ], [ -73.81258, 40.88702 ], [ -73.81255, 40.88702 ], [ -73.81253, 40.88702 ], [ -73.8125, 40.88702 ], [ -73.81248, 40.88702 ], [ -73.81246, 40.88702 ], [ -73.81243, 40.88702 ], [ -73.81241, 40.88702 ], [ -73.81238, 40.88702 ], [ -73.81236, 40.88701 ], [ -73.81233, 40.88701 ], [ -73.81231, 40.88701 ], [ -73.81229, 40.88701 ], [ -73.81226, 40.88701 ], [ -73.81224, 40.88701 ], [ -73.81221, 40.88701 ], [ -73.81219, 40.88701 ], [ -73.81217, 40.88701 ], [ -73.81214, 40.88701 ], [ -73.81212, 40.887 ], [ -73.81209, 40.887 ], [ -73.81207, 40.887 ], [ -73.81205, 40.887 ], [ -73.81202, 40.887 ], [ -73.812, 40.887 ], [ -73.81197, 40.887 ], [ -73.81195, 40.88699 ], [ -73.81192, 40.88699 ], [ -73.8119, 40.88699 ], [ -73.81188, 40.88699 ], [ -73.81185, 40.88699 ], [ -73.81183, 40.88699 ], [ -73.8118, 40.88698 ], [ -73.81178, 40.88698 ], [ -73.81176, 40.88698 ], [ -73.81173, 40.88698 ], [ -73.81171, 40.88698 ], [ -73.81168, 40.88698 ], [ -73.81166, 40.88697 ], [ -73.81164, 40.88697 ], [ -73.81161, 40.88697 ], [ -73.81159, 40.88697 ], [ -73.81156, 40.88697 ], [ -73.81154, 40.88696 ], [ -73.81152, 40.88696 ], [ -73.81149, 40.88696 ], [ -73.81147, 40.88696 ], [ -73.81144, 40.88695 ], [ -73.81142, 40.88695 ], [ -73.8114, 40.88695 ], [ -73.81137, 40.88695 ], [ -73.81135, 40.88694 ], [ -73.81132, 40.88694 ], [ -73.8113, 40.88694 ], [ -73.81128, 40.88694 ], [ -73.81125, 40.88693 ], [ -73.81123, 40.88693 ], [ -73.8112, 40.88693 ], [ -73.81118, 40.88693 ], [ -73.81116, 40.88692 ], [ -73.81113, 40.88692 ], [ -73.81111, 40.88692 ], [ -73.81108, 40.88692 ], [ -73.81106, 40.88691 ], [ -73.81104, 40.88691 ], [ -73.81101, 40.88691 ], [ -73.81099, 40.8869 ], [ -73.81096, 40.8869 ], [ -73.81094, 40.8869 ], [ -73.81092, 40.8869 ], [ -73.81089, 40.88689 ], [ -73.81087, 40.88689 ], [ -73.81085, 40.88689 ], [ -73.81082, 40.88688 ], [ -73.8108, 40.88688 ], [ -73.81077, 40.88688 ], [ -73.81075, 40.88687 ], [ -73.81073, 40.88687 ], [ -73.8107, 40.88687 ], [ -73.81068, 40.88686 ], [ -73.81066, 40.88686 ], [ -73.81063, 40.88686 ], [ -73.81061, 40.88685 ], [ -73.81058, 40.88685 ], [ -73.81056, 40.88685 ], [ -73.81053, 40.88685 ], [ -73.81051, 40.88684 ], [ -73.81048, 40.88684 ], [ -73.81046, 40.88684 ], [ -73.81043, 40.88683 ], [ -73.81041, 40.88683 ], [ -73.81038, 40.88683 ], [ -73.81036, 40.88682 ], [ -73.81033, 40.88682 ], [ -73.81031, 40.88682 ], [ -73.81028, 40.88681 ], [ -73.81026, 40.88681 ], [ -73.81023, 40.88681 ], [ -73.81021, 40.8868 ], [ -73.81019, 40.8868 ], [ -73.81016, 40.8868 ], [ -73.81014, 40.88679 ], [ -73.81011, 40.88679 ], [ -73.81009, 40.88678 ], [ -73.81006, 40.88678 ], [ -73.81004, 40.88678 ], [ -73.81001, 40.88677 ], [ -73.80999, 40.88677 ], [ -73.80996, 40.88677 ], [ -73.80994, 40.88676 ], [ -73.80991, 40.88676 ], [ -73.80989, 40.88675 ], [ -73.80987, 40.88675 ], [ -73.80984, 40.88675 ], [ -73.80982, 40.88674 ], [ -73.80979, 40.88674 ], [ -73.80977, 40.88673 ], [ -73.80974, 40.88673 ], [ -73.80972, 40.88673 ], [ -73.80969, 40.88672 ], [ -73.80967, 40.88672 ], [ -73.80965, 40.88671 ], [ -73.80962, 40.88671 ], [ -73.8096, 40.8867 ], [ -73.80957, 40.8867 ], [ -73.80955, 40.8867 ], [ -73.80952, 40.88669 ], [ -73.8095, 40.88669 ], [ -73.80947, 40.88668 ], [ -73.80945, 40.88668 ], [ -73.80943, 40.88667 ], [ -73.8094, 40.88667 ], [ -73.80938, 40.88666 ], [ -73.80935, 40.88666 ], [ -73.80933, 40.88665 ], [ -73.8093, 40.88665 ], [ -73.80928, 40.88665 ], [ -73.80926, 40.88664 ], [ -73.80923, 40.88664 ], [ -73.80921, 40.88663 ], [ -73.80918, 40.88663 ], [ -73.80916, 40.88662 ], [ -73.80913, 40.88662 ], [ -73.80911, 40.88661 ], [ -73.80909, 40.88661 ], [ -73.80906, 40.8866 ], [ -73.80904, 40.8866 ], [ -73.80901, 40.88659 ], [ -73.80899, 40.88659 ], [ -73.80897, 40.88658 ], [ -73.80894, 40.88657 ], [ -73.80892, 40.88657 ], [ -73.80889, 40.88656 ], [ -73.80887, 40.88656 ], [ -73.80884, 40.88655 ], [ -73.80882, 40.88655 ], [ -73.8088, 40.88654 ], [ -73.80877, 40.88654 ], [ -73.80875, 40.88653 ], [ -73.80872, 40.88653 ], [ -73.8087, 40.88652 ], [ -73.80868, 40.88651 ], [ -73.80865, 40.88651 ], [ -73.80863, 40.8865 ], [ -73.8086, 40.8865 ], [ -73.80858, 40.88649 ], [ -73.80856, 40.88649 ], [ -73.80853, 40.88648 ], [ -73.80851, 40.88647 ], [ -73.80849, 40.88647 ], [ -73.80846, 40.88646 ], [ -73.80844, 40.88646 ], [ -73.80842, 40.88645 ], [ -73.8084, 40.88645 ], [ -73.80838, 40.88645 ], [ -73.80836, 40.88644 ], [ -73.80834, 40.88644 ], [ -73.80832, 40.88644 ], [ -73.80831, 40.88643 ], [ -73.80829, 40.88643 ], [ -73.80827, 40.88642 ], [ -73.80825, 40.88642 ], [ -73.80823, 40.88642 ], [ -73.80821, 40.88641 ], [ -73.80819, 40.88641 ], [ -73.80817, 40.88641 ], [ -73.80815, 40.88641 ], [ -73.80813, 40.8864 ], [ -73.80812, 40.8864 ], [ -73.8081, 40.8864 ], [ -73.80808, 40.88639 ], [ -73.80806, 40.88639 ], [ -73.80804, 40.88639 ], [ -73.80802, 40.88638 ], [ -73.808, 40.88638 ], [ -73.80798, 40.88638 ], [ -73.80796, 40.88638 ], [ -73.80794, 40.88637 ], [ -73.80792, 40.88637 ], [ -73.8079, 40.88637 ], [ -73.80789, 40.88636 ], [ -73.80787, 40.88636 ], [ -73.80785, 40.88636 ], [ -73.80783, 40.88636 ], [ -73.80781, 40.88635 ], [ -73.80779, 40.88635 ], [ -73.80777, 40.88635 ], [ -73.80775, 40.88635 ], [ -73.80773, 40.88634 ], [ -73.80771, 40.88634 ], [ -73.80769, 40.88634 ], [ -73.80767, 40.88634 ], [ -73.80766, 40.88633 ], [ -73.80764, 40.88633 ], [ -73.80762, 40.88633 ], [ -73.8076, 40.88633 ], [ -73.80758, 40.88633 ], [ -73.80756, 40.88632 ], [ -73.80754, 40.88632 ], [ -73.80752, 40.88632 ], [ -73.8075, 40.88632 ], [ -73.80748, 40.88632 ], [ -73.80746, 40.88631 ], [ -73.80744, 40.88631 ], [ -73.80742, 40.88631 ], [ -73.8074, 40.88631 ], [ -73.80738, 40.88631 ], [ -73.80737, 40.88631 ], [ -73.80735, 40.8863 ], [ -73.80733, 40.8863 ], [ -73.80731, 40.8863 ], [ -73.80729, 40.8863 ], [ -73.80727, 40.8863 ], [ -73.80725, 40.8863 ], [ -73.80723, 40.88629 ], [ -73.80721, 40.88629 ], [ -73.80719, 40.88629 ], [ -73.80717, 40.88629 ], [ -73.80715, 40.88629 ], [ -73.80713, 40.88629 ], [ -73.80711, 40.88629 ], [ -73.80709, 40.88629 ], [ -73.80707, 40.88628 ], [ -73.80706, 40.88628 ], [ -73.80704, 40.88628 ], [ -73.80702, 40.88628 ], [ -73.807, 40.88628 ], [ -73.80698, 40.88628 ], [ -73.80696, 40.88628 ], [ -73.80694, 40.88628 ], [ -73.80692, 40.88628 ], [ -73.8069, 40.88627 ], [ -73.80688, 40.88627 ], [ -73.80686, 40.88627 ], [ -73.80684, 40.88627 ], [ -73.80682, 40.88627 ], [ -73.8068, 40.88627 ], [ -73.80678, 40.88627 ], [ -73.80676, 40.88627 ], [ -73.80674, 40.88627 ], [ -73.80672, 40.88627 ], [ -73.8067, 40.88627 ], [ -73.80669, 40.88627 ], [ -73.80667, 40.88627 ], [ -73.80665, 40.88627 ], [ -73.80663, 40.88627 ], [ -73.80661, 40.88627 ], [ -73.80659, 40.88627 ], [ -73.80657, 40.88627 ], [ -73.80655, 40.88627 ], [ -73.80653, 40.88627 ], [ -73.80651, 40.88627 ], [ -73.80649, 40.88626 ], [ -73.80978, 40.88713 ], [ -73.81368, 40.88818 ] ] ], [ [ [ -73.82494, 40.85461 ], [ -73.82477, 40.85467 ], [ -73.82434, 40.85481 ], [ -73.82423, 40.85485 ], [ -73.82404, 40.85492 ], [ -73.82392, 40.85496 ], [ -73.82362, 40.85506 ], [ -73.8229, 40.85541 ], [ -73.82277, 40.85547 ], [ -73.82194, 40.85609 ], [ -73.82105, 40.85686 ], [ -73.8211, 40.85691 ], [ -73.82118, 40.85695 ], [ -73.82132, 40.857 ], [ -73.82135, 40.85701 ], [ -73.82141, 40.85703 ], [ -73.82142, 40.85703 ], [ -73.82145, 40.85704 ], [ -73.82146, 40.85704 ], [ -73.82152, 40.85705 ], [ -73.82155, 40.85706 ], [ -73.82163, 40.85707 ], [ -73.82171, 40.85708 ], [ -73.82181, 40.85708 ], [ -73.82191, 40.85708 ], [ -73.822, 40.85707 ], [ -73.8221, 40.85706 ], [ -73.82289, 40.8569 ], [ -73.82344, 40.85681 ], [ -73.82427, 40.85672 ], [ -73.82439, 40.8567 ], [ -73.82446, 40.85669 ], [ -73.82475, 40.85665 ], [ -73.82483, 40.85664 ], [ -73.82482, 40.85659 ], [ -73.82483, 40.85658 ], [ -73.82482, 40.85652 ], [ -73.82478, 40.85632 ], [ -73.82467, 40.85565 ], [ -73.82465, 40.85564 ], [ -73.82465, 40.85562 ], [ -73.82461, 40.85525 ], [ -73.8246, 40.85511 ], [ -73.8246, 40.85506 ], [ -73.8246, 40.85501 ], [ -73.82462, 40.85496 ], [ -73.82463, 40.85491 ], [ -73.82465, 40.85488 ], [ -73.82468, 40.85484 ], [ -73.8247, 40.85481 ], [ -73.82474, 40.85478 ], [ -73.82478, 40.85474 ], [ -73.82484, 40.8547 ], [ -73.82489, 40.85467 ], [ -73.82496, 40.85465 ], [ -73.82502, 40.85463 ], [ -73.82509, 40.85461 ], [ -73.82516, 40.85461 ], [ -73.82522, 40.85461 ], [ -73.82519, 40.85457 ], [ -73.82517, 40.85454 ], [ -73.82494, 40.85461 ] ] ], [ [ [ -73.82738, 40.85541 ], [ -73.82746, 40.85543 ], [ -73.82753, 40.85546 ], [ -73.82759, 40.85549 ], [ -73.82765, 40.85553 ], [ -73.82771, 40.85558 ], [ -73.82775, 40.85563 ], [ -73.82779, 40.85568 ], [ -73.82782, 40.85573 ], [ -73.82784, 40.85579 ], [ -73.82785, 40.85585 ], [ -73.82786, 40.85591 ], [ -73.82785, 40.85597 ], [ -73.82783, 40.85603 ], [ -73.82781, 40.85609 ], [ -73.82777, 40.85614 ], [ -73.82773, 40.85619 ], [ -73.82768, 40.85624 ], [ -73.82763, 40.85628 ], [ -73.82756, 40.85632 ], [ -73.82754, 40.85633 ], [ -73.82874, 40.85618 ], [ -73.82874, 40.85618 ], [ -73.82874, 40.85618 ], [ -73.82852, 40.85579 ], [ -73.82852, 40.85578 ], [ -73.82843, 40.85564 ], [ -73.82819, 40.85521 ], [ -73.82813, 40.85511 ], [ -73.82813, 40.85511 ], [ -73.82715, 40.85339 ], [ -73.82667, 40.85346 ], [ -73.82664, 40.85353 ], [ -73.82659, 40.85375 ], [ -73.82657, 40.85394 ], [ -73.82656, 40.85416 ], [ -73.82656, 40.8543 ], [ -73.82657, 40.85456 ], [ -73.82654, 40.85521 ], [ -73.82654, 40.85521 ], [ -73.82652, 40.85573 ], [ -73.82658, 40.85573 ], [ -73.8266, 40.85568 ], [ -73.82664, 40.85562 ], [ -73.82669, 40.85558 ], [ -73.82668, 40.85557 ], [ -73.82672, 40.85554 ], [ -73.82676, 40.85551 ], [ -73.82678, 40.8555 ], [ -73.82678, 40.8555 ], [ -73.82685, 40.85547 ], [ -73.82692, 40.85544 ], [ -73.82699, 40.85542 ], [ -73.82707, 40.8554 ], [ -73.82715, 40.85539 ], [ -73.82723, 40.85539 ], [ -73.8273, 40.8554 ], [ -73.82738, 40.85541 ] ] ], [ [ [ -73.78294, 40.86304 ], [ -73.78354, 40.86309 ], [ -73.78386, 40.86311 ], [ -73.78406, 40.86313 ], [ -73.78419, 40.86314 ], [ -73.78435, 40.86315 ], [ -73.78437, 40.86304 ], [ -73.78445, 40.86258 ], [ -73.78449, 40.86236 ], [ -73.78454, 40.86206 ], [ -73.7823, 40.86189 ], [ -73.78209, 40.86298 ], [ -73.78294, 40.86304 ] ] ], [ [ [ -73.81534, 40.88827 ], [ -73.81536, 40.88854 ], [ -73.8154, 40.88882 ], [ -73.81544, 40.88909 ], [ -73.81545, 40.8891 ], [ -73.8157, 40.88916 ], [ -73.81619, 40.88928 ], [ -73.81649, 40.88925 ], [ -73.81649, 40.88925 ], [ -73.8165, 40.88925 ], [ -73.8165, 40.88925 ], [ -73.81651, 40.88925 ], [ -73.81652, 40.88924 ], [ -73.81653, 40.88924 ], [ -73.81654, 40.88923 ], [ -73.81655, 40.88922 ], [ -73.81656, 40.88921 ], [ -73.81656, 40.8892 ], [ -73.81656, 40.8892 ], [ -73.81695, 40.88657 ], [ -73.81679, 40.88661 ], [ -73.81663, 40.88665 ], [ -73.81643, 40.88669 ], [ -73.81623, 40.88673 ], [ -73.81629, 40.88676 ], [ -73.81635, 40.88679 ], [ -73.81639, 40.88683 ], [ -73.81644, 40.88687 ], [ -73.81647, 40.88691 ], [ -73.81651, 40.88695 ], [ -73.81653, 40.887 ], [ -73.81655, 40.88705 ], [ -73.81655, 40.88705 ], [ -73.81657, 40.88712 ], [ -73.81658, 40.88718 ], [ -73.81658, 40.88725 ], [ -73.81657, 40.88732 ], [ -73.81656, 40.88739 ], [ -73.81654, 40.88744 ], [ -73.81652, 40.88749 ], [ -73.81649, 40.88754 ], [ -73.81646, 40.88759 ], [ -73.81642, 40.88763 ], [ -73.81637, 40.88768 ], [ -73.81632, 40.88771 ], [ -73.81627, 40.88775 ], [ -73.8162, 40.88778 ], [ -73.81618, 40.88779 ], [ -73.81611, 40.88781 ], [ -73.81604, 40.88782 ], [ -73.81597, 40.88783 ], [ -73.81589, 40.88783 ], [ -73.81582, 40.88782 ], [ -73.81575, 40.88781 ], [ -73.81568, 40.88779 ], [ -73.81562, 40.88776 ], [ -73.81556, 40.88773 ], [ -73.81551, 40.88769 ], [ -73.81546, 40.88765 ], [ -73.81542, 40.8876 ], [ -73.81539, 40.88755 ], [ -73.81537, 40.88749 ], [ -73.81536, 40.88744 ], [ -73.81532, 40.88744 ], [ -73.81532, 40.88772 ], [ -73.81533, 40.88799 ], [ -73.81534, 40.88827 ] ] ], [ [ [ -73.82775, 40.85754 ], [ -73.82745, 40.85777 ], [ -73.82738, 40.85783 ], [ -73.82733, 40.85789 ], [ -73.82728, 40.85795 ], [ -73.82724, 40.85802 ], [ -73.8272, 40.85809 ], [ -73.82717, 40.85816 ], [ -73.82715, 40.85824 ], [ -73.82714, 40.85831 ], [ -73.82713, 40.85837 ], [ -73.82713, 40.85839 ], [ -73.82713, 40.85841 ], [ -73.82715, 40.85854 ], [ -73.82716, 40.85856 ], [ -73.82737, 40.85846 ], [ -73.82899, 40.85774 ], [ -73.8295, 40.85751 ], [ -73.82924, 40.85706 ], [ -73.829, 40.85664 ], [ -73.82775, 40.85754 ] ] ], [ [ [ -73.82545, 40.85473 ], [ -73.82539, 40.85471 ], [ -73.82533, 40.8547 ], [ -73.82527, 40.85469 ], [ -73.82521, 40.85469 ], [ -73.82515, 40.85469 ], [ -73.82509, 40.8547 ], [ -73.82503, 40.85471 ], [ -73.82497, 40.85473 ], [ -73.82492, 40.85476 ], [ -73.82487, 40.85479 ], [ -73.82483, 40.85483 ], [ -73.82479, 40.85487 ], [ -73.82476, 40.85491 ], [ -73.82473, 40.85496 ], [ -73.82472, 40.85501 ], [ -73.82471, 40.85506 ], [ -73.82471, 40.85511 ], [ -73.82477, 40.85543 ], [ -73.82483, 40.85576 ], [ -73.82489, 40.85609 ], [ -73.82491, 40.85619 ], [ -73.82493, 40.8563 ], [ -73.82495, 40.85634 ], [ -73.82498, 40.85638 ], [ -73.82501, 40.85642 ], [ -73.82506, 40.85645 ], [ -73.8251, 40.85648 ], [ -73.82515, 40.8565 ], [ -73.82522, 40.85652 ], [ -73.82529, 40.85653 ], [ -73.82535, 40.85654 ], [ -73.82541, 40.85654 ], [ -73.82548, 40.85654 ], [ -73.82553, 40.85653 ], [ -73.82579, 40.8565 ], [ -73.82577, 40.85631 ], [ -73.82576, 40.85603 ], [ -73.82575, 40.85586 ], [ -73.82575, 40.85574 ], [ -73.82576, 40.85553 ], [ -73.82577, 40.8554 ], [ -73.82579, 40.8552 ], [ -73.82576, 40.85511 ], [ -73.82572, 40.85501 ], [ -73.82567, 40.85493 ], [ -73.82564, 40.85489 ], [ -73.82561, 40.85485 ], [ -73.82558, 40.85482 ], [ -73.82554, 40.85478 ], [ -73.82549, 40.85476 ], [ -73.82545, 40.85473 ] ] ], [ [ [ -73.81746, 40.87259 ], [ -73.81754, 40.87265 ], [ -73.81762, 40.8727 ], [ -73.8177, 40.87275 ], [ -73.81779, 40.87279 ], [ -73.81788, 40.87283 ], [ -73.81798, 40.87286 ], [ -73.81807, 40.87288 ], [ -73.81817, 40.8729 ], [ -73.81828, 40.87291 ], [ -73.81838, 40.87291 ], [ -73.81848, 40.87291 ], [ -73.81851, 40.87267 ], [ -73.81856, 40.87242 ], [ -73.81861, 40.87218 ], [ -73.81867, 40.87194 ], [ -73.81874, 40.8717 ], [ -73.81876, 40.87162 ], [ -73.81878, 40.87154 ], [ -73.81869, 40.87155 ], [ -73.81862, 40.87161 ], [ -73.81854, 40.87167 ], [ -73.81846, 40.87172 ], [ -73.81837, 40.87176 ], [ -73.81827, 40.87181 ], [ -73.81818, 40.87184 ], [ -73.81818, 40.87184 ], [ -73.81807, 40.87188 ], [ -73.81796, 40.87191 ], [ -73.81785, 40.87193 ], [ -73.81774, 40.87195 ], [ -73.81762, 40.87196 ], [ -73.8175, 40.87197 ], [ -73.81739, 40.87197 ], [ -73.81727, 40.87196 ], [ -73.81715, 40.87195 ], [ -73.81715, 40.87195 ], [ -73.81704, 40.87193 ], [ -73.81693, 40.8719 ], [ -73.81682, 40.87187 ], [ -73.81672, 40.87183 ], [ -73.81662, 40.87179 ], [ -73.81661, 40.87179 ], [ -73.8166, 40.8718 ], [ -73.81739, 40.87254 ], [ -73.81746, 40.87259 ] ] ], [ [ [ -73.802, 40.86091 ], [ -73.802, 40.86091 ], [ -73.80201, 40.86092 ], [ -73.80201, 40.86092 ], [ -73.80202, 40.86092 ], [ -73.80203, 40.86092 ], [ -73.80203, 40.86092 ], [ -73.80204, 40.86092 ], [ -73.80204, 40.86092 ], [ -73.80205, 40.86092 ], [ -73.80206, 40.86092 ], [ -73.80206, 40.86092 ], [ -73.80207, 40.86092 ], [ -73.80207, 40.86092 ], [ -73.80208, 40.86092 ], [ -73.80209, 40.86092 ], [ -73.80209, 40.86092 ], [ -73.8021, 40.86092 ], [ -73.8021, 40.86092 ], [ -73.80211, 40.86092 ], [ -73.80212, 40.86092 ], [ -73.80212, 40.86092 ], [ -73.80213, 40.86092 ], [ -73.80213, 40.86092 ], [ -73.80214, 40.86092 ], [ -73.80215, 40.86092 ], [ -73.80215, 40.86092 ], [ -73.80216, 40.86092 ], [ -73.80216, 40.86092 ], [ -73.80217, 40.86092 ], [ -73.80217, 40.86092 ], [ -73.80218, 40.86092 ], [ -73.80219, 40.86092 ], [ -73.80219, 40.86092 ], [ -73.8022, 40.86092 ], [ -73.8022, 40.86092 ], [ -73.80221, 40.86092 ], [ -73.80222, 40.86092 ], [ -73.80222, 40.86092 ], [ -73.80223, 40.86092 ], [ -73.80223, 40.86092 ], [ -73.80224, 40.86092 ], [ -73.80225, 40.86092 ], [ -73.80225, 40.86092 ], [ -73.80226, 40.86092 ], [ -73.80226, 40.86092 ], [ -73.80227, 40.86092 ], [ -73.80228, 40.86091 ], [ -73.80228, 40.86091 ], [ -73.80229, 40.86091 ], [ -73.80229, 40.86091 ], [ -73.8023, 40.86091 ], [ -73.8023, 40.86091 ], [ -73.80231, 40.86091 ], [ -73.80232, 40.86091 ], [ -73.80232, 40.86091 ], [ -73.80233, 40.86091 ], [ -73.80233, 40.86091 ], [ -73.80234, 40.8609 ], [ -73.80235, 40.8609 ], [ -73.80235, 40.8609 ], [ -73.80236, 40.8609 ], [ -73.80236, 40.8609 ], [ -73.80237, 40.8609 ], [ -73.80237, 40.8609 ], [ -73.80238, 40.86089 ], [ -73.80239, 40.86089 ], [ -73.80239, 40.86089 ], [ -73.8024, 40.86089 ], [ -73.8024, 40.86089 ], [ -73.80241, 40.86089 ], [ -73.80241, 40.86089 ], [ -73.80242, 40.86088 ], [ -73.80242, 40.86088 ], [ -73.80243, 40.86088 ], [ -73.80244, 40.86088 ], [ -73.80244, 40.86088 ], [ -73.80245, 40.86088 ], [ -73.80245, 40.86087 ], [ -73.80246, 40.86087 ], [ -73.80246, 40.86087 ], [ -73.80247, 40.86087 ], [ -73.80247, 40.86087 ], [ -73.80248, 40.86086 ], [ -73.80248, 40.86086 ], [ -73.80249, 40.86086 ], [ -73.80249, 40.86086 ], [ -73.8025, 40.86086 ], [ -73.8025, 40.86085 ], [ -73.80251, 40.86085 ], [ -73.80252, 40.86085 ], [ -73.80252, 40.86085 ], [ -73.80253, 40.86084 ], [ -73.80253, 40.86084 ], [ -73.80254, 40.86084 ], [ -73.80254, 40.86084 ], [ -73.80255, 40.86083 ], [ -73.80255, 40.86083 ], [ -73.80256, 40.86083 ], [ -73.80256, 40.86083 ], [ -73.80257, 40.86082 ], [ -73.80257, 40.86082 ], [ -73.80258, 40.86082 ], [ -73.80258, 40.86082 ], [ -73.80258, 40.86081 ], [ -73.80259, 40.86081 ], [ -73.80259, 40.86081 ], [ -73.8026, 40.86081 ], [ -73.8026, 40.8608 ], [ -73.80261, 40.8608 ], [ -73.80261, 40.8608 ], [ -73.80262, 40.86079 ], [ -73.80262, 40.86079 ], [ -73.80263, 40.86079 ], [ -73.80263, 40.86079 ], [ -73.80264, 40.86078 ], [ -73.80264, 40.86078 ], [ -73.80264, 40.86078 ], [ -73.80265, 40.86077 ], [ -73.80265, 40.86077 ], [ -73.80266, 40.86077 ], [ -73.80266, 40.86076 ], [ -73.80267, 40.86076 ], [ -73.80267, 40.86076 ], [ -73.80267, 40.86075 ], [ -73.80268, 40.86075 ], [ -73.80268, 40.86075 ], [ -73.80269, 40.86074 ], [ -73.80269, 40.86074 ], [ -73.8027, 40.86074 ], [ -73.8027, 40.86073 ], [ -73.8027, 40.86073 ], [ -73.80271, 40.86073 ], [ -73.80271, 40.86072 ], [ -73.80272, 40.86072 ], [ -73.80272, 40.86072 ], [ -73.80272, 40.86071 ], [ -73.80273, 40.86071 ], [ -73.80273, 40.86071 ], [ -73.80273, 40.8607 ], [ -73.80274, 40.8607 ], [ -73.80274, 40.8607 ], [ -73.80274, 40.86069 ], [ -73.80275, 40.86069 ], [ -73.80275, 40.86069 ], [ -73.80275, 40.86068 ], [ -73.80276, 40.86068 ], [ -73.80276, 40.86067 ], [ -73.80277, 40.86067 ], [ -73.80277, 40.86067 ], [ -73.80277, 40.86066 ], [ -73.80277, 40.86066 ], [ -73.80278, 40.86066 ], [ -73.80278, 40.86065 ], [ -73.80278, 40.86065 ], [ -73.80279, 40.86064 ], [ -73.80279, 40.86064 ], [ -73.80279, 40.86064 ], [ -73.8028, 40.86063 ], [ -73.8028, 40.86063 ], [ -73.8028, 40.86062 ], [ -73.8028, 40.86062 ], [ -73.80281, 40.86062 ], [ -73.80281, 40.86061 ], [ -73.80281, 40.86061 ], [ -73.80282, 40.8606 ], [ -73.80282, 40.8606 ], [ -73.80282, 40.8606 ], [ -73.80282, 40.86059 ], [ -73.80283, 40.86059 ], [ -73.80283, 40.86058 ], [ -73.80283, 40.86058 ], [ -73.80283, 40.86057 ], [ -73.80283, 40.86057 ], [ -73.80284, 40.86057 ], [ -73.80284, 40.86056 ], [ -73.80284, 40.86056 ], [ -73.80284, 40.86055 ], [ -73.80285, 40.86055 ], [ -73.80285, 40.86055 ], [ -73.80285, 40.86054 ], [ -73.80285, 40.86054 ], [ -73.80285, 40.86053 ], [ -73.80286, 40.86053 ], [ -73.80286, 40.86052 ], [ -73.80286, 40.86052 ], [ -73.80286, 40.86052 ], [ -73.80286, 40.86051 ], [ -73.80286, 40.86051 ], [ -73.80287, 40.8605 ], [ -73.80287, 40.8605 ], [ -73.80287, 40.86049 ], [ -73.80287, 40.86049 ], [ -73.80287, 40.86048 ], [ -73.80287, 40.86048 ], [ -73.80287, 40.86048 ], [ -73.80287, 40.86047 ], [ -73.80288, 40.86047 ], [ -73.80288, 40.86046 ], [ -73.80288, 40.86046 ], [ -73.80288, 40.86045 ], [ -73.80288, 40.86045 ], [ -73.80288, 40.86044 ], [ -73.80288, 40.86044 ], [ -73.80288, 40.86044 ], [ -73.80288, 40.86043 ], [ -73.80288, 40.86043 ], [ -73.80289, 40.86042 ], [ -73.80289, 40.86042 ], [ -73.80289, 40.86041 ], [ -73.80289, 40.86041 ], [ -73.80289, 40.8604 ], [ -73.80289, 40.8604 ], [ -73.80289, 40.8604 ], [ -73.80289, 40.86039 ], [ -73.80289, 40.86039 ], [ -73.80289, 40.86038 ], [ -73.80289, 40.86038 ], [ -73.80289, 40.86037 ], [ -73.80289, 40.86037 ], [ -73.80289, 40.86036 ], [ -73.80289, 40.86036 ], [ -73.80289, 40.86035 ], [ -73.80289, 40.86035 ], [ -73.80289, 40.86035 ], [ -73.80289, 40.86034 ], [ -73.80289, 40.86034 ], [ -73.80289, 40.86033 ], [ -73.80289, 40.86033 ], [ -73.80289, 40.86032 ], [ -73.80289, 40.86032 ], [ -73.80289, 40.86031 ], [ -73.80289, 40.86031 ], [ -73.80289, 40.8603 ], [ -73.80289, 40.8603 ], [ -73.80289, 40.8603 ], [ -73.80289, 40.86029 ], [ -73.80288, 40.86029 ], [ -73.80288, 40.86028 ], [ -73.80288, 40.86028 ], [ -73.80288, 40.86027 ], [ -73.80288, 40.86027 ], [ -73.80288, 40.86026 ], [ -73.80288, 40.86026 ], [ -73.80288, 40.86026 ], [ -73.80288, 40.86025 ], [ -73.80288, 40.86025 ], [ -73.80288, 40.86024 ], [ -73.80287, 40.86024 ], [ -73.80287, 40.86023 ], [ -73.80287, 40.86023 ], [ -73.80287, 40.86022 ], [ -73.80287, 40.86022 ], [ -73.80287, 40.86022 ], [ -73.80287, 40.86021 ], [ -73.80286, 40.86021 ], [ -73.80286, 40.8602 ], [ -73.80286, 40.8602 ], [ -73.80286, 40.86019 ], [ -73.80286, 40.86019 ], [ -73.80286, 40.86019 ], [ -73.80285, 40.86018 ], [ -73.80285, 40.86018 ], [ -73.80285, 40.86017 ], [ -73.80285, 40.86017 ], [ -73.80285, 40.86016 ], [ -73.80284, 40.86016 ], [ -73.80284, 40.86016 ], [ -73.80284, 40.86015 ], [ -73.80284, 40.86015 ], [ -73.80284, 40.86014 ], [ -73.80283, 40.86014 ], [ -73.80283, 40.86013 ], [ -73.80283, 40.86013 ], [ -73.80283, 40.86013 ], [ -73.80282, 40.86012 ], [ -73.80282, 40.86012 ], [ -73.80282, 40.86011 ], [ -73.80282, 40.86011 ], [ -73.80281, 40.86011 ], [ -73.80281, 40.8601 ], [ -73.80281, 40.8601 ], [ -73.80281, 40.86009 ], [ -73.8028, 40.86009 ], [ -73.8028, 40.86009 ], [ -73.8028, 40.86008 ], [ -73.80279, 40.86008 ], [ -73.80279, 40.86007 ], [ -73.80279, 40.86007 ], [ -73.80279, 40.86007 ], [ -73.80278, 40.86006 ], [ -73.80278, 40.86006 ], [ -73.80278, 40.86005 ], [ -73.80277, 40.86005 ], [ -73.80277, 40.86005 ], [ -73.80277, 40.86004 ], [ -73.80276, 40.86004 ], [ -73.80276, 40.86003 ], [ -73.80276, 40.86003 ], [ -73.80275, 40.86003 ], [ -73.80275, 40.86002 ], [ -73.80275, 40.86002 ], [ -73.80274, 40.86002 ], [ -73.80274, 40.86001 ], [ -73.80274, 40.86001 ], [ -73.80273, 40.86001 ], [ -73.80273, 40.86 ], [ -73.80272, 40.86 ], [ -73.80272, 40.86 ], [ -73.80272, 40.85999 ], [ -73.80271, 40.85999 ], [ -73.80271, 40.85999 ], [ -73.80271, 40.85998 ], [ -73.8027, 40.85998 ], [ -73.8027, 40.85998 ], [ -73.80269, 40.85997 ], [ -73.80269, 40.85997 ], [ -73.80268, 40.85997 ], [ -73.80268, 40.85996 ], [ -73.80268, 40.85996 ], [ -73.80267, 40.85996 ], [ -73.80267, 40.85995 ], [ -73.80266, 40.85995 ], [ -73.80266, 40.85995 ], [ -73.80266, 40.85994 ], [ -73.80265, 40.85994 ], [ -73.80265, 40.85994 ], [ -73.80264, 40.85993 ], [ -73.80264, 40.85993 ], [ -73.80263, 40.85993 ], [ -73.80263, 40.85993 ], [ -73.80262, 40.85992 ], [ -73.80262, 40.85992 ], [ -73.80261, 40.85992 ], [ -73.80261, 40.85991 ], [ -73.80261, 40.85991 ], [ -73.8026, 40.85991 ], [ -73.8026, 40.85991 ], [ -73.80259, 40.8599 ], [ -73.80259, 40.8599 ], [ -73.80258, 40.8599 ], [ -73.80258, 40.8599 ], [ -73.80257, 40.85989 ], [ -73.80257, 40.85989 ], [ -73.80256, 40.85989 ], [ -73.80256, 40.85989 ], [ -73.80255, 40.85988 ], [ -73.80255, 40.85988 ], [ -73.80254, 40.85988 ], [ -73.80254, 40.85988 ], [ -73.80253, 40.85987 ], [ -73.80253, 40.85987 ], [ -73.80252, 40.85987 ], [ -73.80252, 40.85987 ], [ -73.80251, 40.85986 ], [ -73.80251, 40.85986 ], [ -73.8025, 40.85986 ], [ -73.8025, 40.85986 ], [ -73.80249, 40.85986 ], [ -73.80249, 40.85985 ], [ -73.80248, 40.85985 ], [ -73.80247, 40.85985 ], [ -73.80247, 40.85985 ], [ -73.80246, 40.85985 ], [ -73.80246, 40.85984 ], [ -73.80245, 40.85984 ], [ -73.80245, 40.85984 ], [ -73.80244, 40.85984 ], [ -73.80244, 40.85984 ], [ -73.80243, 40.85984 ], [ -73.80243, 40.85983 ], [ -73.80242, 40.85983 ], [ -73.80241, 40.85983 ], [ -73.80241, 40.85983 ], [ -73.8024, 40.85983 ], [ -73.8024, 40.85983 ], [ -73.80239, 40.85982 ], [ -73.80239, 40.85982 ], [ -73.80238, 40.85982 ], [ -73.80238, 40.85982 ], [ -73.80237, 40.85982 ], [ -73.80236, 40.85982 ], [ -73.80236, 40.85982 ], [ -73.80235, 40.85981 ], [ -73.80235, 40.85981 ], [ -73.80234, 40.85981 ], [ -73.80234, 40.85981 ], [ -73.80233, 40.85981 ], [ -73.80232, 40.85981 ], [ -73.80232, 40.85981 ], [ -73.80231, 40.85981 ], [ -73.80231, 40.85981 ], [ -73.8023, 40.85981 ], [ -73.8023, 40.8598 ], [ -73.80229, 40.8598 ], [ -73.80228, 40.8598 ], [ -73.80228, 40.8598 ], [ -73.80227, 40.8598 ], [ -73.80227, 40.8598 ], [ -73.80226, 40.8598 ], [ -73.80225, 40.8598 ], [ -73.80225, 40.8598 ], [ -73.80224, 40.8598 ], [ -73.80224, 40.8598 ], [ -73.80223, 40.8598 ], [ -73.80222, 40.8598 ], [ -73.80222, 40.8598 ], [ -73.80221, 40.8598 ], [ -73.80221, 40.8598 ], [ -73.8022, 40.85979 ], [ -73.8022, 40.85979 ], [ -73.80219, 40.85979 ], [ -73.80218, 40.85979 ], [ -73.80218, 40.85979 ], [ -73.80217, 40.85979 ], [ -73.80217, 40.85979 ], [ -73.80216, 40.85979 ], [ -73.80215, 40.85979 ], [ -73.80215, 40.85979 ], [ -73.80214, 40.85979 ], [ -73.80214, 40.85979 ], [ -73.80213, 40.85979 ], [ -73.80212, 40.85979 ], [ -73.80212, 40.85979 ], [ -73.80211, 40.85979 ], [ -73.80211, 40.85979 ], [ -73.8021, 40.85979 ], [ -73.80209, 40.8598 ], [ -73.80209, 40.8598 ], [ -73.80208, 40.8598 ], [ -73.80208, 40.8598 ], [ -73.80207, 40.8598 ], [ -73.80207, 40.8598 ], [ -73.80206, 40.8598 ], [ -73.80205, 40.8598 ], [ -73.80205, 40.8598 ], [ -73.80204, 40.8598 ], [ -73.80204, 40.8598 ], [ -73.80203, 40.8598 ], [ -73.80202, 40.8598 ], [ -73.80202, 40.8598 ], [ -73.80201, 40.8598 ], [ -73.80201, 40.8598 ], [ -73.802, 40.85981 ], [ -73.80199, 40.85981 ], [ -73.80199, 40.85981 ], [ -73.80198, 40.85981 ], [ -73.80198, 40.85981 ], [ -73.80197, 40.85981 ], [ -73.80197, 40.85981 ], [ -73.80196, 40.85981 ], [ -73.80195, 40.85981 ], [ -73.80195, 40.85981 ], [ -73.80194, 40.85982 ], [ -73.80194, 40.85982 ], [ -73.80193, 40.85982 ], [ -73.80193, 40.85982 ], [ -73.80192, 40.85982 ], [ -73.80191, 40.85982 ], [ -73.80191, 40.85982 ], [ -73.8019, 40.85983 ], [ -73.8019, 40.85983 ], [ -73.80189, 40.85983 ], [ -73.80189, 40.85983 ], [ -73.80188, 40.85983 ], [ -73.80188, 40.85983 ], [ -73.80187, 40.85984 ], [ -73.80187, 40.85984 ], [ -73.80186, 40.85984 ], [ -73.80185, 40.85984 ], [ -73.80185, 40.85984 ], [ -73.80184, 40.85984 ], [ -73.80184, 40.85985 ], [ -73.80183, 40.85985 ], [ -73.80183, 40.85985 ], [ -73.80182, 40.85985 ], [ -73.80182, 40.85985 ], [ -73.80181, 40.85986 ], [ -73.80181, 40.85986 ], [ -73.8018, 40.85986 ], [ -73.8018, 40.85986 ], [ -73.80179, 40.85986 ], [ -73.80179, 40.85987 ], [ -73.80178, 40.85987 ], [ -73.80177, 40.85987 ], [ -73.80177, 40.85987 ], [ -73.80176, 40.85988 ], [ -73.80176, 40.85988 ], [ -73.80175, 40.85988 ], [ -73.80175, 40.85988 ], [ -73.80174, 40.85989 ], [ -73.80174, 40.85989 ], [ -73.80173, 40.85989 ], [ -73.80173, 40.85989 ], [ -73.80172, 40.8599 ], [ -73.80172, 40.8599 ], [ -73.80172, 40.8599 ], [ -73.80171, 40.8599 ], [ -73.80171, 40.85991 ], [ -73.8017, 40.85991 ], [ -73.8017, 40.85991 ], [ -73.80169, 40.85991 ], [ -73.80169, 40.85992 ], [ -73.80168, 40.85992 ], [ -73.80168, 40.85992 ], [ -73.80167, 40.85993 ], [ -73.80167, 40.85993 ], [ -73.80166, 40.85993 ], [ -73.80166, 40.85993 ], [ -73.80166, 40.85994 ], [ -73.80165, 40.85994 ], [ -73.80165, 40.85994 ], [ -73.80164, 40.85995 ], [ -73.80164, 40.85995 ], [ -73.80163, 40.85995 ], [ -73.80163, 40.85996 ], [ -73.80163, 40.85996 ], [ -73.80162, 40.85996 ], [ -73.80162, 40.85997 ], [ -73.80161, 40.85997 ], [ -73.80161, 40.85997 ], [ -73.8016, 40.85998 ], [ -73.8016, 40.85998 ], [ -73.8016, 40.85998 ], [ -73.80159, 40.85998 ], [ -73.80159, 40.85999 ], [ -73.80159, 40.85999 ], [ -73.80158, 40.86 ], [ -73.80158, 40.86 ], [ -73.80157, 40.86 ], [ -73.80157, 40.86001 ], [ -73.80157, 40.86001 ], [ -73.80156, 40.86001 ], [ -73.80156, 40.86002 ], [ -73.80156, 40.86002 ], [ -73.80155, 40.86002 ], [ -73.80155, 40.86003 ], [ -73.80154, 40.86003 ], [ -73.80154, 40.86003 ], [ -73.80154, 40.86004 ], [ -73.80153, 40.86004 ], [ -73.80153, 40.86005 ], [ -73.80153, 40.86005 ], [ -73.80153, 40.86005 ], [ -73.80152, 40.86006 ], [ -73.80152, 40.86006 ], [ -73.80152, 40.86006 ], [ -73.80151, 40.86007 ], [ -73.80151, 40.86007 ], [ -73.80151, 40.86008 ], [ -73.8015, 40.86008 ], [ -73.8015, 40.86008 ], [ -73.8015, 40.86009 ], [ -73.80149, 40.86009 ], [ -73.80149, 40.8601 ], [ -73.80149, 40.8601 ], [ -73.80149, 40.8601 ], [ -73.80148, 40.86011 ], [ -73.80148, 40.86011 ], [ -73.80148, 40.86012 ], [ -73.80148, 40.86012 ], [ -73.80147, 40.86012 ], [ -73.80147, 40.86013 ], [ -73.80147, 40.86013 ], [ -73.80147, 40.86014 ], [ -73.80146, 40.86014 ], [ -73.80146, 40.86015 ], [ -73.80146, 40.86015 ], [ -73.80146, 40.86015 ], [ -73.80146, 40.86016 ], [ -73.80145, 40.86016 ], [ -73.80145, 40.86017 ], [ -73.80145, 40.86017 ], [ -73.80145, 40.86017 ], [ -73.80145, 40.86018 ], [ -73.80144, 40.86018 ], [ -73.80144, 40.86019 ], [ -73.80144, 40.86019 ], [ -73.80144, 40.8602 ], [ -73.80144, 40.8602 ], [ -73.80143, 40.8602 ], [ -73.80143, 40.86021 ], [ -73.80143, 40.86021 ], [ -73.80143, 40.86022 ], [ -73.80143, 40.86022 ], [ -73.80143, 40.86023 ], [ -73.80143, 40.86023 ], [ -73.80142, 40.86024 ], [ -73.80142, 40.86024 ], [ -73.80142, 40.86024 ], [ -73.80142, 40.86025 ], [ -73.80142, 40.86025 ], [ -73.80142, 40.86026 ], [ -73.80142, 40.86026 ], [ -73.80142, 40.86027 ], [ -73.80141, 40.86027 ], [ -73.80141, 40.86028 ], [ -73.80141, 40.86028 ], [ -73.80141, 40.86028 ], [ -73.80141, 40.86029 ], [ -73.80141, 40.86029 ], [ -73.80141, 40.8603 ], [ -73.80141, 40.8603 ], [ -73.80141, 40.86031 ], [ -73.80141, 40.86031 ], [ -73.80141, 40.86032 ], [ -73.80141, 40.86032 ], [ -73.80141, 40.86032 ], [ -73.80141, 40.86033 ], [ -73.80141, 40.86033 ], [ -73.80141, 40.86034 ], [ -73.80141, 40.86034 ], [ -73.80141, 40.86035 ], [ -73.80141, 40.86035 ], [ -73.80141, 40.86036 ], [ -73.80141, 40.86036 ], [ -73.80141, 40.86037 ], [ -73.80141, 40.86037 ], [ -73.80141, 40.86037 ], [ -73.80141, 40.86038 ], [ -73.80141, 40.86038 ], [ -73.80141, 40.86039 ], [ -73.80141, 40.86039 ], [ -73.80141, 40.8604 ], [ -73.80141, 40.8604 ], [ -73.80141, 40.86041 ], [ -73.80141, 40.86041 ], [ -73.80141, 40.86041 ], [ -73.80141, 40.86042 ], [ -73.80141, 40.86042 ], [ -73.80141, 40.86043 ], [ -73.80141, 40.86043 ], [ -73.80141, 40.86044 ], [ -73.80141, 40.86044 ], [ -73.80141, 40.86045 ], [ -73.80141, 40.86045 ], [ -73.80142, 40.86046 ], [ -73.80142, 40.86046 ], [ -73.80142, 40.86046 ], [ -73.80142, 40.86047 ], [ -73.80142, 40.86047 ], [ -73.80142, 40.86048 ], [ -73.80142, 40.86048 ], [ -73.80142, 40.86049 ], [ -73.80143, 40.86049 ], [ -73.80143, 40.8605 ], [ -73.80143, 40.8605 ], [ -73.80143, 40.8605 ], [ -73.80143, 40.86051 ], [ -73.80143, 40.86051 ], [ -73.80143, 40.86052 ], [ -73.80144, 40.86052 ], [ -73.80144, 40.86053 ], [ -73.80144, 40.86053 ], [ -73.80144, 40.86053 ], [ -73.80144, 40.86054 ], [ -73.80144, 40.86054 ], [ -73.80145, 40.86055 ], [ -73.80145, 40.86055 ], [ -73.80145, 40.86056 ], [ -73.80145, 40.86056 ], [ -73.80145, 40.86056 ], [ -73.80146, 40.86057 ], [ -73.80146, 40.86057 ], [ -73.80146, 40.86058 ], [ -73.80146, 40.86058 ], [ -73.80147, 40.86058 ], [ -73.80147, 40.86059 ], [ -73.80147, 40.86059 ], [ -73.80147, 40.8606 ], [ -73.80148, 40.8606 ], [ -73.80148, 40.86061 ], [ -73.80148, 40.86061 ], [ -73.80148, 40.86061 ], [ -73.80149, 40.86062 ], [ -73.80149, 40.86062 ], [ -73.80149, 40.86063 ], [ -73.80149, 40.86063 ], [ -73.8015, 40.86063 ], [ -73.8015, 40.86064 ], [ -73.8015, 40.86064 ], [ -73.80151, 40.86065 ], [ -73.80151, 40.86065 ], [ -73.80151, 40.86065 ], [ -73.80152, 40.86066 ], [ -73.80152, 40.86066 ], [ -73.80152, 40.86066 ], [ -73.80152, 40.86067 ], [ -73.80153, 40.86067 ], [ -73.80153, 40.86068 ], [ -73.80153, 40.86068 ], [ -73.80154, 40.86068 ], [ -73.80154, 40.86069 ], [ -73.80154, 40.86069 ], [ -73.80155, 40.86069 ], [ -73.80155, 40.8607 ], [ -73.80156, 40.8607 ], [ -73.80156, 40.86071 ], [ -73.80156, 40.86071 ], [ -73.80157, 40.86071 ], [ -73.80157, 40.86072 ], [ -73.80157, 40.86072 ], [ -73.80158, 40.86072 ], [ -73.80158, 40.86073 ], [ -73.80159, 40.86073 ], [ -73.80159, 40.86073 ], [ -73.80159, 40.86074 ], [ -73.8016, 40.86074 ], [ -73.8016, 40.86074 ], [ -73.8016, 40.86075 ], [ -73.80161, 40.86075 ], [ -73.80161, 40.86075 ], [ -73.80162, 40.86076 ], [ -73.80162, 40.86076 ], [ -73.80163, 40.86076 ], [ -73.80163, 40.86077 ], [ -73.80163, 40.86077 ], [ -73.80164, 40.86077 ], [ -73.80164, 40.86078 ], [ -73.80165, 40.86078 ], [ -73.80165, 40.86078 ], [ -73.80166, 40.86078 ], [ -73.80166, 40.86079 ], [ -73.80166, 40.86079 ], [ -73.80167, 40.86079 ], [ -73.80167, 40.8608 ], [ -73.80168, 40.8608 ], [ -73.80168, 40.8608 ], [ -73.80169, 40.86081 ], [ -73.80169, 40.86081 ], [ -73.8017, 40.86081 ], [ -73.8017, 40.86081 ], [ -73.80171, 40.86082 ], [ -73.80171, 40.86082 ], [ -73.80172, 40.86082 ], [ -73.80172, 40.86082 ], [ -73.80173, 40.86083 ], [ -73.80173, 40.86083 ], [ -73.80174, 40.86083 ], [ -73.80174, 40.86083 ], [ -73.80175, 40.86084 ], [ -73.80175, 40.86084 ], [ -73.80176, 40.86084 ], [ -73.80176, 40.86084 ], [ -73.80177, 40.86085 ], [ -73.80177, 40.86085 ], [ -73.80178, 40.86085 ], [ -73.80178, 40.86085 ], [ -73.80179, 40.86086 ], [ -73.80179, 40.86086 ], [ -73.8018, 40.86086 ], [ -73.8018, 40.86086 ], [ -73.80181, 40.86086 ], [ -73.80181, 40.86087 ], [ -73.80182, 40.86087 ], [ -73.80182, 40.86087 ], [ -73.80183, 40.86087 ], [ -73.80183, 40.86087 ], [ -73.80184, 40.86088 ], [ -73.80184, 40.86088 ], [ -73.80185, 40.86088 ], [ -73.80186, 40.86088 ], [ -73.80186, 40.86088 ], [ -73.80187, 40.86089 ], [ -73.80187, 40.86089 ], [ -73.80188, 40.86089 ], [ -73.80188, 40.86089 ], [ -73.80189, 40.86089 ], [ -73.80189, 40.86089 ], [ -73.8019, 40.8609 ], [ -73.80191, 40.8609 ], [ -73.80191, 40.8609 ], [ -73.80192, 40.8609 ], [ -73.80192, 40.8609 ], [ -73.80193, 40.8609 ], [ -73.80193, 40.8609 ], [ -73.80194, 40.8609 ], [ -73.80195, 40.86091 ], [ -73.80195, 40.86091 ], [ -73.80196, 40.86091 ], [ -73.80196, 40.86091 ], [ -73.80197, 40.86091 ], [ -73.80197, 40.86091 ], [ -73.80198, 40.86091 ], [ -73.80199, 40.86091 ], [ -73.80199, 40.86091 ], [ -73.80199, 40.86091 ], [ -73.802, 40.86091 ] ] ], [ [ [ -73.81075, 40.86861 ], [ -73.81067, 40.86862 ], [ -73.81059, 40.86863 ], [ -73.81052, 40.86866 ], [ -73.81045, 40.86869 ], [ -73.81039, 40.86872 ], [ -73.81033, 40.86876 ], [ -73.81027, 40.86881 ], [ -73.81023, 40.86886 ], [ -73.81019, 40.86891 ], [ -73.81016, 40.86896 ], [ -73.81014, 40.86902 ], [ -73.81012, 40.86908 ], [ -73.81011, 40.86914 ], [ -73.81012, 40.86919 ], [ -73.81013, 40.86925 ], [ -73.81014, 40.86931 ], [ -73.81017, 40.86936 ], [ -73.8102, 40.86942 ], [ -73.81024, 40.86947 ], [ -73.81029, 40.86951 ], [ -73.81035, 40.86956 ], [ -73.81041, 40.8696 ], [ -73.81048, 40.86963 ], [ -73.81056, 40.86966 ], [ -73.81062, 40.86968 ], [ -73.81064, 40.86968 ], [ -73.81072, 40.86969 ], [ -73.8108, 40.8697 ], [ -73.81089, 40.8697 ], [ -73.81097, 40.86969 ], [ -73.81105, 40.86968 ], [ -73.81113, 40.86966 ], [ -73.8112, 40.86963 ], [ -73.81127, 40.86959 ], [ -73.81134, 40.86955 ], [ -73.81139, 40.8695 ], [ -73.81144, 40.86945 ], [ -73.81149, 40.86939 ], [ -73.81152, 40.86933 ], [ -73.81154, 40.86926 ], [ -73.81155, 40.8692 ], [ -73.81155, 40.86914 ], [ -73.81154, 40.86908 ], [ -73.81152, 40.86903 ], [ -73.8115, 40.86897 ], [ -73.81147, 40.86891 ], [ -73.81143, 40.86886 ], [ -73.81139, 40.86881 ], [ -73.81133, 40.86876 ], [ -73.81127, 40.86872 ], [ -73.81121, 40.86868 ], [ -73.81114, 40.86865 ], [ -73.81106, 40.86863 ], [ -73.81099, 40.86861 ], [ -73.81091, 40.8686 ], [ -73.81083, 40.8686 ], [ -73.81075, 40.86861 ] ] ], [ [ [ -73.81485, 40.88608 ], [ -73.81479, 40.88615 ], [ -73.81472, 40.88622 ], [ -73.81465, 40.88629 ], [ -73.81457, 40.88635 ], [ -73.81449, 40.88641 ], [ -73.8144, 40.88646 ], [ -73.81431, 40.88651 ], [ -73.81421, 40.88656 ], [ -73.81411, 40.88659 ], [ -73.814, 40.88663 ], [ -73.81389, 40.88666 ], [ -73.81414, 40.88665 ], [ -73.81439, 40.88665 ], [ -73.81437, 40.88664 ], [ -73.81475, 40.88663 ], [ -73.8148, 40.88663 ], [ -73.81493, 40.88662 ], [ -73.81505, 40.8866 ], [ -73.81517, 40.88659 ], [ -73.81518, 40.88654 ], [ -73.8152, 40.88646 ], [ -73.81526, 40.88616 ], [ -73.81534, 40.88581 ], [ -73.8155, 40.88516 ], [ -73.81568, 40.88457 ], [ -73.8158, 40.88416 ], [ -73.81575, 40.88415 ], [ -73.81485, 40.88608 ] ] ], [ [ [ -73.81574, 40.8877 ], [ -73.8158, 40.88772 ], [ -73.81586, 40.88773 ], [ -73.81592, 40.88774 ], [ -73.81599, 40.88774 ], [ -73.81605, 40.88773 ], [ -73.81611, 40.88772 ], [ -73.81617, 40.8877 ], [ -73.81623, 40.88767 ], [ -73.81628, 40.88764 ], [ -73.81632, 40.8876 ], [ -73.81636, 40.88756 ], [ -73.81639, 40.88752 ], [ -73.81641, 40.88747 ], [ -73.81642, 40.88743 ], [ -73.81643, 40.88738 ], [ -73.81644, 40.88734 ], [ -73.81645, 40.88728 ], [ -73.81645, 40.88722 ], [ -73.81644, 40.88717 ], [ -73.81643, 40.88711 ], [ -73.8164, 40.88705 ], [ -73.81639, 40.88703 ], [ -73.81636, 40.88699 ], [ -73.81632, 40.88695 ], [ -73.81627, 40.88691 ], [ -73.81621, 40.88687 ], [ -73.81614, 40.88684 ], [ -73.81607, 40.88682 ], [ -73.816, 40.8868 ], [ -73.81592, 40.88679 ], [ -73.81584, 40.88679 ], [ -73.81577, 40.8868 ], [ -73.81569, 40.88681 ], [ -73.81539, 40.88685 ], [ -73.8154, 40.88707 ], [ -73.81541, 40.88735 ], [ -73.81542, 40.8874 ], [ -73.81543, 40.88745 ], [ -73.81546, 40.88749 ], [ -73.81549, 40.88754 ], [ -73.81553, 40.88758 ], [ -73.81557, 40.88761 ], [ -73.81562, 40.88765 ], [ -73.81567, 40.88768 ], [ -73.81568, 40.88767 ], [ -73.81568, 40.88767 ], [ -73.81574, 40.8877 ] ] ], [ [ [ -73.8184, 40.87493 ], [ -73.81843, 40.87401 ], [ -73.81849, 40.87317 ], [ -73.81849, 40.87317 ], [ -73.8185, 40.87305 ], [ -73.81838, 40.87306 ], [ -73.81826, 40.87305 ], [ -73.81815, 40.87304 ], [ -73.81803, 40.87302 ], [ -73.81792, 40.873 ], [ -73.81781, 40.87297 ], [ -73.8177, 40.87294 ], [ -73.8176, 40.87289 ], [ -73.8175, 40.87285 ], [ -73.81742, 40.8729 ], [ -73.81765, 40.87321 ], [ -73.81765, 40.87321 ], [ -73.81775, 40.87337 ], [ -73.81785, 40.87354 ], [ -73.81794, 40.87371 ], [ -73.81802, 40.87388 ], [ -73.8181, 40.87405 ], [ -73.81809, 40.87403 ], [ -73.81815, 40.87418 ], [ -73.81821, 40.87432 ], [ -73.81826, 40.87447 ], [ -73.81831, 40.87462 ], [ -73.81835, 40.87477 ], [ -73.81834, 40.87477 ], [ -73.81838, 40.87493 ], [ -73.8184, 40.87493 ] ] ], [ [ [ -73.82662, 40.85588 ], [ -73.82661, 40.85599 ], [ -73.8266, 40.85606 ], [ -73.82664, 40.8564 ], [ -73.82707, 40.85635 ], [ -73.82717, 40.85633 ], [ -73.82725, 40.85632 ], [ -73.82735, 40.85629 ], [ -73.82744, 40.85626 ], [ -73.8275, 40.85623 ], [ -73.82756, 40.8562 ], [ -73.82761, 40.85616 ], [ -73.82765, 40.85612 ], [ -73.82769, 40.85607 ], [ -73.82771, 40.85602 ], [ -73.82773, 40.85597 ], [ -73.82774, 40.85591 ], [ -73.82774, 40.85586 ], [ -73.82773, 40.8558 ], [ -73.82771, 40.85575 ], [ -73.82768, 40.8557 ], [ -73.82764, 40.85566 ], [ -73.8276, 40.85561 ], [ -73.82755, 40.85558 ], [ -73.82749, 40.85554 ], [ -73.82743, 40.85552 ], [ -73.82736, 40.8555 ], [ -73.82729, 40.85549 ], [ -73.82722, 40.85548 ], [ -73.82715, 40.85548 ], [ -73.82708, 40.85549 ], [ -73.82701, 40.8555 ], [ -73.82695, 40.85552 ], [ -73.82689, 40.85555 ], [ -73.82683, 40.85559 ], [ -73.82678, 40.85562 ], [ -73.82674, 40.85567 ], [ -73.8267, 40.85571 ], [ -73.82668, 40.85576 ], [ -73.82668, 40.85576 ], [ -73.82662, 40.85588 ] ] ], [ [ [ -73.8194, 40.87168 ], [ -73.81934, 40.87168 ], [ -73.81928, 40.8717 ], [ -73.81923, 40.87172 ], [ -73.81918, 40.87174 ], [ -73.81914, 40.87177 ], [ -73.8191, 40.87181 ], [ -73.81907, 40.87185 ], [ -73.81905, 40.87189 ], [ -73.81903, 40.87193 ], [ -73.81881, 40.87286 ], [ -73.81891, 40.87284 ], [ -73.81902, 40.87281 ], [ -73.81911, 40.87278 ], [ -73.81921, 40.87274 ], [ -73.8193, 40.87269 ], [ -73.81939, 40.87264 ], [ -73.81946, 40.87259 ], [ -73.81954, 40.87253 ], [ -73.81961, 40.87246 ], [ -73.81966, 40.8724 ], [ -73.81972, 40.87232 ], [ -73.81976, 40.87225 ], [ -73.8198, 40.87217 ], [ -73.81982, 40.87209 ], [ -73.81984, 40.87201 ], [ -73.81984, 40.87197 ], [ -73.81984, 40.87192 ], [ -73.81982, 40.87188 ], [ -73.8198, 40.87184 ], [ -73.81976, 40.8718 ], [ -73.81972, 40.87176 ], [ -73.81968, 40.87173 ], [ -73.81963, 40.87171 ], [ -73.81957, 40.87169 ], [ -73.81952, 40.87168 ], [ -73.81946, 40.87167 ], [ -73.8194, 40.87168 ] ] ], [ [ [ -73.82671, 40.85686 ], [ -73.82673, 40.85694 ], [ -73.82674, 40.85702 ], [ -73.82677, 40.8571 ], [ -73.8268, 40.85718 ], [ -73.82683, 40.85725 ], [ -73.82683, 40.85725 ], [ -73.82684, 40.85728 ], [ -73.82685, 40.85728 ], [ -73.82688, 40.85732 ], [ -73.82693, 40.85736 ], [ -73.82698, 40.85739 ], [ -73.82703, 40.85742 ], [ -73.82709, 40.85745 ], [ -73.82715, 40.85747 ], [ -73.82722, 40.85748 ], [ -73.82729, 40.85748 ], [ -73.82735, 40.85748 ], [ -73.82742, 40.85747 ], [ -73.82749, 40.85745 ], [ -73.82755, 40.85743 ], [ -73.8276, 40.8574 ], [ -73.82766, 40.85737 ], [ -73.8277, 40.85733 ], [ -73.82774, 40.85729 ], [ -73.82777, 40.85725 ], [ -73.82779, 40.8572 ], [ -73.82781, 40.85715 ], [ -73.82781, 40.8571 ], [ -73.82781, 40.85705 ], [ -73.8278, 40.85699 ], [ -73.82778, 40.85695 ], [ -73.82775, 40.8569 ], [ -73.82771, 40.85686 ], [ -73.82767, 40.85682 ], [ -73.82762, 40.85678 ], [ -73.82755, 40.85675 ], [ -73.82748, 40.85672 ], [ -73.8274, 40.8567 ], [ -73.82732, 40.85668 ], [ -73.82724, 40.85667 ], [ -73.82716, 40.85667 ], [ -73.82707, 40.85667 ], [ -73.82708, 40.85667 ], [ -73.8267, 40.8567 ], [ -73.82669, 40.8567 ], [ -73.8267, 40.85678 ], [ -73.82671, 40.85686 ] ] ], [ [ [ -73.81137, 40.86865 ], [ -73.81142, 40.86868 ], [ -73.81147, 40.86871 ], [ -73.81151, 40.86876 ], [ -73.81155, 40.8688 ], [ -73.81157, 40.86884 ], [ -73.8116, 40.86889 ], [ -73.8116, 40.8689 ], [ -73.8116, 40.8689 ], [ -73.8116, 40.8689 ], [ -73.8116, 40.8689 ], [ -73.81161, 40.86891 ], [ -73.81161, 40.86891 ], [ -73.81161, 40.86891 ], [ -73.81162, 40.86891 ], [ -73.81162, 40.86891 ], [ -73.81162, 40.86891 ], [ -73.81163, 40.86891 ], [ -73.81163, 40.86891 ], [ -73.81163, 40.86891 ], [ -73.81164, 40.8689 ], [ -73.81164, 40.8689 ], [ -73.81164, 40.8689 ], [ -73.81177, 40.86862 ], [ -73.8122, 40.86782 ], [ -73.81278, 40.86677 ], [ -73.81315, 40.86611 ], [ -73.81315, 40.86611 ], [ -73.81315, 40.8661 ], [ -73.81315, 40.8661 ], [ -73.81314, 40.8661 ], [ -73.81314, 40.8661 ], [ -73.81314, 40.8661 ], [ -73.81313, 40.8661 ], [ -73.81313, 40.8661 ], [ -73.81312, 40.8661 ], [ -73.81312, 40.8661 ], [ -73.81312, 40.8661 ], [ -73.81309, 40.8661 ], [ -73.81306, 40.8661 ], [ -73.81303, 40.86609 ], [ -73.813, 40.86608 ], [ -73.81298, 40.86607 ], [ -73.81296, 40.86605 ], [ -73.81296, 40.86605 ], [ -73.81295, 40.86605 ], [ -73.81295, 40.86604 ], [ -73.81294, 40.86604 ], [ -73.81293, 40.86604 ], [ -73.81293, 40.86604 ], [ -73.81292, 40.86603 ], [ -73.81291, 40.86603 ], [ -73.81243, 40.86696 ], [ -73.81189, 40.86807 ], [ -73.81183, 40.86816 ], [ -73.81178, 40.86825 ], [ -73.81171, 40.86834 ], [ -73.81166, 40.86839 ], [ -73.81161, 40.86843 ], [ -73.81155, 40.86847 ], [ -73.81148, 40.86851 ], [ -73.81141, 40.86854 ], [ -73.81133, 40.86856 ], [ -73.81125, 40.86858 ], [ -73.81125, 40.86858 ], [ -73.81125, 40.86858 ], [ -73.81124, 40.86858 ], [ -73.81124, 40.86858 ], [ -73.81124, 40.86858 ], [ -73.81124, 40.86858 ], [ -73.81124, 40.86858 ], [ -73.81124, 40.86858 ], [ -73.81124, 40.86858 ], [ -73.81123, 40.86858 ], [ -73.81123, 40.86859 ], [ -73.81123, 40.86859 ], [ -73.81123, 40.86859 ], [ -73.81123, 40.86859 ], [ -73.81124, 40.86859 ], [ -73.81124, 40.86859 ], [ -73.81124, 40.86859 ], [ -73.81124, 40.86859 ], [ -73.81124, 40.86859 ], [ -73.81124, 40.8686 ], [ -73.81124, 40.8686 ], [ -73.81125, 40.8686 ], [ -73.81125, 40.8686 ], [ -73.81131, 40.86862 ], [ -73.81137, 40.86865 ] ] ], [ [ [ -73.81893, 40.86526 ], [ -73.81886, 40.86528 ], [ -73.81879, 40.8653 ], [ -73.81877, 40.86532 ], [ -73.81875, 40.86533 ], [ -73.81848, 40.86559 ], [ -73.81846, 40.86561 ], [ -73.81844, 40.86562 ], [ -73.81842, 40.86563 ], [ -73.81835, 40.86567 ], [ -73.81825, 40.86571 ], [ -73.81817, 40.86576 ], [ -73.81811, 40.86583 ], [ -73.81808, 40.86589 ], [ -73.81807, 40.8659 ], [ -73.81807, 40.86591 ], [ -73.81808, 40.86592 ], [ -73.81808, 40.86593 ], [ -73.81809, 40.86594 ], [ -73.81809, 40.86594 ], [ -73.81809, 40.86594 ], [ -73.8181, 40.86595 ], [ -73.8181, 40.86595 ], [ -73.8181, 40.86595 ], [ -73.8181, 40.86595 ], [ -73.81811, 40.86596 ], [ -73.81811, 40.86596 ], [ -73.81824, 40.86598 ], [ -73.81825, 40.86599 ], [ -73.81825, 40.86599 ], [ -73.81826, 40.86599 ], [ -73.81831, 40.86603 ], [ -73.81832, 40.86603 ], [ -73.81841, 40.86614 ], [ -73.81841, 40.86614 ], [ -73.81841, 40.86614 ], [ -73.81841, 40.86614 ], [ -73.81842, 40.86614 ], [ -73.81856, 40.86618 ], [ -73.81856, 40.86618 ], [ -73.81856, 40.86618 ], [ -73.81856, 40.86618 ], [ -73.81857, 40.86618 ], [ -73.81857, 40.86618 ], [ -73.81858, 40.86618 ], [ -73.81858, 40.86618 ], [ -73.81858, 40.86618 ], [ -73.81859, 40.86618 ], [ -73.81859, 40.86618 ], [ -73.8186, 40.86618 ], [ -73.81861, 40.86618 ], [ -73.81862, 40.86617 ], [ -73.81865, 40.86616 ], [ -73.81886, 40.86603 ], [ -73.81891, 40.86601 ], [ -73.81892, 40.866 ], [ -73.81894, 40.86599 ], [ -73.81894, 40.86599 ], [ -73.81895, 40.86599 ], [ -73.81895, 40.86598 ], [ -73.81897, 40.86597 ], [ -73.81897, 40.86595 ], [ -73.81898, 40.86593 ], [ -73.819, 40.86586 ], [ -73.819, 40.86586 ], [ -73.819, 40.86586 ], [ -73.819, 40.86586 ], [ -73.819, 40.86586 ], [ -73.819, 40.86586 ], [ -73.81907, 40.86571 ], [ -73.81915, 40.86562 ], [ -73.81916, 40.86561 ], [ -73.81916, 40.86561 ], [ -73.81916, 40.86561 ], [ -73.81917, 40.8656 ], [ -73.81917, 40.86559 ], [ -73.81917, 40.86558 ], [ -73.81917, 40.86557 ], [ -73.81917, 40.86556 ], [ -73.81917, 40.86555 ], [ -73.81917, 40.86546 ], [ -73.81916, 40.86537 ], [ -73.81916, 40.86535 ], [ -73.81915, 40.86533 ], [ -73.81914, 40.86531 ], [ -73.81912, 40.8653 ], [ -73.8191, 40.86528 ], [ -73.81908, 40.86527 ], [ -73.81904, 40.86526 ], [ -73.819, 40.86525 ], [ -73.81896, 40.86525 ], [ -73.81893, 40.86526 ] ] ], [ [ [ -73.8196, 40.85816 ], [ -73.81939, 40.85828 ], [ -73.81923, 40.85838 ], [ -73.81904, 40.8585 ], [ -73.81886, 40.85863 ], [ -73.81869, 40.85875 ], [ -73.81862, 40.85881 ], [ -73.81861, 40.85882 ], [ -73.81861, 40.85882 ], [ -73.81862, 40.85882 ], [ -73.81862, 40.85883 ], [ -73.81863, 40.85883 ], [ -73.81864, 40.85883 ], [ -73.81865, 40.85883 ], [ -73.81893, 40.85867 ], [ -73.81911, 40.85857 ], [ -73.81932, 40.85847 ], [ -73.81966, 40.8583 ], [ -73.8199, 40.85818 ], [ -73.82013, 40.85808 ], [ -73.82041, 40.85796 ], [ -73.82045, 40.85795 ], [ -73.82044, 40.85795 ], [ -73.82067, 40.85786 ], [ -73.82083, 40.85779 ], [ -73.82107, 40.8577 ], [ -73.82127, 40.85763 ], [ -73.82149, 40.85756 ], [ -73.82164, 40.85751 ], [ -73.82154, 40.85743 ], [ -73.82145, 40.85736 ], [ -73.82131, 40.8574 ], [ -73.82103, 40.8575 ], [ -73.82082, 40.85758 ], [ -73.82062, 40.85767 ], [ -73.82039, 40.85776 ], [ -73.82024, 40.85783 ], [ -73.82, 40.85795 ], [ -73.81987, 40.85801 ], [ -73.81973, 40.85809 ], [ -73.81973, 40.85809 ], [ -73.8196, 40.85816 ] ] ], [ [ [ -73.81944, 40.85811 ], [ -73.81944, 40.85811 ], [ -73.81949, 40.85814 ], [ -73.8197, 40.85803 ], [ -73.8197, 40.85803 ], [ -73.8199, 40.85793 ], [ -73.82012, 40.85782 ], [ -73.82034, 40.85772 ], [ -73.82058, 40.85761 ], [ -73.82086, 40.8575 ], [ -73.82113, 40.8574 ], [ -73.82139, 40.85731 ], [ -73.82096, 40.85695 ], [ -73.82085, 40.85703 ], [ -73.82085, 40.85704 ], [ -73.82085, 40.85704 ], [ -73.81966, 40.85797 ], [ -73.81944, 40.85811 ] ] ], [ [ [ -73.82794, 40.85691 ], [ -73.82796, 40.857 ], [ -73.82796, 40.85709 ], [ -73.82796, 40.85714 ], [ -73.82795, 40.85719 ], [ -73.82792, 40.85724 ], [ -73.8279, 40.85729 ], [ -73.82786, 40.85733 ], [ -73.82788, 40.85735 ], [ -73.82808, 40.8572 ], [ -73.82858, 40.85684 ], [ -73.82889, 40.85662 ], [ -73.82897, 40.85658 ], [ -73.82896, 40.85656 ], [ -73.82896, 40.85656 ], [ -73.82896, 40.85655 ], [ -73.82888, 40.85643 ], [ -73.82787, 40.85654 ], [ -73.82794, 40.85691 ] ] ], [ [ [ -73.81955, 40.87161 ], [ -73.81962, 40.87162 ], [ -73.81969, 40.87164 ], [ -73.8197, 40.87165 ], [ -73.81975, 40.87167 ], [ -73.81979, 40.8717 ], [ -73.81983, 40.87174 ], [ -73.81987, 40.87177 ], [ -73.8199, 40.87181 ], [ -73.81992, 40.87186 ], [ -73.81993, 40.8719 ], [ -73.81994, 40.87195 ], [ -73.81996, 40.87195 ], [ -73.81997, 40.87186 ], [ -73.81997, 40.87177 ], [ -73.81997, 40.87168 ], [ -73.81996, 40.87159 ], [ -73.81995, 40.87156 ], [ -73.81991, 40.87145 ], [ -73.81991, 40.87145 ], [ -73.81974, 40.87113 ], [ -73.8197, 40.87107 ], [ -73.81967, 40.871 ], [ -73.81964, 40.87092 ], [ -73.81963, 40.87085 ], [ -73.81962, 40.87077 ], [ -73.81962, 40.87078 ], [ -73.81962, 40.87071 ], [ -73.81963, 40.87064 ], [ -73.81964, 40.87058 ], [ -73.81966, 40.87051 ], [ -73.81966, 40.87051 ], [ -73.81957, 40.87064 ], [ -73.8195, 40.87076 ], [ -73.81937, 40.87099 ], [ -73.81937, 40.87099 ], [ -73.81937, 40.87099 ], [ -73.81931, 40.87109 ], [ -73.81929, 40.87113 ], [ -73.81924, 40.87123 ], [ -73.8192, 40.87133 ], [ -73.81917, 40.87144 ], [ -73.81915, 40.87155 ], [ -73.81913, 40.87165 ], [ -73.81913, 40.87165 ], [ -73.8192, 40.87163 ], [ -73.81927, 40.87161 ], [ -73.81934, 40.8716 ], [ -73.81941, 40.8716 ], [ -73.81948, 40.8716 ], [ -73.81955, 40.87161 ] ] ], [ [ [ -73.82168, 40.85729 ], [ -73.82165, 40.85732 ], [ -73.82165, 40.85735 ], [ -73.82168, 40.85737 ], [ -73.82171, 40.85738 ], [ -73.82176, 40.85739 ], [ -73.82181, 40.85739 ], [ -73.82187, 40.85739 ], [ -73.82201, 40.85736 ], [ -73.82247, 40.85723 ], [ -73.82247, 40.85724 ], [ -73.82283, 40.85714 ], [ -73.82312, 40.85708 ], [ -73.82346, 40.85701 ], [ -73.82369, 40.85696 ], [ -73.82412, 40.85689 ], [ -73.82431, 40.85686 ], [ -73.82439, 40.85685 ], [ -73.82439, 40.85685 ], [ -73.82582, 40.85668 ], [ -73.82581, 40.85664 ], [ -73.82503, 40.85672 ], [ -73.82464, 40.85677 ], [ -73.8245, 40.85678 ], [ -73.82441, 40.85679 ], [ -73.82431, 40.85681 ], [ -73.82408, 40.85683 ], [ -73.8239, 40.85685 ], [ -73.82368, 40.85688 ], [ -73.82347, 40.8569 ], [ -73.82334, 40.85692 ], [ -73.82322, 40.85694 ], [ -73.82314, 40.85695 ], [ -73.82303, 40.85697 ], [ -73.82264, 40.85704 ], [ -73.8225, 40.85708 ], [ -73.8225, 40.85708 ], [ -73.82185, 40.85723 ], [ -73.82168, 40.85729 ] ] ], [ [ [ -73.81374, 40.86473 ], [ -73.81372, 40.86473 ], [ -73.8137, 40.86474 ], [ -73.81368, 40.86475 ], [ -73.81367, 40.86476 ], [ -73.81365, 40.86477 ], [ -73.81351, 40.86497 ], [ -73.81338, 40.86514 ], [ -73.81337, 40.86515 ], [ -73.81335, 40.8652 ], [ -73.81306, 40.86571 ], [ -73.81297, 40.86588 ], [ -73.81296, 40.8659 ], [ -73.81296, 40.86592 ], [ -73.81296, 40.86594 ], [ -73.81296, 40.86594 ], [ -73.81297, 40.86596 ], [ -73.81298, 40.86598 ], [ -73.81299, 40.86599 ], [ -73.81301, 40.866 ], [ -73.81303, 40.86602 ], [ -73.81306, 40.86602 ], [ -73.81308, 40.86603 ], [ -73.81311, 40.86603 ], [ -73.81313, 40.86603 ], [ -73.81316, 40.86602 ], [ -73.81318, 40.86602 ], [ -73.8132, 40.866 ], [ -73.81322, 40.86599 ], [ -73.8135, 40.86551 ], [ -73.81387, 40.86482 ], [ -73.81387, 40.86481 ], [ -73.81387, 40.8648 ], [ -73.81387, 40.86479 ], [ -73.81386, 40.86478 ], [ -73.81385, 40.86476 ], [ -73.81383, 40.86475 ], [ -73.81381, 40.86474 ], [ -73.81381, 40.86474 ], [ -73.8138, 40.86474 ], [ -73.81378, 40.86473 ], [ -73.81376, 40.86473 ], [ -73.81374, 40.86473 ] ] ], [ [ [ -73.78072, 40.85496 ], [ -73.78065, 40.85504 ], [ -73.78067, 40.85508 ], [ -73.78072, 40.8551 ], [ -73.78067, 40.85515 ], [ -73.7807, 40.85528 ], [ -73.78071, 40.85532 ], [ -73.78083, 40.85549 ], [ -73.7809, 40.85553 ], [ -73.78116, 40.85547 ], [ -73.78124, 40.85539 ], [ -73.78124, 40.85533 ], [ -73.78129, 40.85523 ], [ -73.78126, 40.85521 ], [ -73.78127, 40.85515 ], [ -73.78121, 40.85511 ], [ -73.78122, 40.85509 ], [ -73.78118, 40.85504 ], [ -73.78111, 40.855 ], [ -73.781, 40.85487 ], [ -73.78077, 40.85484 ], [ -73.78074, 40.85489 ], [ -73.78072, 40.85488 ], [ -73.78069, 40.85493 ], [ -73.78072, 40.85496 ] ] ], [ [ [ -73.82693, 40.85803 ], [ -73.82703, 40.8583 ], [ -73.82704, 40.8583 ], [ -73.82705, 40.85822 ], [ -73.82707, 40.85814 ], [ -73.8271, 40.85807 ], [ -73.82714, 40.85799 ], [ -73.82718, 40.85792 ], [ -73.82724, 40.85785 ], [ -73.8273, 40.85778 ], [ -73.82737, 40.85772 ], [ -73.82744, 40.85766 ], [ -73.82763, 40.85754 ], [ -73.8276, 40.85752 ], [ -73.82753, 40.85754 ], [ -73.82746, 40.85755 ], [ -73.82739, 40.85756 ], [ -73.82731, 40.85757 ], [ -73.82724, 40.85756 ], [ -73.82717, 40.85756 ], [ -73.8271, 40.85754 ], [ -73.8271, 40.85754 ], [ -73.82707, 40.85753 ], [ -73.82702, 40.85751 ], [ -73.82702, 40.85751 ], [ -73.82696, 40.85748 ], [ -73.82691, 40.85745 ], [ -73.82686, 40.85741 ], [ -73.82682, 40.85737 ], [ -73.82678, 40.85733 ], [ -73.82679, 40.85735 ], [ -73.82684, 40.8576 ], [ -73.82693, 40.85803 ] ] ], [ [ [ -73.81738, 40.87269 ], [ -73.81748, 40.87275 ], [ -73.81759, 40.87281 ], [ -73.81767, 40.87285 ], [ -73.81778, 40.87289 ], [ -73.81789, 40.87292 ], [ -73.818, 40.87295 ], [ -73.81812, 40.87297 ], [ -73.81814, 40.87297 ], [ -73.81814, 40.87295 ], [ -73.81804, 40.87294 ], [ -73.81795, 40.87291 ], [ -73.81786, 40.87289 ], [ -73.81786, 40.87289 ], [ -73.81786, 40.87289 ], [ -73.81786, 40.87289 ], [ -73.81776, 40.87285 ], [ -73.81767, 40.87281 ], [ -73.81758, 40.87276 ], [ -73.81749, 40.8727 ], [ -73.81741, 40.87264 ], [ -73.8174, 40.87263 ], [ -73.81725, 40.87251 ], [ -73.81722, 40.87248 ], [ -73.81716, 40.87243 ], [ -73.81697, 40.87225 ], [ -73.81626, 40.87162 ], [ -73.81625, 40.87162 ], [ -73.81624, 40.87162 ], [ -73.81623, 40.87162 ], [ -73.81622, 40.87162 ], [ -73.81621, 40.87162 ], [ -73.8162, 40.87162 ], [ -73.81619, 40.87163 ], [ -73.81619, 40.87163 ], [ -73.81618, 40.87164 ], [ -73.81618, 40.87164 ], [ -73.81617, 40.87165 ], [ -73.81617, 40.87166 ], [ -73.81617, 40.87167 ], [ -73.81622, 40.87171 ], [ -73.81719, 40.87256 ], [ -73.8172, 40.87256 ], [ -73.81729, 40.87263 ], [ -73.81738, 40.87269 ] ] ], [ [ [ -73.81494, 40.8709 ], [ -73.8151, 40.87099 ], [ -73.81524, 40.87107 ], [ -73.81544, 40.87118 ], [ -73.81564, 40.8713 ], [ -73.81587, 40.87146 ], [ -73.81588, 40.87147 ], [ -73.81611, 40.87162 ], [ -73.81618, 40.87156 ], [ -73.81533, 40.87103 ], [ -73.81515, 40.87093 ], [ -73.81496, 40.87084 ], [ -73.81477, 40.87075 ], [ -73.81458, 40.87067 ], [ -73.81458, 40.87067 ], [ -73.81423, 40.87053 ], [ -73.81422, 40.87055 ], [ -73.81435, 40.87061 ], [ -73.81448, 40.87067 ], [ -73.81461, 40.87073 ], [ -73.81461, 40.87073 ], [ -73.81483, 40.87084 ], [ -73.81494, 40.8709 ] ] ], [ [ [ -73.82496, 40.85436 ], [ -73.82482, 40.85445 ], [ -73.82463, 40.85456 ], [ -73.82442, 40.85466 ], [ -73.82424, 40.85472 ], [ -73.82427, 40.85476 ], [ -73.82434, 40.85474 ], [ -73.82466, 40.85463 ], [ -73.82506, 40.85448 ], [ -73.82513, 40.85446 ], [ -73.82503, 40.8543 ], [ -73.82496, 40.85436 ] ] ], [ [ [ -73.82189, 40.85714 ], [ -73.82188, 40.85713 ], [ -73.82179, 40.85713 ], [ -73.82166, 40.85712 ], [ -73.82151, 40.8571 ], [ -73.8214, 40.85708 ], [ -73.82129, 40.85705 ], [ -73.82118, 40.85701 ], [ -73.82114, 40.85699 ], [ -73.82149, 40.85727 ], [ -73.82189, 40.85714 ] ] ], [ [ [ -73.81106, 40.86977 ], [ -73.81096, 40.86978 ], [ -73.81085, 40.86979 ], [ -73.81077, 40.8698 ], [ -73.81077, 40.8698 ], [ -73.81077, 40.8698 ], [ -73.81078, 40.86981 ], [ -73.81078, 40.86981 ], [ -73.81078, 40.86981 ], [ -73.81079, 40.86982 ], [ -73.81079, 40.86982 ], [ -73.81079, 40.86983 ], [ -73.8108, 40.86983 ], [ -73.8108, 40.86983 ], [ -73.8108, 40.86984 ], [ -73.81081, 40.86984 ], [ -73.81081, 40.86985 ], [ -73.81081, 40.86985 ], [ -73.81082, 40.86985 ], [ -73.81082, 40.86986 ], [ -73.81082, 40.86986 ], [ -73.81083, 40.86987 ], [ -73.81083, 40.86987 ], [ -73.81083, 40.86987 ], [ -73.81083, 40.86988 ], [ -73.81084, 40.86988 ], [ -73.81084, 40.86989 ], [ -73.81084, 40.86989 ], [ -73.81085, 40.8699 ], [ -73.81085, 40.8699 ], [ -73.81085, 40.8699 ], [ -73.81085, 40.86991 ], [ -73.81086, 40.86991 ], [ -73.81086, 40.86992 ], [ -73.81086, 40.86992 ], [ -73.81086, 40.86992 ], [ -73.81087, 40.86993 ], [ -73.81087, 40.86993 ], [ -73.81087, 40.86994 ], [ -73.81087, 40.86994 ], [ -73.81087, 40.86995 ], [ -73.81088, 40.86995 ], [ -73.81088, 40.86996 ], [ -73.81088, 40.86996 ], [ -73.81088, 40.86996 ], [ -73.81088, 40.86997 ], [ -73.81089, 40.86997 ], [ -73.81089, 40.86998 ], [ -73.81089, 40.86998 ], [ -73.81089, 40.86999 ], [ -73.81089, 40.86999 ], [ -73.8109, 40.87 ], [ -73.8109, 40.87 ], [ -73.8109, 40.87 ], [ -73.8109, 40.87001 ], [ -73.8109, 40.87001 ], [ -73.8109, 40.87002 ], [ -73.8109, 40.87002 ], [ -73.81091, 40.87003 ], [ -73.81091, 40.87003 ], [ -73.81091, 40.87004 ], [ -73.81091, 40.87004 ], [ -73.81091, 40.87004 ], [ -73.81091, 40.87005 ], [ -73.81091, 40.87005 ], [ -73.81091, 40.87006 ], [ -73.81091, 40.87006 ], [ -73.81092, 40.87007 ], [ -73.81092, 40.87007 ], [ -73.81092, 40.87008 ], [ -73.81092, 40.87008 ], [ -73.81092, 40.87009 ], [ -73.81092, 40.87009 ], [ -73.81092, 40.8701 ], [ -73.81092, 40.8701 ], [ -73.81092, 40.8701 ], [ -73.81116, 40.86974 ], [ -73.81106, 40.86977 ] ] ], [ [ [ -73.82778, 40.85656 ], [ -73.8277, 40.85656 ], [ -73.82762, 40.85657 ], [ -73.82754, 40.85659 ], [ -73.82754, 40.85659 ], [ -73.82751, 40.85659 ], [ -73.82751, 40.85659 ], [ -73.82745, 40.85661 ], [ -73.82739, 40.85662 ], [ -73.82746, 40.85664 ], [ -73.82753, 40.85666 ], [ -73.82759, 40.85668 ], [ -73.82765, 40.85671 ], [ -73.8277, 40.85674 ], [ -73.82775, 40.85677 ], [ -73.82779, 40.85681 ], [ -73.82783, 40.85685 ], [ -73.82784, 40.85685 ], [ -73.82778, 40.85656 ] ] ], [ [ [ -73.81416, 40.86424 ], [ -73.81416, 40.86424 ], [ -73.81415, 40.86425 ], [ -73.81415, 40.86425 ], [ -73.81397, 40.86441 ], [ -73.81387, 40.86452 ], [ -73.81386, 40.86453 ], [ -73.81386, 40.86453 ], [ -73.81386, 40.86454 ], [ -73.81385, 40.86454 ], [ -73.81385, 40.86455 ], [ -73.81385, 40.86455 ], [ -73.81386, 40.86455 ], [ -73.81386, 40.86456 ], [ -73.81386, 40.86456 ], [ -73.81387, 40.86457 ], [ -73.81389, 40.86458 ], [ -73.81392, 40.86459 ], [ -73.81395, 40.8646 ], [ -73.81395, 40.8646 ], [ -73.81396, 40.8646 ], [ -73.81396, 40.8646 ], [ -73.81397, 40.8646 ], [ -73.81397, 40.8646 ], [ -73.81398, 40.8646 ], [ -73.81399, 40.8646 ], [ -73.81399, 40.86459 ], [ -73.81399, 40.86459 ], [ -73.814, 40.86459 ], [ -73.814, 40.86458 ], [ -73.81419, 40.86427 ], [ -73.81419, 40.86427 ], [ -73.81419, 40.86426 ], [ -73.81419, 40.86426 ], [ -73.81419, 40.86426 ], [ -73.81419, 40.86425 ], [ -73.81419, 40.86425 ], [ -73.81419, 40.86425 ], [ -73.81418, 40.86425 ], [ -73.81418, 40.86424 ], [ -73.81417, 40.86424 ], [ -73.81417, 40.86424 ], [ -73.81417, 40.86424 ], [ -73.81416, 40.86424 ] ] ], [ [ [ -73.80125, 40.85978 ], [ -73.80125, 40.85978 ], [ -73.80125, 40.85978 ], [ -73.80125, 40.85978 ], [ -73.80125, 40.85978 ], [ -73.80125, 40.85978 ], [ -73.80125, 40.85978 ], [ -73.80125, 40.85978 ], [ -73.80124, 40.85978 ], [ -73.80124, 40.85978 ], [ -73.80124, 40.85978 ], [ -73.80124, 40.85978 ], [ -73.80124, 40.85978 ], [ -73.80124, 40.85978 ], [ -73.80124, 40.85978 ], [ -73.80124, 40.85978 ], [ -73.80123, 40.85978 ], [ -73.80123, 40.85978 ], [ -73.80123, 40.85978 ], [ -73.80123, 40.85978 ], [ -73.80123, 40.85979 ], [ -73.80123, 40.85979 ], [ -73.80123, 40.85979 ], [ -73.80123, 40.85979 ], [ -73.80123, 40.85979 ], [ -73.80123, 40.85979 ], [ -73.80123, 40.85979 ], [ -73.80122, 40.85979 ], [ -73.80122, 40.85979 ], [ -73.80122, 40.85979 ], [ -73.80122, 40.85979 ], [ -73.80122, 40.85979 ], [ -73.80122, 40.85979 ], [ -73.80122, 40.8598 ], [ -73.80122, 40.8598 ], [ -73.80122, 40.8598 ], [ -73.80122, 40.8598 ], [ -73.80122, 40.8598 ], [ -73.80122, 40.8598 ], [ -73.80122, 40.8598 ], [ -73.80122, 40.8598 ], [ -73.80122, 40.8598 ], [ -73.80122, 40.8598 ], [ -73.80122, 40.85981 ], [ -73.80122, 40.85981 ], [ -73.80122, 40.85981 ], [ -73.80122, 40.85981 ], [ -73.80122, 40.85981 ], [ -73.80122, 40.85981 ], [ -73.80122, 40.85981 ], [ -73.80122, 40.85981 ], [ -73.80122, 40.85981 ], [ -73.80122, 40.85981 ], [ -73.80122, 40.85982 ], [ -73.80122, 40.85982 ], [ -73.80122, 40.85982 ], [ -73.80122, 40.85982 ], [ -73.80122, 40.85982 ], [ -73.80122, 40.85982 ], [ -73.80122, 40.85982 ], [ -73.80123, 40.85982 ], [ -73.80123, 40.85982 ], [ -73.80123, 40.85982 ], [ -73.80123, 40.85982 ], [ -73.80123, 40.85983 ], [ -73.80123, 40.85984 ], [ -73.80124, 40.85984 ], [ -73.80124, 40.85985 ], [ -73.80124, 40.85985 ], [ -73.80125, 40.85986 ], [ -73.80125, 40.85987 ], [ -73.80125, 40.85987 ], [ -73.80126, 40.85988 ], [ -73.80126, 40.85988 ], [ -73.80126, 40.85989 ], [ -73.80126, 40.8599 ], [ -73.80127, 40.8599 ], [ -73.80127, 40.85991 ], [ -73.80127, 40.85991 ], [ -73.80127, 40.85992 ], [ -73.80128, 40.85993 ], [ -73.80128, 40.85993 ], [ -73.80128, 40.85994 ], [ -73.80128, 40.85994 ], [ -73.80129, 40.85995 ], [ -73.80129, 40.85996 ], [ -73.80129, 40.85996 ], [ -73.80129, 40.85997 ], [ -73.8013, 40.85997 ], [ -73.8013, 40.85998 ], [ -73.8013, 40.85999 ], [ -73.8013, 40.85999 ], [ -73.8013, 40.86 ], [ -73.80131, 40.86 ], [ -73.80131, 40.86001 ], [ -73.80131, 40.86001 ], [ -73.80131, 40.86001 ], [ -73.80131, 40.86001 ], [ -73.80131, 40.86001 ], [ -73.80131, 40.86002 ], [ -73.80131, 40.86002 ], [ -73.80131, 40.86002 ], [ -73.80131, 40.86002 ], [ -73.80131, 40.86002 ], [ -73.80131, 40.86002 ], [ -73.80131, 40.86002 ], [ -73.80131, 40.86002 ], [ -73.80131, 40.86002 ], [ -73.80131, 40.86002 ], [ -73.80131, 40.86002 ], [ -73.80131, 40.86002 ], [ -73.80131, 40.86003 ], [ -73.80132, 40.86003 ], [ -73.80132, 40.86003 ], [ -73.80132, 40.86003 ], [ -73.80132, 40.86003 ], [ -73.80132, 40.86003 ], [ -73.80132, 40.86003 ], [ -73.80132, 40.86003 ], [ -73.80132, 40.86003 ], [ -73.80132, 40.86003 ], [ -73.80132, 40.86003 ], [ -73.80133, 40.86003 ], [ -73.80133, 40.86003 ], [ -73.80133, 40.86003 ], [ -73.80133, 40.86003 ], [ -73.80133, 40.86003 ], [ -73.80133, 40.86003 ], [ -73.80133, 40.86003 ], [ -73.80133, 40.86003 ], [ -73.80133, 40.86003 ], [ -73.80134, 40.86003 ], [ -73.80134, 40.86003 ], [ -73.80134, 40.86003 ], [ -73.80134, 40.86003 ], [ -73.80134, 40.86003 ], [ -73.80134, 40.86003 ], [ -73.80134, 40.86003 ], [ -73.80134, 40.86003 ], [ -73.80135, 40.86003 ], [ -73.80135, 40.86003 ], [ -73.80135, 40.86003 ], [ -73.80135, 40.86003 ], [ -73.80135, 40.86003 ], [ -73.80135, 40.86003 ], [ -73.80135, 40.86003 ], [ -73.80135, 40.86003 ], [ -73.80135, 40.86003 ], [ -73.80136, 40.86003 ], [ -73.80136, 40.86003 ], [ -73.80136, 40.86003 ], [ -73.80136, 40.86003 ], [ -73.80136, 40.86003 ], [ -73.80136, 40.86003 ], [ -73.80136, 40.86003 ], [ -73.80136, 40.86003 ], [ -73.80136, 40.86003 ], [ -73.80136, 40.86002 ], [ -73.80136, 40.86002 ], [ -73.80137, 40.86002 ], [ -73.80137, 40.86002 ], [ -73.80137, 40.86002 ], [ -73.80137, 40.86002 ], [ -73.80137, 40.86002 ], [ -73.80137, 40.86002 ], [ -73.80137, 40.86002 ], [ -73.80137, 40.86002 ], [ -73.80137, 40.86002 ], [ -73.80137, 40.86002 ], [ -73.80138, 40.86 ], [ -73.80138, 40.85999 ], [ -73.80138, 40.85999 ], [ -73.80139, 40.85999 ], [ -73.80139, 40.85998 ], [ -73.80139, 40.85998 ], [ -73.80139, 40.85998 ], [ -73.80139, 40.85997 ], [ -73.8014, 40.85997 ], [ -73.8014, 40.85997 ], [ -73.8014, 40.85996 ], [ -73.8014, 40.85996 ], [ -73.80141, 40.85996 ], [ -73.80141, 40.85996 ], [ -73.80141, 40.85995 ], [ -73.80141, 40.85995 ], [ -73.80142, 40.85995 ], [ -73.80142, 40.85994 ], [ -73.80142, 40.85994 ], [ -73.80143, 40.85994 ], [ -73.80143, 40.85994 ], [ -73.80143, 40.85993 ], [ -73.80143, 40.85993 ], [ -73.80144, 40.85993 ], [ -73.80144, 40.85992 ], [ -73.80144, 40.85992 ], [ -73.80145, 40.85992 ], [ -73.80145, 40.85992 ], [ -73.80145, 40.85991 ], [ -73.80146, 40.85991 ], [ -73.80146, 40.85991 ], [ -73.80146, 40.85991 ], [ -73.80146, 40.8599 ], [ -73.80147, 40.8599 ], [ -73.80147, 40.8599 ], [ -73.80148, 40.8599 ], [ -73.80148, 40.85989 ], [ -73.80148, 40.85989 ], [ -73.80149, 40.85989 ], [ -73.80149, 40.85989 ], [ -73.80149, 40.85988 ], [ -73.8015, 40.85988 ], [ -73.8015, 40.85988 ], [ -73.8015, 40.85988 ], [ -73.80151, 40.85987 ], [ -73.80151, 40.85987 ], [ -73.80151, 40.85987 ], [ -73.80152, 40.85987 ], [ -73.80152, 40.85987 ], [ -73.80153, 40.85986 ], [ -73.80153, 40.85986 ], [ -73.80153, 40.85986 ], [ -73.80153, 40.85986 ], [ -73.80153, 40.85986 ], [ -73.80153, 40.85986 ], [ -73.80153, 40.85986 ], [ -73.80153, 40.85986 ], [ -73.80153, 40.85986 ], [ -73.80153, 40.85986 ], [ -73.80153, 40.85986 ], [ -73.80153, 40.85986 ], [ -73.80153, 40.85986 ], [ -73.80153, 40.85986 ], [ -73.80153, 40.85986 ], [ -73.80154, 40.85986 ], [ -73.80154, 40.85985 ], [ -73.80154, 40.85985 ], [ -73.80154, 40.85985 ], [ -73.80154, 40.85985 ], [ -73.80154, 40.85985 ], [ -73.80154, 40.85985 ], [ -73.80154, 40.85985 ], [ -73.80154, 40.85985 ], [ -73.80154, 40.85985 ], [ -73.80154, 40.85985 ], [ -73.80154, 40.85985 ], [ -73.80154, 40.85985 ], [ -73.80154, 40.85985 ], [ -73.80154, 40.85985 ], [ -73.80154, 40.85984 ], [ -73.80153, 40.85984 ], [ -73.80153, 40.85984 ], [ -73.80153, 40.85984 ], [ -73.80153, 40.85984 ], [ -73.80153, 40.85984 ], [ -73.80153, 40.85984 ], [ -73.80153, 40.85984 ], [ -73.80153, 40.85984 ], [ -73.80153, 40.85984 ], [ -73.80153, 40.85984 ], [ -73.80153, 40.85984 ], [ -73.80153, 40.85984 ], [ -73.80153, 40.85984 ], [ -73.80153, 40.85984 ], [ -73.80153, 40.85984 ], [ -73.80153, 40.85984 ], [ -73.80152, 40.85984 ], [ -73.80152, 40.85983 ], [ -73.80152, 40.85983 ], [ -73.80152, 40.85983 ], [ -73.80152, 40.85983 ], [ -73.80152, 40.85983 ], [ -73.80152, 40.85983 ], [ -73.80152, 40.85983 ], [ -73.80152, 40.85983 ], [ -73.80151, 40.85983 ], [ -73.8015, 40.85983 ], [ -73.8015, 40.85983 ], [ -73.80149, 40.85983 ], [ -73.80149, 40.85983 ], [ -73.80148, 40.85983 ], [ -73.80147, 40.85983 ], [ -73.80147, 40.85983 ], [ -73.80146, 40.85983 ], [ -73.80146, 40.85983 ], [ -73.80145, 40.85983 ], [ -73.80144, 40.85982 ], [ -73.80144, 40.85982 ], [ -73.80143, 40.85982 ], [ -73.80143, 40.85982 ], [ -73.80142, 40.85982 ], [ -73.80141, 40.85982 ], [ -73.80141, 40.85982 ], [ -73.8014, 40.85982 ], [ -73.8014, 40.85982 ], [ -73.80139, 40.85981 ], [ -73.80138, 40.85981 ], [ -73.80138, 40.85981 ], [ -73.80137, 40.85981 ], [ -73.80137, 40.85981 ], [ -73.80136, 40.85981 ], [ -73.80135, 40.85981 ], [ -73.80135, 40.8598 ], [ -73.80134, 40.8598 ], [ -73.80134, 40.8598 ], [ -73.80133, 40.8598 ], [ -73.80133, 40.8598 ], [ -73.80132, 40.8598 ], [ -73.80131, 40.85979 ], [ -73.80131, 40.85979 ], [ -73.8013, 40.85979 ], [ -73.8013, 40.85979 ], [ -73.80129, 40.85979 ], [ -73.80129, 40.85978 ], [ -73.80128, 40.85978 ], [ -73.80127, 40.85978 ], [ -73.80127, 40.85978 ], [ -73.80127, 40.85978 ], [ -73.80127, 40.85978 ], [ -73.80127, 40.85978 ], [ -73.80127, 40.85978 ], [ -73.80127, 40.85978 ], [ -73.80127, 40.85978 ], [ -73.80127, 40.85978 ], [ -73.80126, 40.85978 ], [ -73.80126, 40.85978 ], [ -73.80126, 40.85978 ], [ -73.80126, 40.85978 ], [ -73.80126, 40.85978 ], [ -73.80126, 40.85978 ], [ -73.80126, 40.85978 ], [ -73.80125, 40.85978 ] ] ], [ [ [ -73.80295, 40.86069 ], [ -73.80294, 40.8607 ], [ -73.80294, 40.8607 ], [ -73.80293, 40.8607 ], [ -73.80293, 40.86071 ], [ -73.80293, 40.86071 ], [ -73.80292, 40.86072 ], [ -73.80292, 40.86072 ], [ -73.80292, 40.86073 ], [ -73.80291, 40.86073 ], [ -73.80291, 40.86073 ], [ -73.8029, 40.86074 ], [ -73.8029, 40.86074 ], [ -73.8029, 40.86075 ], [ -73.80289, 40.86075 ], [ -73.80289, 40.86075 ], [ -73.80288, 40.86076 ], [ -73.80288, 40.86076 ], [ -73.80288, 40.86077 ], [ -73.80287, 40.86077 ], [ -73.80287, 40.86077 ], [ -73.80286, 40.86078 ], [ -73.80286, 40.86078 ], [ -73.80285, 40.86079 ], [ -73.80285, 40.86079 ], [ -73.80285, 40.86079 ], [ -73.80284, 40.8608 ], [ -73.80284, 40.8608 ], [ -73.80283, 40.8608 ], [ -73.80283, 40.86081 ], [ -73.80282, 40.86081 ], [ -73.80282, 40.86082 ], [ -73.80281, 40.86082 ], [ -73.80281, 40.86082 ], [ -73.80281, 40.86082 ], [ -73.80281, 40.86082 ], [ -73.80281, 40.86082 ], [ -73.80281, 40.86082 ], [ -73.80281, 40.86082 ], [ -73.80281, 40.86082 ], [ -73.80281, 40.86082 ], [ -73.8028, 40.86083 ], [ -73.8028, 40.86083 ], [ -73.8028, 40.86083 ], [ -73.8028, 40.86083 ], [ -73.8028, 40.86083 ], [ -73.8028, 40.86083 ], [ -73.8028, 40.86083 ], [ -73.8028, 40.86083 ], [ -73.8028, 40.86083 ], [ -73.8028, 40.86083 ], [ -73.8028, 40.86083 ], [ -73.8028, 40.86083 ], [ -73.8028, 40.86084 ], [ -73.8028, 40.86084 ], [ -73.8028, 40.86084 ], [ -73.8028, 40.86084 ], [ -73.8028, 40.86084 ], [ -73.8028, 40.86084 ], [ -73.8028, 40.86084 ], [ -73.8028, 40.86084 ], [ -73.8028, 40.86084 ], [ -73.8028, 40.86084 ], [ -73.8028, 40.86085 ], [ -73.8028, 40.86085 ], [ -73.8028, 40.86085 ], [ -73.8028, 40.86085 ], [ -73.8028, 40.86085 ], [ -73.8028, 40.86085 ], [ -73.8028, 40.86085 ], [ -73.8028, 40.86085 ], [ -73.8028, 40.86085 ], [ -73.8028, 40.86085 ], [ -73.8028, 40.86085 ], [ -73.8028, 40.86086 ], [ -73.8028, 40.86086 ], [ -73.8028, 40.86086 ], [ -73.8028, 40.86086 ], [ -73.80281, 40.86086 ], [ -73.80281, 40.86086 ], [ -73.80281, 40.86086 ], [ -73.80281, 40.86086 ], [ -73.80281, 40.86086 ], [ -73.80281, 40.86086 ], [ -73.80281, 40.86086 ], [ -73.80281, 40.86086 ], [ -73.80281, 40.86086 ], [ -73.80281, 40.86086 ], [ -73.80282, 40.86086 ], [ -73.80282, 40.86086 ], [ -73.80282, 40.86087 ], [ -73.80282, 40.86087 ], [ -73.80282, 40.86087 ], [ -73.80282, 40.86087 ], [ -73.80282, 40.86087 ], [ -73.80282, 40.86087 ], [ -73.80282, 40.86087 ], [ -73.80283, 40.86087 ], [ -73.80283, 40.86087 ], [ -73.80284, 40.86087 ], [ -73.80285, 40.86087 ], [ -73.80286, 40.86088 ], [ -73.80288, 40.86088 ], [ -73.80289, 40.86088 ], [ -73.8029, 40.86089 ], [ -73.80291, 40.86089 ], [ -73.80292, 40.86089 ], [ -73.80293, 40.8609 ], [ -73.80295, 40.8609 ], [ -73.80296, 40.8609 ], [ -73.80297, 40.86091 ], [ -73.80298, 40.86091 ], [ -73.80299, 40.86091 ], [ -73.803, 40.86092 ], [ -73.80302, 40.86092 ], [ -73.80303, 40.86092 ], [ -73.80304, 40.86093 ], [ -73.80305, 40.86093 ], [ -73.80305, 40.86093 ], [ -73.80305, 40.86093 ], [ -73.80305, 40.86093 ], [ -73.80306, 40.86093 ], [ -73.80306, 40.86093 ], [ -73.80306, 40.86093 ], [ -73.80306, 40.86093 ], [ -73.80306, 40.86093 ], [ -73.80306, 40.86093 ], [ -73.80306, 40.86093 ], [ -73.80306, 40.86093 ], [ -73.80306, 40.86093 ], [ -73.80307, 40.86093 ], [ -73.80307, 40.86093 ], [ -73.80307, 40.86093 ], [ -73.80307, 40.86093 ], [ -73.80307, 40.86093 ], [ -73.80307, 40.86093 ], [ -73.80307, 40.86093 ], [ -73.80307, 40.86092 ], [ -73.80307, 40.86092 ], [ -73.80307, 40.86092 ], [ -73.80308, 40.86092 ], [ -73.80308, 40.86092 ], [ -73.80308, 40.86092 ], [ -73.80308, 40.86092 ], [ -73.80308, 40.86092 ], [ -73.80308, 40.86092 ], [ -73.80308, 40.86092 ], [ -73.80308, 40.86092 ], [ -73.80308, 40.86092 ], [ -73.80308, 40.86092 ], [ -73.80308, 40.86092 ], [ -73.80308, 40.86091 ], [ -73.80308, 40.86091 ], [ -73.80308, 40.86091 ], [ -73.80308, 40.86091 ], [ -73.80308, 40.86091 ], [ -73.80308, 40.86091 ], [ -73.80308, 40.86091 ], [ -73.80308, 40.86091 ], [ -73.80308, 40.86091 ], [ -73.80308, 40.86091 ], [ -73.80308, 40.86091 ], [ -73.80308, 40.86091 ], [ -73.80308, 40.8609 ], [ -73.80308, 40.8609 ], [ -73.80308, 40.8609 ], [ -73.80307, 40.86089 ], [ -73.80307, 40.86089 ], [ -73.80307, 40.86088 ], [ -73.80306, 40.86088 ], [ -73.80306, 40.86087 ], [ -73.80306, 40.86086 ], [ -73.80305, 40.86086 ], [ -73.80305, 40.86085 ], [ -73.80305, 40.86085 ], [ -73.80304, 40.86084 ], [ -73.80304, 40.86084 ], [ -73.80304, 40.86083 ], [ -73.80303, 40.86082 ], [ -73.80303, 40.86082 ], [ -73.80303, 40.86081 ], [ -73.80302, 40.86081 ], [ -73.80302, 40.8608 ], [ -73.80302, 40.86079 ], [ -73.80301, 40.86079 ], [ -73.80301, 40.86078 ], [ -73.80301, 40.86078 ], [ -73.80301, 40.86077 ], [ -73.803, 40.86077 ], [ -73.803, 40.86076 ], [ -73.803, 40.86075 ], [ -73.80299, 40.86075 ], [ -73.80299, 40.86074 ], [ -73.80299, 40.86074 ], [ -73.80299, 40.86073 ], [ -73.80299, 40.86073 ], [ -73.80299, 40.86073 ], [ -73.80299, 40.86073 ], [ -73.80299, 40.86073 ], [ -73.80299, 40.86072 ], [ -73.80299, 40.86072 ], [ -73.80299, 40.86072 ], [ -73.80299, 40.86072 ], [ -73.80299, 40.86072 ], [ -73.80299, 40.86072 ], [ -73.80299, 40.86072 ], [ -73.80299, 40.86072 ], [ -73.80299, 40.86071 ], [ -73.80298, 40.86071 ], [ -73.80298, 40.86071 ], [ -73.80298, 40.86071 ], [ -73.80298, 40.86071 ], [ -73.80298, 40.86071 ], [ -73.80298, 40.86071 ], [ -73.80298, 40.86071 ], [ -73.80298, 40.86071 ], [ -73.80298, 40.8607 ], [ -73.80298, 40.8607 ], [ -73.80298, 40.8607 ], [ -73.80298, 40.8607 ], [ -73.80298, 40.8607 ], [ -73.80298, 40.8607 ], [ -73.80297, 40.8607 ], [ -73.80297, 40.8607 ], [ -73.80297, 40.8607 ], [ -73.80297, 40.8607 ], [ -73.80297, 40.8607 ], [ -73.80297, 40.8607 ], [ -73.80297, 40.86069 ], [ -73.80297, 40.86069 ], [ -73.80296, 40.86069 ], [ -73.80296, 40.86069 ], [ -73.80296, 40.86069 ], [ -73.80296, 40.86069 ], [ -73.80296, 40.86069 ], [ -73.80296, 40.86069 ], [ -73.80296, 40.86069 ], [ -73.80296, 40.86069 ], [ -73.80295, 40.86069 ], [ -73.80295, 40.86069 ], [ -73.80295, 40.86069 ], [ -73.80295, 40.86069 ], [ -73.80295, 40.86069 ] ] ], [ [ [ -73.81158, 40.86956 ], [ -73.81161, 40.86956 ], [ -73.81166, 40.86956 ], [ -73.81168, 40.86956 ], [ -73.81171, 40.86957 ], [ -73.81174, 40.86958 ], [ -73.81178, 40.86959 ], [ -73.81181, 40.86961 ], [ -73.81182, 40.86961 ], [ -73.81182, 40.86961 ], [ -73.81182, 40.86961 ], [ -73.81183, 40.8696 ], [ -73.81183, 40.8696 ], [ -73.81183, 40.8696 ], [ -73.81183, 40.8696 ], [ -73.81183, 40.8696 ], [ -73.81184, 40.8696 ], [ -73.81184, 40.86959 ], [ -73.81178, 40.86954 ], [ -73.81173, 40.86949 ], [ -73.81168, 40.86943 ], [ -73.81164, 40.86936 ], [ -73.81164, 40.86937 ], [ -73.81163, 40.86939 ], [ -73.81161, 40.86942 ], [ -73.81158, 40.86946 ], [ -73.81155, 40.86949 ], [ -73.81151, 40.86953 ], [ -73.81151, 40.86953 ], [ -73.81151, 40.86953 ], [ -73.81151, 40.86953 ], [ -73.8115, 40.86954 ], [ -73.8115, 40.86954 ], [ -73.8115, 40.86954 ], [ -73.8115, 40.86954 ], [ -73.81151, 40.86955 ], [ -73.81151, 40.86955 ], [ -73.81151, 40.86955 ], [ -73.81151, 40.86955 ], [ -73.81152, 40.86956 ], [ -73.81152, 40.86956 ], [ -73.81154, 40.86956 ], [ -73.81158, 40.86956 ] ] ], [ [ [ -73.8251, 40.85661 ], [ -73.82517, 40.85661 ], [ -73.82511, 40.85659 ], [ -73.82506, 40.85657 ], [ -73.82501, 40.85654 ], [ -73.82497, 40.85652 ], [ -73.82493, 40.85648 ], [ -73.82492, 40.85649 ], [ -73.82494, 40.85657 ], [ -73.82495, 40.85657 ], [ -73.82496, 40.85663 ], [ -73.8251, 40.85661 ] ] ], [ [ [ -73.82615, 40.85646 ], [ -73.82613, 40.85609 ], [ -73.82613, 40.85623 ], [ -73.82615, 40.85646 ] ] ], [ [ [ -73.82165, 40.8575 ], [ -73.82165, 40.8575 ], [ -73.82165, 40.8575 ], [ -73.82165, 40.8575 ] ] ] ] } },
{ "type": "Feature", "properties": { "park_name": "Randall's Island Park", "borough": "M", "acres": 254.3 }, "geometry": { "type": "MultiPolygon", "coordinates": [ [ [ [ -73.92595, 40.79086 ], [ -73.92578, 40.79105 ], [ -73.92548, 40.79137 ], [ -73.92522, 40.79168 ], [ -73.92478, 40.79217 ], [ -73.92448, 40.79251 ], [ -73.92437, 40.79266 ], [ -73.92432, 40.79273 ], [ -73.92424, 40.79283 ], [ -73.92418, 40.79291 ], [ -73.92413, 40.79299 ], [ -73.92401, 40.79316 ], [ -73.92397, 40.79322 ], [ -73.92387, 40.79336 ], [ -73.92378, 40.7935 ], [ -73.92362, 40.79372 ], [ -73.92327, 40.79424 ], [ -73.92302, 40.7946 ], [ -73.92274, 40.79501 ], [ -73.92234, 40.79558 ], [ -73.9222, 40.79578 ], [ -73.92208, 40.79595 ], [ -73.9219, 40.79622 ], [ -73.92186, 40.7963 ], [ -73.92183, 40.79637 ], [ -73.92181, 40.79645 ], [ -73.9218, 40.79652 ], [ -73.92179, 40.7966 ], [ -73.92179, 40.79667 ], [ -73.92179, 40.79674 ], [ -73.92181, 40.79681 ], [ -73.92182, 40.79688 ], [ -73.92184, 40.79691 ], [ -73.92184, 40.79692 ], [ -73.92187, 40.79701 ], [ -73.92192, 40.79708 ], [ -73.92193, 40.7971 ], [ -73.92196, 40.79715 ], [ -73.92199, 40.7972 ], [ -73.922, 40.79721 ], [ -73.92206, 40.79728 ], [ -73.92213, 40.79735 ], [ -73.9222, 40.79741 ], [ -73.92228, 40.79747 ], [ -73.92237, 40.79753 ], [ -73.92246, 40.79758 ], [ -73.92269, 40.79765 ], [ -73.92295, 40.79771 ], [ -73.92321, 40.79777 ], [ -73.92348, 40.79782 ], [ -73.92374, 40.79787 ], [ -73.92401, 40.79791 ], [ -73.92428, 40.79802 ], [ -73.92454, 40.79813 ], [ -73.92479, 40.79825 ], [ -73.92504, 40.79838 ], [ -73.92529, 40.79851 ], [ -73.92553, 40.79865 ], [ -73.92577, 40.79879 ], [ -73.926, 40.79894 ], [ -73.92622, 40.79909 ], [ -73.92626, 40.79914 ], [ -73.92628, 40.7992 ], [ -73.9263, 40.79927 ], [ -73.92631, 40.79933 ], [ -73.92632, 40.79939 ], [ -73.92631, 40.79945 ], [ -73.9263, 40.79952 ], [ -73.92763, 40.80009 ], [ -73.9277, 40.79998 ], [ -73.9282, 40.79392 ], [ -73.92823, 40.79356 ], [ -73.92925, 40.79274 ], [ -73.93016, 40.79203 ], [ -73.92894, 40.79155 ], [ -73.92604, 40.79084 ], [ -73.926, 40.79082 ], [ -73.92599, 40.79082 ], [ -73.92595, 40.79086 ] ] ], [ [ [ -73.92065, 40.79994 ], [ -73.92073, 40.80005 ], [ -73.9208, 40.80015 ], [ -73.92086, 40.80026 ], [ -73.92092, 40.80037 ], [ -73.92105, 40.80061 ], [ -73.92111, 40.80072 ], [ -73.9212, 40.80081 ], [ -73.9213, 40.8009 ], [ -73.9214, 40.80099 ], [ -73.92151, 40.80107 ], [ -73.92163, 40.80115 ], [ -73.92175, 40.80122 ], [ -73.92187, 40.80129 ], [ -73.922, 40.80135 ], [ -73.92213, 40.80141 ], [ -73.92398, 40.80219 ], [ -73.92407, 40.80224 ], [ -73.92409, 40.80224 ], [ -73.92411, 40.80224 ], [ -73.92411, 40.80224 ], [ -73.92412, 40.80224 ], [ -73.92413, 40.80224 ], [ -73.92414, 40.80224 ], [ -73.92414, 40.80225 ], [ -73.92415, 40.80225 ], [ -73.92416, 40.80225 ], [ -73.92418, 40.80225 ], [ -73.92419, 40.80225 ], [ -73.9242, 40.80225 ], [ -73.92421, 40.80225 ], [ -73.92422, 40.80225 ], [ -73.92422, 40.80225 ], [ -73.92423, 40.80225 ], [ -73.92424, 40.80225 ], [ -73.92424, 40.80225 ], [ -73.92425, 40.80225 ], [ -73.9243, 40.80225 ], [ -73.92432, 40.80225 ], [ -73.92434, 40.80225 ], [ -73.92435, 40.80225 ], [ -73.92436, 40.80225 ], [ -73.92437, 40.80225 ], [ -73.92437, 40.80225 ], [ -73.92438, 40.80225 ], [ -73.92439, 40.80225 ], [ -73.9244, 40.80225 ], [ -73.9244, 40.80225 ], [ -73.92441, 40.80225 ], [ -73.92442, 40.80225 ], [ -73.92448, 40.80225 ], [ -73.92449, 40.80225 ], [ -73.9245, 40.80225 ], [ -73.92452, 40.80225 ], [ -73.92455, 40.80225 ], [ -73.92456, 40.80225 ], [ -73.92458, 40.80225 ], [ -73.92459, 40.80225 ], [ -73.9246, 40.80225 ], [ -73.92461, 40.80225 ], [ -73.92461, 40.80225 ], [ -73.92462, 40.80225 ], [ -73.92463, 40.80225 ], [ -73.92463, 40.80225 ], [ -73.92464, 40.80225 ], [ -73.92465, 40.80225 ], [ -73.92466, 40.80225 ], [ -73.92466, 40.80225 ], [ -73.92467, 40.80225 ], [ -73.92468, 40.80225 ], [ -73.92468, 40.80225 ], [ -73.92469, 40.80225 ], [ -73.9247, 40.80225 ], [ -73.92471, 40.80225 ], [ -73.92471, 40.80225 ], [ -73.92472, 40.80225 ], [ -73.92473, 40.80225 ], [ -73.92474, 40.80225 ], [ -73.92474, 40.80225 ], [ -73.92475, 40.80225 ], [ -73.92476, 40.80225 ], [ -73.92478, 40.80225 ], [ -73.92479, 40.80225 ], [ -73.9248, 40.80225 ], [ -73.92481, 40.80225 ], [ -73.92481, 40.80225 ], [ -73.92482, 40.80225 ], [ -73.92483, 40.80225 ], [ -73.92484, 40.80225 ], [ -73.92484, 40.80225 ], [ -73.92485, 40.80225 ], [ -73.92486, 40.80225 ], [ -73.92487, 40.80224 ], [ -73.92488, 40.80224 ], [ -73.9249, 40.80224 ], [ -73.92492, 40.80224 ], [ -73.92495, 40.80224 ], [ -73.92498, 40.80224 ], [ -73.92499, 40.80224 ], [ -73.925, 40.80224 ], [ -73.925, 40.80224 ], [ -73.92501, 40.80224 ], [ -73.92502, 40.80224 ], [ -73.92502, 40.80224 ], [ -73.92503, 40.80224 ], [ -73.92507, 40.80224 ], [ -73.92507, 40.80224 ], [ -73.92508, 40.80223 ], [ -73.92509, 40.80223 ], [ -73.9251, 40.80223 ], [ -73.9251, 40.80223 ], [ -73.92511, 40.80223 ], [ -73.92512, 40.80223 ], [ -73.92512, 40.80223 ], [ -73.92513, 40.80223 ], [ -73.92514, 40.80223 ], [ -73.92515, 40.80223 ], [ -73.92515, 40.80223 ], [ -73.92516, 40.80223 ], [ -73.92517, 40.80223 ], [ -73.92518, 40.80223 ], [ -73.92518, 40.80223 ], [ -73.92519, 40.80223 ], [ -73.9252, 40.80223 ], [ -73.9252, 40.80223 ], [ -73.92521, 40.80223 ], [ -73.92522, 40.80223 ], [ -73.92523, 40.80223 ], [ -73.92523, 40.80222 ], [ -73.92524, 40.80222 ], [ -73.92525, 40.80222 ], [ -73.92525, 40.80222 ], [ -73.92526, 40.80222 ], [ -73.92527, 40.80222 ], [ -73.92528, 40.80222 ], [ -73.92528, 40.80222 ], [ -73.92529, 40.80222 ], [ -73.9253, 40.80222 ], [ -73.9253, 40.80222 ], [ -73.92531, 40.80222 ], [ -73.92532, 40.80222 ], [ -73.92533, 40.80222 ], [ -73.92534, 40.80222 ], [ -73.92535, 40.80222 ], [ -73.92535, 40.80221 ], [ -73.92536, 40.80221 ], [ -73.92537, 40.80221 ], [ -73.92538, 40.80221 ], [ -73.92538, 40.80221 ], [ -73.92539, 40.80221 ], [ -73.9254, 40.80221 ], [ -73.9254, 40.80221 ], [ -73.92545, 40.80221 ], [ -73.92552, 40.80198 ], [ -73.92574, 40.80182 ], [ -73.92624, 40.80099 ], [ -73.92707, 40.80097 ], [ -73.92748, 40.80033 ], [ -73.92672, 40.80001 ], [ -73.92618, 40.79979 ], [ -73.92614, 40.79978 ], [ -73.92595, 40.79973 ], [ -73.92589, 40.79975 ], [ -73.92583, 40.79977 ], [ -73.92576, 40.79978 ], [ -73.92569, 40.79979 ], [ -73.92562, 40.79979 ], [ -73.92556, 40.79979 ], [ -73.92549, 40.79978 ], [ -73.92542, 40.79976 ], [ -73.92536, 40.79974 ], [ -73.92408, 40.79915 ], [ -73.92324, 40.79873 ], [ -73.92305, 40.79864 ], [ -73.92287, 40.79855 ], [ -73.92269, 40.79845 ], [ -73.92251, 40.79835 ], [ -73.92234, 40.79825 ], [ -73.92219, 40.79814 ], [ -73.92208, 40.79807 ], [ -73.92196, 40.79802 ], [ -73.92183, 40.79796 ], [ -73.9217, 40.79792 ], [ -73.92157, 40.79788 ], [ -73.92144, 40.79784 ], [ -73.9213, 40.79781 ], [ -73.92117, 40.79779 ], [ -73.92103, 40.79777 ], [ -73.92088, 40.79776 ], [ -73.92079, 40.79774 ], [ -73.9207, 40.79773 ], [ -73.9206, 40.79772 ], [ -73.9205, 40.79772 ], [ -73.92041, 40.79773 ], [ -73.92031, 40.79774 ], [ -73.92022, 40.79776 ], [ -73.92013, 40.79779 ], [ -73.92004, 40.79783 ], [ -73.91923, 40.79899 ], [ -73.91944, 40.79908 ], [ -73.91948, 40.7991 ], [ -73.91962, 40.79916 ], [ -73.91973, 40.79922 ], [ -73.91991, 40.79931 ], [ -73.92004, 40.79939 ], [ -73.92017, 40.79948 ], [ -73.9203, 40.79958 ], [ -73.92042, 40.79969 ], [ -73.92043, 40.7997 ], [ -73.9205, 40.79977 ], [ -73.92065, 40.79994 ] ] ], [ [ [ -73.92132, 40.79377 ], [ -73.92111, 40.79401 ], [ -73.92089, 40.79424 ], [ -73.92067, 40.79447 ], [ -73.92044, 40.7947 ], [ -73.92021, 40.79493 ], [ -73.91997, 40.79515 ], [ -73.91967, 40.79542 ], [ -73.91936, 40.79569 ], [ -73.91905, 40.79595 ], [ -73.91874, 40.79622 ], [ -73.91831, 40.79654 ], [ -73.91787, 40.79686 ], [ -73.91743, 40.79717 ], [ -73.91698, 40.79748 ], [ -73.91653, 40.79779 ], [ -73.91654, 40.79779 ], [ -73.91766, 40.79829 ], [ -73.91885, 40.79883 ], [ -73.91974, 40.79761 ], [ -73.91974, 40.79755 ], [ -73.91972, 40.7975 ], [ -73.91971, 40.79745 ], [ -73.91968, 40.7974 ], [ -73.91965, 40.79735 ], [ -73.91961, 40.79731 ], [ -73.91956, 40.79727 ], [ -73.91953, 40.7972 ], [ -73.9195, 40.79714 ], [ -73.91948, 40.79707 ], [ -73.91946, 40.797 ], [ -73.91946, 40.79693 ], [ -73.91946, 40.79686 ], [ -73.91947, 40.7968 ], [ -73.91948, 40.79673 ], [ -73.91951, 40.79666 ], [ -73.91954, 40.7966 ], [ -73.91956, 40.79655 ], [ -73.91959, 40.79651 ], [ -73.91962, 40.79646 ], [ -73.91965, 40.79642 ], [ -73.91969, 40.79639 ], [ -73.91969, 40.79638 ], [ -73.91971, 40.79636 ], [ -73.91973, 40.79635 ], [ -73.92049, 40.79569 ], [ -73.92067, 40.79552 ], [ -73.92148, 40.79477 ], [ -73.92174, 40.79455 ], [ -73.92218, 40.79416 ], [ -73.92274, 40.79367 ], [ -73.92294, 40.7935 ], [ -73.9231, 40.79336 ], [ -73.92325, 40.79322 ], [ -73.92341, 40.79307 ], [ -73.92369, 40.79279 ], [ -73.92383, 40.79264 ], [ -73.92397, 40.79249 ], [ -73.9241, 40.79234 ], [ -73.92412, 40.79231 ], [ -73.92413, 40.79231 ], [ -73.92446, 40.79193 ], [ -73.92552, 40.79077 ], [ -73.92561, 40.79067 ], [ -73.92547, 40.79062 ], [ -73.92536, 40.79062 ], [ -73.92455, 40.79037 ], [ -73.92452, 40.7904 ], [ -73.92356, 40.79142 ], [ -73.92377, 40.79198 ], [ -73.92325, 40.79258 ], [ -73.92322, 40.79261 ], [ -73.92319, 40.79263 ], [ -73.92316, 40.79266 ], [ -73.92312, 40.79268 ], [ -73.92308, 40.79269 ], [ -73.92304, 40.7927 ], [ -73.92294, 40.79269 ], [ -73.92285, 40.79268 ], [ -73.92275, 40.79269 ], [ -73.92265, 40.79269 ], [ -73.92256, 40.79271 ], [ -73.92247, 40.79273 ], [ -73.92238, 40.79275 ], [ -73.92229, 40.79278 ], [ -73.92221, 40.79282 ], [ -73.92221, 40.79282 ], [ -73.92132, 40.79377 ] ] ], [ [ [ -73.91317, 40.79628 ], [ -73.91451, 40.79688 ], [ -73.91504, 40.79712 ], [ -73.91609, 40.79759 ], [ -73.91614, 40.79761 ], [ -73.91622, 40.79765 ], [ -73.91628, 40.79767 ], [ -73.91666, 40.79744 ], [ -73.91703, 40.7972 ], [ -73.91739, 40.79696 ], [ -73.91775, 40.79672 ], [ -73.91811, 40.79647 ], [ -73.91846, 40.79621 ], [ -73.91881, 40.79593 ], [ -73.91915, 40.79564 ], [ -73.91948, 40.79534 ], [ -73.91981, 40.79504 ], [ -73.92013, 40.79474 ], [ -73.92044, 40.79443 ], [ -73.92075, 40.79411 ], [ -73.92104, 40.7938 ], [ -73.92133, 40.79348 ], [ -73.92162, 40.79315 ], [ -73.92189, 40.79282 ], [ -73.92141, 40.79263 ], [ -73.9204, 40.79294 ], [ -73.91583, 40.7909 ], [ -73.91552, 40.79118 ], [ -73.91499, 40.79167 ], [ -73.91488, 40.79176 ], [ -73.91378, 40.79322 ], [ -73.91348, 40.79397 ], [ -73.91348, 40.79402 ], [ -73.91352, 40.7941 ], [ -73.91281, 40.79491 ], [ -73.9117, 40.79617 ], [ -73.91271, 40.79608 ], [ -73.91273, 40.79607 ], [ -73.91317, 40.79628 ] ] ] ] } },
{ "type": "Feature", "properties": { "park_name": "Forest Park", "borough": "Q", "acres": 506.86 }, "geometry": { "type": "MultiPolygon", "coordinates": [ [ [ [ -73.86027, 40.70234 ], [ -73.86068, 40.70238 ], [ -73.8611, 40.70244 ], [ -73.8615, 40.7025 ], [ -73.86191, 40.70256 ], [ -73.86221, 40.70261 ], [ -73.8625, 40.70266 ], [ -73.8628, 40.70269 ], [ -73.86309, 40.70272 ], [ -73.86339, 40.70274 ], [ -73.86369, 40.70276 ], [ -73.86391, 40.70276 ], [ -73.86413, 40.70275 ], [ -73.86435, 40.70274 ], [ -73.86456, 40.70272 ], [ -73.86478, 40.7027 ], [ -73.86499, 40.70267 ], [ -73.86521, 40.70263 ], [ -73.86542, 40.70259 ], [ -73.86561, 40.70256 ], [ -73.8658, 40.70251 ], [ -73.86598, 40.70247 ], [ -73.86617, 40.70241 ], [ -73.86635, 40.70235 ], [ -73.86652, 40.70229 ], [ -73.86669, 40.70221 ], [ -73.86684, 40.70215 ], [ -73.86699, 40.70207 ], [ -73.86712, 40.70199 ], [ -73.86726, 40.70191 ], [ -73.86739, 40.70182 ], [ -73.86751, 40.70173 ], [ -73.8676, 40.70165 ], [ -73.8677, 40.70156 ], [ -73.86778, 40.70147 ], [ -73.86786, 40.70138 ], [ -73.86794, 40.70128 ], [ -73.86804, 40.70114 ], [ -73.86814, 40.701 ], [ -73.86823, 40.70085 ], [ -73.86834, 40.70057 ], [ -73.86845, 40.70012 ], [ -73.86857, 40.69963 ], [ -73.86869, 40.69915 ], [ -73.86874, 40.69903 ], [ -73.8688, 40.69892 ], [ -73.86886, 40.69881 ], [ -73.86893, 40.6987 ], [ -73.86901, 40.69859 ], [ -73.86909, 40.69849 ], [ -73.86918, 40.69838 ], [ -73.86928, 40.69829 ], [ -73.86938, 40.6982 ], [ -73.86949, 40.69811 ], [ -73.86961, 40.69801 ], [ -73.86973, 40.69793 ], [ -73.86987, 40.69785 ], [ -73.87, 40.69777 ], [ -73.87015, 40.6977 ], [ -73.87029, 40.69764 ], [ -73.87045, 40.69758 ], [ -73.87019, 40.69716 ], [ -73.86893, 40.69512 ], [ -73.86872, 40.69477 ], [ -73.86467, 40.69558 ], [ -73.85833, 40.69684 ], [ -73.85657, 40.69716 ], [ -73.85297, 40.69768 ], [ -73.85288, 40.69769 ], [ -73.85286, 40.69828 ], [ -73.85286, 40.69833 ], [ -73.85287, 40.69837 ], [ -73.85287, 40.69842 ], [ -73.85288, 40.69847 ], [ -73.85291, 40.69854 ], [ -73.85293, 40.69862 ], [ -73.85297, 40.69871 ], [ -73.853, 40.69877 ], [ -73.85303, 40.69883 ], [ -73.85306, 40.69889 ], [ -73.85308, 40.69892 ], [ -73.8531, 40.69895 ], [ -73.85313, 40.699 ], [ -73.85316, 40.69904 ], [ -73.85319, 40.69908 ], [ -73.85323, 40.69912 ], [ -73.85375, 40.69974 ], [ -73.85397, 40.7 ], [ -73.85408, 40.70012 ], [ -73.85442, 40.70035 ], [ -73.85476, 40.70063 ], [ -73.85497, 40.70081 ], [ -73.85506, 40.70092 ], [ -73.85524, 40.70112 ], [ -73.85539, 40.70145 ], [ -73.8554, 40.70199 ], [ -73.85553, 40.70197 ], [ -73.85585, 40.70191 ], [ -73.85622, 40.70184 ], [ -73.8564, 40.70181 ], [ -73.85678, 40.70174 ], [ -73.85717, 40.70167 ], [ -73.85725, 40.70166 ], [ -73.85735, 40.70119 ], [ -73.85744, 40.7012 ], [ -73.8578, 40.70124 ], [ -73.85816, 40.70128 ], [ -73.85836, 40.7013 ], [ -73.8589, 40.70136 ], [ -73.85888, 40.70151 ], [ -73.85887, 40.70157 ], [ -73.85887, 40.70164 ], [ -73.85886, 40.70171 ], [ -73.85885, 40.70184 ], [ -73.85884, 40.70191 ], [ -73.85883, 40.70198 ], [ -73.85882, 40.70205 ], [ -73.85881, 40.70212 ], [ -73.85881, 40.70219 ], [ -73.8588, 40.70226 ], [ -73.85879, 40.70232 ], [ -73.85879, 40.70237 ], [ -73.85876, 40.70258 ], [ -73.85892, 40.70253 ], [ -73.85908, 40.70248 ], [ -73.85924, 40.70244 ], [ -73.85938, 40.70241 ], [ -73.85953, 40.70238 ], [ -73.85968, 40.70236 ], [ -73.85982, 40.70234 ], [ -73.85997, 40.70233 ], [ -73.86012, 40.70233 ], [ -73.86027, 40.70234 ] ] ], [ [ [ -73.84258, 40.70483 ], [ -73.84342, 40.70512 ], [ -73.84387, 40.70526 ], [ -73.84426, 40.70539 ], [ -73.84477, 40.70551 ], [ -73.84633, 40.70584 ], [ -73.84727, 40.70603 ], [ -73.84799, 40.7062 ], [ -73.85087, 40.70683 ], [ -73.85106, 40.70687 ], [ -73.85107, 40.70687 ], [ -73.85118, 40.70677 ], [ -73.85128, 40.70666 ], [ -73.85138, 40.70655 ], [ -73.85149, 40.70643 ], [ -73.85159, 40.7063 ], [ -73.85169, 40.70617 ], [ -73.85178, 40.70603 ], [ -73.85187, 40.7059 ], [ -73.85201, 40.7057 ], [ -73.85216, 40.70551 ], [ -73.85232, 40.70532 ], [ -73.8526, 40.70506 ], [ -73.85288, 40.7048 ], [ -73.8529, 40.70478 ], [ -73.85293, 40.70476 ], [ -73.85295, 40.70474 ], [ -73.8531, 40.70463 ], [ -73.85324, 40.70452 ], [ -73.85339, 40.70442 ], [ -73.85355, 40.70432 ], [ -73.85371, 40.70423 ], [ -73.85371, 40.70423 ], [ -73.8537, 40.70422 ], [ -73.85381, 40.70417 ], [ -73.85382, 40.70417 ], [ -73.85383, 40.70419 ], [ -73.85396, 40.70413 ], [ -73.85394, 40.7041 ], [ -73.85404, 40.70406 ], [ -73.85394, 40.70393 ], [ -73.85382, 40.70378 ], [ -73.85373, 40.70368 ], [ -73.85366, 40.70358 ], [ -73.85333, 40.70317 ], [ -73.85321, 40.70303 ], [ -73.85296, 40.70271 ], [ -73.85272, 40.7024 ], [ -73.85217, 40.70234 ], [ -73.84163, 40.70119 ], [ -73.83937, 40.70302 ], [ -73.83884, 40.7033 ], [ -73.84024, 40.70386 ], [ -73.84024, 40.70389 ], [ -73.84258, 40.70483 ] ] ], [ [ [ -73.83836, 40.70835 ], [ -73.84075, 40.70873 ], [ -73.84079, 40.70867 ], [ -73.84084, 40.70862 ], [ -73.84089, 40.70857 ], [ -73.84095, 40.70852 ], [ -73.84101, 40.70847 ], [ -73.84108, 40.70843 ], [ -73.84115, 40.70839 ], [ -73.84122, 40.70836 ], [ -73.8413, 40.70833 ], [ -73.84138, 40.7083 ], [ -73.84147, 40.70829 ], [ -73.84155, 40.70828 ], [ -73.8418, 40.70828 ], [ -73.84204, 40.70828 ], [ -73.84228, 40.70827 ], [ -73.84253, 40.70826 ], [ -73.84289, 40.70821 ], [ -73.84324, 40.70815 ], [ -73.8436, 40.70809 ], [ -73.84384, 40.70804 ], [ -73.84407, 40.708 ], [ -73.84431, 40.70797 ], [ -73.84455, 40.70794 ], [ -73.84479, 40.70792 ], [ -73.84504, 40.7079 ], [ -73.84528, 40.70789 ], [ -73.84552, 40.70787 ], [ -73.84576, 40.70785 ], [ -73.84601, 40.70784 ], [ -73.84625, 40.70784 ], [ -73.8465, 40.70784 ], [ -73.84674, 40.70785 ], [ -73.84699, 40.70786 ], [ -73.84809, 40.70784 ], [ -73.84815, 40.70784 ], [ -73.84834, 40.70784 ], [ -73.84852, 40.70783 ], [ -73.84871, 40.70781 ], [ -73.84889, 40.70778 ], [ -73.84908, 40.70775 ], [ -73.84926, 40.70772 ], [ -73.84944, 40.70767 ], [ -73.84962, 40.70762 ], [ -73.8498, 40.70757 ], [ -73.84997, 40.70751 ], [ -73.85014, 40.70744 ], [ -73.8503, 40.70736 ], [ -73.85046, 40.70728 ], [ -73.85061, 40.7072 ], [ -73.85072, 40.70713 ], [ -73.8508, 40.70708 ], [ -73.85089, 40.70702 ], [ -73.85064, 40.70697 ], [ -73.84881, 40.70658 ], [ -73.84719, 40.7062 ], [ -73.84469, 40.70568 ], [ -73.84422, 40.70557 ], [ -73.84361, 40.7054 ], [ -73.84307, 40.70521 ], [ -73.84238, 40.70496 ], [ -73.84165, 40.70465 ], [ -73.84053, 40.70422 ], [ -73.84053, 40.70419 ], [ -73.83862, 40.70341 ], [ -73.83741, 40.70406 ], [ -73.83735, 40.70409 ], [ -73.83733, 40.70411 ], [ -73.83731, 40.70413 ], [ -73.83728, 40.70416 ], [ -73.83726, 40.70419 ], [ -73.83725, 40.70422 ], [ -73.83724, 40.70425 ], [ -73.83724, 40.70428 ], [ -73.83724, 40.70432 ], [ -73.83724, 40.70435 ], [ -73.83725, 40.70439 ], [ -73.83727, 40.70442 ], [ -73.83815, 40.70575 ], [ -73.83822, 40.70588 ], [ -73.83826, 40.70595 ], [ -73.83828, 40.70604 ], [ -73.83829, 40.70617 ], [ -73.8383, 40.70626 ], [ -73.8383, 40.70633 ], [ -73.83828, 40.7064 ], [ -73.83825, 40.70648 ], [ -73.83822, 40.70657 ], [ -73.83818, 40.70665 ], [ -73.83809, 40.70678 ], [ -73.83731, 40.70793 ], [ -73.83836, 40.70835 ] ] ], [ [ [ -73.84902, 40.69841 ], [ -73.84534, 40.69934 ], [ -73.84514, 40.69942 ], [ -73.8449, 40.69953 ], [ -73.84286, 40.70072 ], [ -73.84276, 40.70077 ], [ -73.84265, 40.70083 ], [ -73.84255, 40.70088 ], [ -73.84248, 40.70091 ], [ -73.84241, 40.70094 ], [ -73.84232, 40.70097 ], [ -73.84237, 40.70108 ], [ -73.85192, 40.70213 ], [ -73.85255, 40.7022 ], [ -73.85498, 40.70247 ], [ -73.85499, 40.70204 ], [ -73.85516, 40.70201 ], [ -73.85497, 40.70112 ], [ -73.85472, 40.70086 ], [ -73.85458, 40.70074 ], [ -73.85432, 40.70055 ], [ -73.85416, 40.70053 ], [ -73.85093, 40.7002 ], [ -73.85044, 40.69959 ], [ -73.85031, 40.69943 ], [ -73.85027, 40.69939 ], [ -73.8502, 40.6993 ], [ -73.84969, 40.69867 ], [ -73.84959, 40.69854 ], [ -73.84941, 40.69832 ], [ -73.84902, 40.69841 ] ] ], [ [ [ -73.85252, 40.70535 ], [ -73.85237, 40.70551 ], [ -73.85223, 40.70568 ], [ -73.8521, 40.70585 ], [ -73.85197, 40.70603 ], [ -73.85185, 40.7062 ], [ -73.85177, 40.70633 ], [ -73.85168, 40.70645 ], [ -73.85158, 40.70657 ], [ -73.85148, 40.70669 ], [ -73.85137, 40.7068 ], [ -73.85126, 40.70691 ], [ -73.85127, 40.70691 ], [ -73.85127, 40.70691 ], [ -73.85156, 40.70698 ], [ -73.85152, 40.70699 ], [ -73.85256, 40.70728 ], [ -73.85269, 40.70724 ], [ -73.85319, 40.70708 ], [ -73.85453, 40.70664 ], [ -73.8544, 40.70648 ], [ -73.85429, 40.70594 ], [ -73.85438, 40.70559 ], [ -73.85439, 40.70557 ], [ -73.85439, 40.70555 ], [ -73.85438, 40.70554 ], [ -73.85438, 40.70552 ], [ -73.85437, 40.70551 ], [ -73.85436, 40.7055 ], [ -73.85435, 40.70548 ], [ -73.85434, 40.70547 ], [ -73.85432, 40.70546 ], [ -73.85431, 40.70544 ], [ -73.8543, 40.70542 ], [ -73.8543, 40.70541 ], [ -73.8543, 40.70539 ], [ -73.8543, 40.70538 ], [ -73.8543, 40.70536 ], [ -73.8543, 40.70535 ], [ -73.85431, 40.70533 ], [ -73.85432, 40.70531 ], [ -73.85433, 40.7053 ], [ -73.85435, 40.70529 ], [ -73.85436, 40.70528 ], [ -73.85437, 40.70527 ], [ -73.85439, 40.70526 ], [ -73.8544, 40.70526 ], [ -73.85441, 40.70526 ], [ -73.85442, 40.70525 ], [ -73.85444, 40.70525 ], [ -73.85446, 40.70525 ], [ -73.85448, 40.70525 ], [ -73.85451, 40.70521 ], [ -73.85476, 40.70496 ], [ -73.85473, 40.70492 ], [ -73.85441, 40.70453 ], [ -73.85431, 40.7044 ], [ -73.85424, 40.70431 ], [ -73.85418, 40.70424 ], [ -73.85408, 40.70428 ], [ -73.85406, 40.70426 ], [ -73.85394, 40.70432 ], [ -73.85395, 40.70434 ], [ -73.85384, 40.70439 ], [ -73.85383, 40.70437 ], [ -73.85367, 40.70446 ], [ -73.85351, 40.70455 ], [ -73.85335, 40.70464 ], [ -73.85321, 40.70474 ], [ -73.85306, 40.70485 ], [ -73.85293, 40.70496 ], [ -73.8528, 40.70507 ], [ -73.85267, 40.70519 ], [ -73.85252, 40.70535 ] ] ], [ [ [ -73.83462, 40.70994 ], [ -73.83437, 40.71008 ], [ -73.83562, 40.71121 ], [ -73.83591, 40.71102 ], [ -73.83606, 40.71092 ], [ -73.83619, 40.71083 ], [ -73.83632, 40.71072 ], [ -73.83645, 40.71062 ], [ -73.83657, 40.71051 ], [ -73.83668, 40.71039 ], [ -73.83679, 40.7103 ], [ -73.8369, 40.71022 ], [ -73.83702, 40.71014 ], [ -73.83715, 40.71006 ], [ -73.83728, 40.70999 ], [ -73.83742, 40.70992 ], [ -73.83756, 40.70986 ], [ -73.8377, 40.70981 ], [ -73.83785, 40.70976 ], [ -73.838, 40.70972 ], [ -73.83816, 40.70969 ], [ -73.83831, 40.70966 ], [ -73.83843, 40.70964 ], [ -73.83854, 40.70963 ], [ -73.83862, 40.70962 ], [ -73.83871, 40.70961 ], [ -73.8389, 40.70959 ], [ -73.83909, 40.70956 ], [ -73.83929, 40.70952 ], [ -73.83948, 40.70948 ], [ -73.83966, 40.70943 ], [ -73.83984, 40.70937 ], [ -73.84002, 40.70931 ], [ -73.84014, 40.70926 ], [ -73.84016, 40.70926 ], [ -73.84021, 40.70924 ], [ -73.84045, 40.70913 ], [ -73.84037, 40.70887 ], [ -73.84023, 40.70885 ], [ -73.84022, 40.70885 ], [ -73.84008, 40.70882 ], [ -73.8383, 40.70853 ], [ -73.83827, 40.70852 ], [ -73.83823, 40.7085 ], [ -73.8373, 40.70987 ], [ -73.83685, 40.70945 ], [ -73.83637, 40.70899 ], [ -73.83616, 40.70911 ], [ -73.83596, 40.70921 ], [ -73.83559, 40.70941 ], [ -73.83533, 40.70955 ], [ -73.83497, 40.70974 ], [ -73.83462, 40.70994 ] ] ], [ [ [ -73.86929, 40.70118 ], [ -73.86902, 40.70125 ], [ -73.86892, 40.70127 ], [ -73.8687, 40.70143 ], [ -73.86848, 40.70158 ], [ -73.86825, 40.70173 ], [ -73.86823, 40.70174 ], [ -73.86822, 40.70174 ], [ -73.86821, 40.70175 ], [ -73.86803, 40.70186 ], [ -73.86786, 40.70196 ], [ -73.86784, 40.70197 ], [ -73.86784, 40.70198 ], [ -73.86782, 40.70199 ], [ -73.86773, 40.70204 ], [ -73.86769, 40.70206 ], [ -73.86756, 40.70213 ], [ -73.86729, 40.70228 ], [ -73.86701, 40.70242 ], [ -73.86672, 40.70256 ], [ -73.86643, 40.70269 ], [ -73.86613, 40.70281 ], [ -73.86583, 40.70293 ], [ -73.86553, 40.70304 ], [ -73.86554, 40.7031 ], [ -73.86928, 40.70279 ], [ -73.86905, 40.70178 ], [ -73.86957, 40.70164 ], [ -73.86949, 40.70136 ], [ -73.86944, 40.70114 ], [ -73.86929, 40.70118 ] ] ], [ [ [ -73.85107, 40.7071 ], [ -73.8509, 40.70725 ], [ -73.85072, 40.70739 ], [ -73.85054, 40.70753 ], [ -73.85035, 40.70766 ], [ -73.85015, 40.70779 ], [ -73.84995, 40.70792 ], [ -73.84974, 40.70803 ], [ -73.84981, 40.70816 ], [ -73.8523, 40.70736 ], [ -73.85127, 40.70708 ], [ -73.85124, 40.70709 ], [ -73.85111, 40.70706 ], [ -73.85107, 40.7071 ] ] ] ] } },
{ "type": "Feature", "properties": { "park_name": "Flushing Meadows Corona Park", "borough": "Q", "acres": 870.761 }, "geometry": { "type": "MultiPolygon", "coordinates": [ [ [ [ -73.8451, 40.75388 ], [ -73.8446, 40.75403 ], [ -73.84373, 40.7543 ], [ -73.8434, 40.7544 ], [ -73.84304, 40.75451 ], [ -73.84304, 40.75451 ], [ -73.84295, 40.75454 ], [ -73.84329, 40.75518 ], [ -73.84336, 40.75516 ], [ -73.8436, 40.75509 ], [ -73.84541, 40.75454 ], [ -73.84671, 40.75414 ], [ -73.84657, 40.75389 ], [ -73.84682, 40.75381 ], [ -73.84696, 40.75407 ], [ -73.84773, 40.75383 ], [ -73.85012, 40.75311 ], [ -73.85051, 40.75299 ], [ -73.85106, 40.75282 ], [ -73.85106, 40.75282 ], [ -73.85132, 40.75274 ], [ -73.84929, 40.75242 ], [ -73.84865, 40.75252 ], [ -73.84858, 40.75254 ], [ -73.84796, 40.75274 ], [ -73.84758, 40.75286 ], [ -73.8477, 40.75309 ], [ -73.84679, 40.75337 ], [ -73.84674, 40.75338 ], [ -73.84544, 40.75378 ], [ -73.84537, 40.7538 ], [ -73.84404, 40.75256 ], [ -73.84425, 40.75248 ], [ -73.84412, 40.75226 ], [ -73.84527, 40.75186 ], [ -73.84647, 40.75142 ], [ -73.84655, 40.75141 ], [ -73.84688, 40.75129 ], [ -73.84721, 40.75117 ], [ -73.84792, 40.7509 ], [ -73.84823, 40.75078 ], [ -73.8484, 40.75072 ], [ -73.84934, 40.75036 ], [ -73.84995, 40.75013 ], [ -73.84999, 40.7502 ], [ -73.85014, 40.75015 ], [ -73.85014, 40.75015 ], [ -73.85038, 40.75007 ], [ -73.85003, 40.74954 ], [ -73.84968, 40.74901 ], [ -73.84963, 40.74894 ], [ -73.84958, 40.74887 ], [ -73.84926, 40.7484 ], [ -73.84922, 40.74835 ], [ -73.84922, 40.74835 ], [ -73.84906, 40.74812 ], [ -73.84859, 40.74743 ], [ -73.84855, 40.74738 ], [ -73.84846, 40.74724 ], [ -73.8483, 40.74701 ], [ -73.84815, 40.74677 ], [ -73.84791, 40.7464 ], [ -73.84768, 40.74602 ], [ -73.84745, 40.74563 ], [ -73.84738, 40.7455 ], [ -73.84729, 40.74534 ], [ -73.84708, 40.74496 ], [ -73.84687, 40.74458 ], [ -73.84687, 40.74458 ], [ -73.8467, 40.74418 ], [ -73.84669, 40.74415 ], [ -73.84668, 40.74412 ], [ -73.84661, 40.74396 ], [ -73.84657, 40.74388 ], [ -73.84657, 40.74388 ], [ -73.84657, 40.74388 ], [ -73.8465, 40.74373 ], [ -73.8465, 40.74373 ], [ -73.8465, 40.74373 ], [ -73.8465, 40.74373 ], [ -73.84646, 40.74363 ], [ -73.84638, 40.74346 ], [ -73.84593, 40.74262 ], [ -73.8459, 40.74256 ], [ -73.84586, 40.74251 ], [ -73.84582, 40.74246 ], [ -73.84581, 40.74246 ], [ -73.84576, 40.74241 ], [ -73.84571, 40.74237 ], [ -73.84566, 40.74233 ], [ -73.84544, 40.74221 ], [ -73.84431, 40.74158 ], [ -73.84428, 40.74157 ], [ -73.84407, 40.74147 ], [ -73.844, 40.74144 ], [ -73.84392, 40.74141 ], [ -73.84384, 40.7414 ], [ -73.84383, 40.7414 ], [ -73.84381, 40.74139 ], [ -73.8436, 40.74138 ], [ -73.84358, 40.74137 ], [ -73.84354, 40.74138 ], [ -73.84343, 40.74139 ], [ -73.84339, 40.74139 ], [ -73.84331, 40.74141 ], [ -73.84323, 40.74143 ], [ -73.84315, 40.74146 ], [ -73.84307, 40.74149 ], [ -73.843, 40.74152 ], [ -73.84257, 40.74174 ], [ -73.84256, 40.74177 ], [ -73.84252, 40.74189 ], [ -73.84248, 40.7419 ], [ -73.84246, 40.74191 ], [ -73.8424, 40.74194 ], [ -73.84228, 40.742 ], [ -73.84216, 40.74206 ], [ -73.84204, 40.74213 ], [ -73.84193, 40.7422 ], [ -73.84182, 40.74228 ], [ -73.84171, 40.74235 ], [ -73.84163, 40.74227 ], [ -73.84163, 40.74226 ], [ -73.84163, 40.74226 ], [ -73.84115, 40.74259 ], [ -73.84115, 40.74258 ], [ -73.84099, 40.7427 ], [ -73.84088, 40.74277 ], [ -73.8409, 40.74277 ], [ -73.83923, 40.74399 ], [ -73.83915, 40.74404 ], [ -73.83909, 40.74407 ], [ -73.83901, 40.74411 ], [ -73.83893, 40.74414 ], [ -73.83877, 40.74419 ], [ -73.83869, 40.7442 ], [ -73.83847, 40.74421 ], [ -73.83817, 40.74419 ], [ -73.83809, 40.74419 ], [ -73.83791, 40.74418 ], [ -73.83749, 40.74416 ], [ -73.83732, 40.74417 ], [ -73.83716, 40.74423 ], [ -73.83706, 40.74427 ], [ -73.8369, 40.74437 ], [ -73.83679, 40.74443 ], [ -73.83663, 40.74453 ], [ -73.83644, 40.74464 ], [ -73.83625, 40.74476 ], [ -73.83612, 40.74484 ], [ -73.83597, 40.74495 ], [ -73.83584, 40.74507 ], [ -73.83575, 40.74517 ], [ -73.83565, 40.74531 ], [ -73.83552, 40.7455 ], [ -73.83519, 40.74613 ], [ -73.83479, 40.74686 ], [ -73.83492, 40.74695 ], [ -73.83498, 40.747 ], [ -73.8351, 40.74714 ], [ -73.83516, 40.74725 ], [ -73.83519, 40.74739 ], [ -73.83519, 40.74754 ], [ -73.83515, 40.74768 ], [ -73.83512, 40.74776 ], [ -73.83509, 40.74789 ], [ -73.83504, 40.74806 ], [ -73.83501, 40.74818 ], [ -73.83477, 40.74814 ], [ -73.83489, 40.74773 ], [ -73.83491, 40.74764 ], [ -73.83494, 40.7475 ], [ -73.83494, 40.7474 ], [ -73.83494, 40.74736 ], [ -73.8349, 40.74729 ], [ -73.83486, 40.74721 ], [ -73.83476, 40.7471 ], [ -73.8347, 40.74704 ], [ -73.83456, 40.74718 ], [ -73.8345, 40.74725 ], [ -73.83438, 40.74736 ], [ -73.83423, 40.74748 ], [ -73.83408, 40.74757 ], [ -73.83428, 40.74805 ], [ -73.83432, 40.74822 ], [ -73.83435, 40.74834 ], [ -73.83415, 40.74839 ], [ -73.83415, 40.74834 ], [ -73.83414, 40.7483 ], [ -73.83412, 40.74825 ], [ -73.8341, 40.74821 ], [ -73.83406, 40.74817 ], [ -73.83402, 40.74813 ], [ -73.83397, 40.7481 ], [ -73.83391, 40.74808 ], [ -73.83386, 40.74806 ], [ -73.83379, 40.74805 ], [ -73.83373, 40.74804 ], [ -73.83367, 40.74804 ], [ -73.8336, 40.74805 ], [ -73.83355, 40.74807 ], [ -73.83349, 40.74809 ], [ -73.83344, 40.74812 ], [ -73.83339, 40.74815 ], [ -73.83335, 40.74819 ], [ -73.83332, 40.74823 ], [ -73.8333, 40.74828 ], [ -73.83302, 40.74921 ], [ -73.83262, 40.75095 ], [ -73.83248, 40.7518 ], [ -73.83277, 40.75175 ], [ -73.83493, 40.7514 ], [ -73.83565, 40.75128 ], [ -73.83622, 40.75206 ], [ -73.836, 40.75209 ], [ -73.83629, 40.75253 ], [ -73.83643, 40.75283 ], [ -73.83664, 40.75328 ], [ -73.83749, 40.75419 ], [ -73.8379, 40.75415 ], [ -73.83808, 40.75414 ], [ -73.83859, 40.75409 ], [ -73.83895, 40.75406 ], [ -73.83909, 40.75405 ], [ -73.83914, 40.75411 ], [ -73.83931, 40.75407 ], [ -73.83964, 40.75382 ], [ -73.83968, 40.75379 ], [ -73.83998, 40.75356 ], [ -73.84002, 40.75355 ], [ -73.84065, 40.75337 ], [ -73.84109, 40.75327 ], [ -73.84115, 40.75326 ], [ -73.84129, 40.75322 ], [ -73.84164, 40.75313 ], [ -73.84167, 40.75312 ], [ -73.84186, 40.75305 ], [ -73.84275, 40.75274 ], [ -73.84352, 40.75247 ], [ -73.84379, 40.75253 ], [ -73.84498, 40.75364 ], [ -73.8451, 40.75388 ] ] ], [ [ [ -73.8354, 40.72736 ], [ -73.83532, 40.72736 ], [ -73.83523, 40.72738 ], [ -73.83493, 40.72747 ], [ -73.83478, 40.7276 ], [ -73.83476, 40.72763 ], [ -73.83468, 40.72766 ], [ -73.83372, 40.72861 ], [ -73.83385, 40.72886 ], [ -73.83393, 40.72902 ], [ -73.83442, 40.73001 ], [ -73.83501, 40.73122 ], [ -73.83644, 40.73387 ], [ -73.83651, 40.73402 ], [ -73.83661, 40.73422 ], [ -73.83672, 40.73446 ], [ -73.83681, 40.73471 ], [ -73.8369, 40.73503 ], [ -73.83695, 40.73525 ], [ -73.83701, 40.73559 ], [ -73.83701, 40.73593 ], [ -73.83708, 40.73651 ], [ -73.83713, 40.73696 ], [ -73.83716, 40.73728 ], [ -73.83724, 40.73784 ], [ -73.83735, 40.73836 ], [ -73.83748, 40.73877 ], [ -73.83821, 40.74104 ], [ -73.83822, 40.74108 ], [ -73.83824, 40.74113 ], [ -73.83829, 40.74121 ], [ -73.83835, 40.74127 ], [ -73.83842, 40.74132 ], [ -73.8385, 40.74139 ], [ -73.83861, 40.74146 ], [ -73.83875, 40.74156 ], [ -73.83889, 40.74163 ], [ -73.83902, 40.7417 ], [ -73.8391, 40.74173 ], [ -73.83919, 40.74176 ], [ -73.83933, 40.7418 ], [ -73.83947, 40.74183 ], [ -73.83959, 40.74186 ], [ -73.83971, 40.74187 ], [ -73.83981, 40.74188 ], [ -73.83991, 40.74188 ], [ -73.84003, 40.74188 ], [ -73.84017, 40.74188 ], [ -73.8403, 40.74186 ], [ -73.84048, 40.74184 ], [ -73.84061, 40.74181 ], [ -73.84077, 40.74177 ], [ -73.84095, 40.74172 ], [ -73.84107, 40.74168 ], [ -73.84122, 40.74162 ], [ -73.8414, 40.74153 ], [ -73.84214, 40.74118 ], [ -73.84232, 40.74111 ], [ -73.84239, 40.74109 ], [ -73.84342, 40.74062 ], [ -73.84345, 40.7406 ], [ -73.84356, 40.74045 ], [ -73.84366, 40.74031 ], [ -73.84376, 40.74015 ], [ -73.84376, 40.74009 ], [ -73.84377, 40.73991 ], [ -73.84377, 40.73972 ], [ -73.84377, 40.73967 ], [ -73.84378, 40.73961 ], [ -73.84379, 40.73955 ], [ -73.84381, 40.73949 ], [ -73.84383, 40.73943 ], [ -73.84386, 40.73938 ], [ -73.8439, 40.73934 ], [ -73.84394, 40.73929 ], [ -73.84446, 40.73879 ], [ -73.84457, 40.73869 ], [ -73.84462, 40.73863 ], [ -73.84466, 40.73858 ], [ -73.84467, 40.73857 ], [ -73.84469, 40.73854 ], [ -73.84472, 40.73849 ], [ -73.84472, 40.73849 ], [ -73.84475, 40.73842 ], [ -73.84477, 40.73836 ], [ -73.84477, 40.73835 ], [ -73.84478, 40.73831 ], [ -73.84479, 40.73825 ], [ -73.84479, 40.73819 ], [ -73.84478, 40.73794 ], [ -73.84478, 40.73789 ], [ -73.84478, 40.73789 ], [ -73.84477, 40.73776 ], [ -73.84475, 40.7374 ], [ -73.84473, 40.73705 ], [ -73.84473, 40.73686 ], [ -73.84473, 40.73668 ], [ -73.84471, 40.73649 ], [ -73.84469, 40.73631 ], [ -73.84466, 40.73613 ], [ -73.84462, 40.73594 ], [ -73.84458, 40.73576 ], [ -73.84457, 40.73574 ], [ -73.84455, 40.73564 ], [ -73.84451, 40.73543 ], [ -73.84445, 40.73523 ], [ -73.84439, 40.73502 ], [ -73.84432, 40.73482 ], [ -73.84424, 40.73461 ], [ -73.84416, 40.73441 ], [ -73.84411, 40.7343 ], [ -73.8441, 40.73428 ], [ -73.84409, 40.73426 ], [ -73.84409, 40.73425 ], [ -73.844, 40.73405 ], [ -73.8439, 40.73386 ], [ -73.84379, 40.73366 ], [ -73.84367, 40.73347 ], [ -73.84355, 40.73329 ], [ -73.84343, 40.7331 ], [ -73.84329, 40.73292 ], [ -73.84315, 40.73274 ], [ -73.843, 40.73257 ], [ -73.84299, 40.73255 ], [ -73.84296, 40.73253 ], [ -73.84289, 40.73244 ], [ -73.84278, 40.73232 ], [ -73.84266, 40.7322 ], [ -73.84266, 40.7322 ], [ -73.84263, 40.73217 ], [ -73.84263, 40.73217 ], [ -73.84256, 40.7321 ], [ -73.84213, 40.73165 ], [ -73.84211, 40.73163 ], [ -73.84132, 40.73093 ], [ -73.8413, 40.73091 ], [ -73.84124, 40.73085 ], [ -73.84115, 40.73077 ], [ -73.84114, 40.73076 ], [ -73.84101, 40.73064 ], [ -73.84093, 40.73057 ], [ -73.84026, 40.72993 ], [ -73.84015, 40.72983 ], [ -73.83991, 40.72957 ], [ -73.83981, 40.72946 ], [ -73.8398, 40.72945 ], [ -73.83978, 40.72941 ], [ -73.83924, 40.72881 ], [ -73.83922, 40.7288 ], [ -73.83906, 40.72861 ], [ -73.83873, 40.72824 ], [ -73.83868, 40.72818 ], [ -73.83817, 40.72804 ], [ -73.83758, 40.72788 ], [ -73.83581, 40.72741 ], [ -73.83573, 40.72739 ], [ -73.83565, 40.72738 ], [ -73.83557, 40.72736 ], [ -73.83548, 40.72736 ], [ -73.8354, 40.72736 ] ] ], [ [ [ -73.82839, 40.72323 ], [ -73.8287, 40.72358 ], [ -73.8291, 40.72394 ], [ -73.82955, 40.72432 ], [ -73.82995, 40.72462 ], [ -73.8302, 40.7248 ], [ -73.83132, 40.72558 ], [ -73.83158, 40.72575 ], [ -73.83191, 40.72598 ], [ -73.83214, 40.72614 ], [ -73.83232, 40.72628 ], [ -73.83248, 40.72643 ], [ -73.83259, 40.72655 ], [ -73.83265, 40.72662 ], [ -73.83271, 40.7267 ], [ -73.83278, 40.72681 ], [ -73.83284, 40.72691 ], [ -73.83291, 40.72704 ], [ -73.83299, 40.72718 ], [ -73.83361, 40.72707 ], [ -73.83446, 40.72693 ], [ -73.83448, 40.72692 ], [ -73.83449, 40.72692 ], [ -73.83459, 40.7269 ], [ -73.8347, 40.72687 ], [ -73.8348, 40.72684 ], [ -73.8349, 40.7268 ], [ -73.835, 40.72675 ], [ -73.83509, 40.7267 ], [ -73.83517, 40.72664 ], [ -73.83525, 40.72658 ], [ -73.83532, 40.72651 ], [ -73.83538, 40.72644 ], [ -73.83544, 40.72637 ], [ -73.83549, 40.72629 ], [ -73.83553, 40.72621 ], [ -73.83556, 40.72613 ], [ -73.83558, 40.72604 ], [ -73.83557, 40.72593 ], [ -73.83556, 40.72582 ], [ -73.83557, 40.72572 ], [ -73.83558, 40.72561 ], [ -73.8356, 40.7255 ], [ -73.83563, 40.72539 ], [ -73.83567, 40.72529 ], [ -73.83572, 40.72518 ], [ -73.83578, 40.72508 ], [ -73.83582, 40.72502 ], [ -73.83584, 40.72498 ], [ -73.83591, 40.72489 ], [ -73.83599, 40.7248 ], [ -73.83608, 40.72471 ], [ -73.83617, 40.72463 ], [ -73.83623, 40.72457 ], [ -73.83627, 40.72451 ], [ -73.83631, 40.72444 ], [ -73.83635, 40.72438 ], [ -73.83637, 40.72431 ], [ -73.83639, 40.72424 ], [ -73.8364, 40.72417 ], [ -73.83641, 40.72409 ], [ -73.83641, 40.72402 ], [ -73.8364, 40.72394 ], [ -73.83638, 40.72387 ], [ -73.83636, 40.7238 ], [ -73.83633, 40.72372 ], [ -73.83629, 40.72365 ], [ -73.83628, 40.72362 ], [ -73.83621, 40.72349 ], [ -73.83612, 40.7233 ], [ -73.83612, 40.7233 ], [ -73.83606, 40.7232 ], [ -73.83603, 40.72315 ], [ -73.83571, 40.72261 ], [ -73.8356, 40.72244 ], [ -73.83559, 40.72243 ], [ -73.83559, 40.72243 ], [ -73.83559, 40.72244 ], [ -73.83548, 40.72225 ], [ -73.83536, 40.72207 ], [ -73.83534, 40.72204 ], [ -73.83521, 40.72186 ], [ -73.83507, 40.72167 ], [ -73.83493, 40.72149 ], [ -73.83477, 40.72132 ], [ -73.83473, 40.72128 ], [ -73.83472, 40.72125 ], [ -73.83451, 40.72097 ], [ -73.83438, 40.72083 ], [ -73.83433, 40.72076 ], [ -73.83431, 40.72075 ], [ -73.83404, 40.72046 ], [ -73.8338, 40.72021 ], [ -73.83353, 40.7199 ], [ -73.83075, 40.7183 ], [ -73.83026, 40.71803 ], [ -73.82977, 40.71776 ], [ -73.82977, 40.71776 ], [ -73.83034, 40.71849 ], [ -73.83112, 40.71948 ], [ -73.83068, 40.72092 ], [ -73.83054, 40.72137 ], [ -73.83046, 40.72163 ], [ -73.83039, 40.72166 ], [ -73.83015, 40.72163 ], [ -73.83013, 40.72163 ], [ -73.83011, 40.72166 ], [ -73.82706, 40.7211 ], [ -73.82681, 40.72105 ], [ -73.82698, 40.72122 ], [ -73.82773, 40.72238 ], [ -73.82816, 40.72296 ], [ -73.82839, 40.72323 ] ] ], [ [ [ -73.851, 40.74984 ], [ -73.851, 40.74985 ], [ -73.85215, 40.74944 ], [ -73.85236, 40.74937 ], [ -73.85264, 40.74928 ], [ -73.85277, 40.74923 ], [ -73.85287, 40.74921 ], [ -73.85307, 40.74914 ], [ -73.85352, 40.749 ], [ -73.85352, 40.749 ], [ -73.8538, 40.74892 ], [ -73.8543, 40.74877 ], [ -73.85403, 40.74839 ], [ -73.85376, 40.74807 ], [ -73.85357, 40.74778 ], [ -73.85336, 40.74744 ], [ -73.85301, 40.74679 ], [ -73.85007, 40.74118 ], [ -73.85003, 40.74112 ], [ -73.84997, 40.74107 ], [ -73.84989, 40.74101 ], [ -73.84982, 40.74097 ], [ -73.84974, 40.74094 ], [ -73.84961, 40.74089 ], [ -73.8495, 40.74087 ], [ -73.8481, 40.74042 ], [ -73.84789, 40.74035 ], [ -73.84776, 40.74031 ], [ -73.84773, 40.7403 ], [ -73.84748, 40.74056 ], [ -73.84674, 40.74135 ], [ -73.84669, 40.7414 ], [ -73.84666, 40.74144 ], [ -73.84661, 40.74151 ], [ -73.84657, 40.74158 ], [ -73.84653, 40.74165 ], [ -73.8465, 40.74172 ], [ -73.84648, 40.74179 ], [ -73.84647, 40.74187 ], [ -73.84646, 40.74194 ], [ -73.84646, 40.74201 ], [ -73.84647, 40.74208 ], [ -73.84648, 40.74215 ], [ -73.8465, 40.74222 ], [ -73.84695, 40.74348 ], [ -73.84695, 40.74348 ], [ -73.84697, 40.74354 ], [ -73.84698, 40.74356 ], [ -73.84699, 40.74358 ], [ -73.84708, 40.74356 ], [ -73.84712, 40.74367 ], [ -73.84712, 40.74367 ], [ -73.84733, 40.74418 ], [ -73.8474, 40.74433 ], [ -73.84747, 40.74447 ], [ -73.84747, 40.74447 ], [ -73.84751, 40.74456 ], [ -73.84751, 40.74456 ], [ -73.84753, 40.74458 ], [ -73.84827, 40.74602 ], [ -73.84915, 40.74722 ], [ -73.84915, 40.74722 ], [ -73.84923, 40.74733 ], [ -73.8493, 40.74741 ], [ -73.84959, 40.74781 ], [ -73.84988, 40.74821 ], [ -73.85016, 40.74862 ], [ -73.85044, 40.74903 ], [ -73.85071, 40.74944 ], [ -73.85097, 40.74985 ], [ -73.851, 40.74984 ] ] ], [ [ [ -73.84569, 40.75976 ], [ -73.84575, 40.75974 ], [ -73.84601, 40.75965 ], [ -73.84607, 40.75961 ], [ -73.84616, 40.75955 ], [ -73.84626, 40.7595 ], [ -73.84635, 40.75944 ], [ -73.84645, 40.75938 ], [ -73.84658, 40.75931 ], [ -73.84664, 40.75928 ], [ -73.84675, 40.75922 ], [ -73.84691, 40.75914 ], [ -73.84702, 40.75908 ], [ -73.8472, 40.75899 ], [ -73.84733, 40.75891 ], [ -73.84765, 40.75877 ], [ -73.84785, 40.75868 ], [ -73.84794, 40.75864 ], [ -73.8481, 40.75856 ], [ -73.84826, 40.75849 ], [ -73.84843, 40.75842 ], [ -73.84862, 40.75834 ], [ -73.84878, 40.75828 ], [ -73.84895, 40.75822 ], [ -73.84916, 40.75814 ], [ -73.84929, 40.75809 ], [ -73.8494, 40.75805 ], [ -73.84959, 40.75798 ], [ -73.84969, 40.75794 ], [ -73.84979, 40.75791 ], [ -73.84994, 40.75786 ], [ -73.85019, 40.75777 ], [ -73.85031, 40.75773 ], [ -73.85036, 40.75772 ], [ -73.85036, 40.75772 ], [ -73.85105, 40.75749 ], [ -73.85107, 40.75739 ], [ -73.85109, 40.75729 ], [ -73.8511, 40.75716 ], [ -73.8511, 40.75706 ], [ -73.8511, 40.75696 ], [ -73.8511, 40.75696 ], [ -73.85109, 40.75692 ], [ -73.85108, 40.75684 ], [ -73.85108, 40.75677 ], [ -73.85108, 40.75674 ], [ -73.85109, 40.75663 ], [ -73.85111, 40.75652 ], [ -73.85115, 40.75641 ], [ -73.85118, 40.75632 ], [ -73.8512, 40.75627 ], [ -73.85123, 40.75621 ], [ -73.85126, 40.75615 ], [ -73.85132, 40.75605 ], [ -73.85138, 40.75596 ], [ -73.85145, 40.75587 ], [ -73.85153, 40.75578 ], [ -73.85159, 40.75571 ], [ -73.85164, 40.75564 ], [ -73.85169, 40.75557 ], [ -73.85172, 40.75549 ], [ -73.85175, 40.75542 ], [ -73.85178, 40.75534 ], [ -73.85178, 40.75532 ], [ -73.85183, 40.75514 ], [ -73.85187, 40.75497 ], [ -73.8519, 40.75479 ], [ -73.85192, 40.75461 ], [ -73.85193, 40.75443 ], [ -73.85194, 40.75425 ], [ -73.85193, 40.75406 ], [ -73.85192, 40.75387 ], [ -73.8519, 40.75368 ], [ -73.85187, 40.7535 ], [ -73.85182, 40.75331 ], [ -73.85177, 40.75312 ], [ -73.85175, 40.75305 ], [ -73.85172, 40.75295 ], [ -73.85172, 40.75294 ], [ -73.85171, 40.75294 ], [ -73.84954, 40.75358 ], [ -73.84954, 40.75358 ], [ -73.84891, 40.75377 ], [ -73.84361, 40.75532 ], [ -73.84343, 40.75537 ], [ -73.84341, 40.75541 ], [ -73.84344, 40.75548 ], [ -73.84561, 40.75961 ], [ -73.84569, 40.75976 ] ], [ [ -73.85044, 40.75361 ], [ -73.85049, 40.75362 ], [ -73.85054, 40.75364 ], [ -73.85059, 40.75365 ], [ -73.85064, 40.75366 ], [ -73.85069, 40.75368 ], [ -73.85073, 40.7537 ], [ -73.85078, 40.75372 ], [ -73.85083, 40.75374 ], [ -73.85089, 40.75377 ], [ -73.85094, 40.7538 ], [ -73.851, 40.75383 ], [ -73.85106, 40.75386 ], [ -73.85121, 40.75397 ], [ -73.85124, 40.75398 ], [ -73.85126, 40.75399 ], [ -73.85129, 40.75419 ], [ -73.85129, 40.75432 ], [ -73.8513, 40.75444 ], [ -73.85129, 40.75457 ], [ -73.85128, 40.7547 ], [ -73.85126, 40.75482 ], [ -73.85124, 40.75495 ], [ -73.85121, 40.75507 ], [ -73.85117, 40.7552 ], [ -73.85127, 40.75522 ], [ -73.85124, 40.7553 ], [ -73.85121, 40.75538 ], [ -73.85118, 40.75546 ], [ -73.85114, 40.75554 ], [ -73.85111, 40.75556 ], [ -73.85107, 40.75557 ], [ -73.85103, 40.75558 ], [ -73.851, 40.7556 ], [ -73.85096, 40.75568 ], [ -73.85091, 40.75577 ], [ -73.85086, 40.75585 ], [ -73.85081, 40.75593 ], [ -73.85075, 40.75601 ], [ -73.85069, 40.75608 ], [ -73.85062, 40.75616 ], [ -73.85056, 40.75623 ], [ -73.85056, 40.7563 ], [ -73.85056, 40.75633 ], [ -73.85057, 40.75636 ], [ -73.85045, 40.75647 ], [ -73.8504, 40.75642 ], [ -73.85032, 40.7565 ], [ -73.85031, 40.75652 ], [ -73.8503, 40.75653 ], [ -73.85029, 40.75655 ], [ -73.85028, 40.75657 ], [ -73.85026, 40.75658 ], [ -73.85025, 40.75659 ], [ -73.85023, 40.7566 ], [ -73.85021, 40.75662 ], [ -73.85019, 40.75663 ], [ -73.85017, 40.75663 ], [ -73.85015, 40.75664 ], [ -73.85013, 40.75664 ], [ -73.8501, 40.75665 ], [ -73.85008, 40.75665 ], [ -73.85005, 40.75665 ], [ -73.85003, 40.75665 ], [ -73.84992, 40.75672 ], [ -73.84991, 40.75674 ], [ -73.84989, 40.75675 ], [ -73.84988, 40.75676 ], [ -73.84986, 40.75678 ], [ -73.84985, 40.75679 ], [ -73.84984, 40.75681 ], [ -73.84983, 40.75682 ], [ -73.84983, 40.75684 ], [ -73.84982, 40.75685 ], [ -73.84981, 40.75687 ], [ -73.8498, 40.75688 ], [ -73.84978, 40.75689 ], [ -73.84973, 40.75692 ], [ -73.84969, 40.75694 ], [ -73.84967, 40.75695 ], [ -73.84965, 40.75696 ], [ -73.8487, 40.75766 ], [ -73.84867, 40.75762 ], [ -73.84865, 40.75759 ], [ -73.84862, 40.75755 ], [ -73.8486, 40.75751 ], [ -73.84859, 40.75747 ], [ -73.84859, 40.75744 ], [ -73.84859, 40.75742 ], [ -73.84859, 40.75739 ], [ -73.84859, 40.75737 ], [ -73.8486, 40.75733 ], [ -73.84861, 40.7573 ], [ -73.84862, 40.75726 ], [ -73.84865, 40.75722 ], [ -73.84866, 40.75719 ], [ -73.84868, 40.75716 ], [ -73.84869, 40.75713 ], [ -73.84869, 40.75709 ], [ -73.84869, 40.75706 ], [ -73.84868, 40.75702 ], [ -73.84867, 40.75699 ], [ -73.84865, 40.75696 ], [ -73.84857, 40.75698 ], [ -73.84836, 40.75667 ], [ -73.84823, 40.75672 ], [ -73.84808, 40.7565 ], [ -73.84829, 40.75642 ], [ -73.84805, 40.75607 ], [ -73.84804, 40.75609 ], [ -73.84803, 40.75612 ], [ -73.84801, 40.75614 ], [ -73.84799, 40.75616 ], [ -73.84793, 40.75613 ], [ -73.84795, 40.75609 ], [ -73.84798, 40.75605 ], [ -73.84792, 40.75604 ], [ -73.84793, 40.75601 ], [ -73.84794, 40.75598 ], [ -73.84795, 40.75594 ], [ -73.84794, 40.75591 ], [ -73.84781, 40.75571 ], [ -73.84777, 40.75569 ], [ -73.84774, 40.75567 ], [ -73.8477, 40.75566 ], [ -73.84766, 40.75565 ], [ -73.84768, 40.75561 ], [ -73.84762, 40.7556 ], [ -73.84757, 40.75559 ], [ -73.84757, 40.75553 ], [ -73.8476, 40.75554 ], [ -73.84764, 40.75554 ], [ -73.84767, 40.75554 ], [ -73.8477, 40.75555 ], [ -73.84752, 40.75529 ], [ -73.84744, 40.75513 ], [ -73.8474, 40.75514 ], [ -73.84736, 40.75516 ], [ -73.84732, 40.75517 ], [ -73.84728, 40.75519 ], [ -73.84724, 40.75521 ], [ -73.8472, 40.75524 ], [ -73.84717, 40.75526 ], [ -73.84713, 40.75529 ], [ -73.84689, 40.75509 ], [ -73.847, 40.75504 ], [ -73.84711, 40.755 ], [ -73.84722, 40.75496 ], [ -73.84734, 40.75492 ], [ -73.84727, 40.7548 ], [ -73.84723, 40.7548 ], [ -73.84723, 40.75477 ], [ -73.84722, 40.75473 ], [ -73.84723, 40.7547 ], [ -73.84724, 40.75467 ], [ -73.84725, 40.75463 ], [ -73.84728, 40.7546 ], [ -73.8473, 40.75457 ], [ -73.84733, 40.75455 ], [ -73.84741, 40.75449 ], [ -73.84748, 40.75454 ], [ -73.84773, 40.75435 ], [ -73.84768, 40.75425 ], [ -73.84867, 40.75396 ], [ -73.84862, 40.75386 ], [ -73.84862, 40.75386 ], [ -73.84867, 40.75384 ], [ -73.84868, 40.75385 ], [ -73.84875, 40.75399 ], [ -73.84891, 40.75394 ], [ -73.84896, 40.75404 ], [ -73.84944, 40.7539 ], [ -73.84939, 40.7538 ], [ -73.8495, 40.75377 ], [ -73.84955, 40.75386 ], [ -73.85013, 40.7537 ], [ -73.85016, 40.75369 ], [ -73.8502, 40.75367 ], [ -73.85024, 40.75366 ], [ -73.85033, 40.75362 ], [ -73.85035, 40.75361 ], [ -73.85038, 40.75361 ], [ -73.85041, 40.75361 ], [ -73.85044, 40.75361 ] ] ], [ [ [ -73.8512, 40.75843 ], [ -73.85101, 40.75846 ], [ -73.85083, 40.75849 ], [ -73.85065, 40.75853 ], [ -73.85047, 40.75857 ], [ -73.85028, 40.75862 ], [ -73.85014, 40.75865 ], [ -73.84949, 40.75888 ], [ -73.84941, 40.75891 ], [ -73.84875, 40.75921 ], [ -73.84819, 40.75953 ], [ -73.84609, 40.76091 ], [ -73.84566, 40.76121 ], [ -73.84546, 40.76138 ], [ -73.84526, 40.76155 ], [ -73.84522, 40.76158 ], [ -73.84513, 40.76167 ], [ -73.84503, 40.76178 ], [ -73.84484, 40.76197 ], [ -73.84447, 40.76239 ], [ -73.84435, 40.76254 ], [ -73.84424, 40.76268 ], [ -73.84406, 40.76283 ], [ -73.84388, 40.76295 ], [ -73.84377, 40.76302 ], [ -73.84338, 40.7632 ], [ -73.84302, 40.76336 ], [ -73.84268, 40.76348 ], [ -73.84226, 40.76359 ], [ -73.84223, 40.76359 ], [ -73.84222, 40.7636 ], [ -73.84212, 40.76363 ], [ -73.84262, 40.7646 ], [ -73.84256, 40.76464 ], [ -73.84278, 40.76503 ], [ -73.84339, 40.76477 ], [ -73.84344, 40.76475 ], [ -73.84366, 40.76466 ], [ -73.8445, 40.76431 ], [ -73.84636, 40.76361 ], [ -73.84971, 40.76281 ], [ -73.85224, 40.7622 ], [ -73.85199, 40.75909 ], [ -73.85181, 40.75899 ], [ -73.85162, 40.75885 ], [ -73.85152, 40.75873 ], [ -73.85137, 40.75855 ], [ -73.85131, 40.7585 ], [ -73.85128, 40.75847 ], [ -73.85127, 40.75845 ], [ -73.85125, 40.75843 ], [ -73.8512, 40.75843 ] ] ], [ [ [ -73.84948, 40.75229 ], [ -73.85128, 40.75255 ], [ -73.8516, 40.75254 ], [ -73.85175, 40.75254 ], [ -73.8517, 40.75245 ], [ -73.85147, 40.75204 ], [ -73.85137, 40.75185 ], [ -73.8512, 40.75153 ], [ -73.85102, 40.7512 ], [ -73.85097, 40.7511 ], [ -73.85097, 40.7511 ], [ -73.85093, 40.75104 ], [ -73.85067, 40.75056 ], [ -73.85067, 40.75056 ], [ -73.85066, 40.75053 ], [ -73.85049, 40.75024 ], [ -73.85047, 40.75024 ], [ -73.85039, 40.75027 ], [ -73.85033, 40.75029 ], [ -73.85027, 40.75032 ], [ -73.85025, 40.75032 ], [ -73.8501, 40.75038 ], [ -73.85011, 40.75039 ], [ -73.85015, 40.75045 ], [ -73.84678, 40.75166 ], [ -73.84652, 40.75176 ], [ -73.84652, 40.75176 ], [ -73.84652, 40.75176 ], [ -73.84941, 40.75219 ], [ -73.84939, 40.75228 ], [ -73.84934, 40.75227 ], [ -73.84939, 40.75228 ], [ -73.84948, 40.75229 ] ] ], [ [ [ -73.82851, 40.72416 ], [ -73.82849, 40.72427 ], [ -73.82846, 40.72437 ], [ -73.82842, 40.72447 ], [ -73.82839, 40.72453 ], [ -73.82837, 40.72457 ], [ -73.82835, 40.72461 ], [ -73.82833, 40.72464 ], [ -73.8283, 40.72468 ], [ -73.82828, 40.72471 ], [ -73.82823, 40.72476 ], [ -73.82815, 40.72484 ], [ -73.82792, 40.725 ], [ -73.82807, 40.72513 ], [ -73.82823, 40.72524 ], [ -73.82839, 40.72532 ], [ -73.82854, 40.72539 ], [ -73.82871, 40.72545 ], [ -73.82883, 40.72549 ], [ -73.82899, 40.72553 ], [ -73.82918, 40.72556 ], [ -73.82936, 40.72561 ], [ -73.82958, 40.72567 ], [ -73.82986, 40.72578 ], [ -73.83013, 40.72592 ], [ -73.83036, 40.72606 ], [ -73.83055, 40.72621 ], [ -73.83079, 40.72644 ], [ -73.83098, 40.72665 ], [ -73.83122, 40.727 ], [ -73.83143, 40.72733 ], [ -73.83155, 40.72752 ], [ -73.83165, 40.72763 ], [ -73.83169, 40.72767 ], [ -73.83175, 40.7277 ], [ -73.83183, 40.72774 ], [ -73.83188, 40.72776 ], [ -73.83194, 40.72778 ], [ -73.83201, 40.7278 ], [ -73.83211, 40.72782 ], [ -73.83222, 40.72782 ], [ -73.83229, 40.72783 ], [ -73.83236, 40.72783 ], [ -73.83246, 40.72782 ], [ -73.83252, 40.7278 ], [ -73.83232, 40.72745 ], [ -73.83229, 40.72739 ], [ -73.83214, 40.72713 ], [ -73.83199, 40.7269 ], [ -73.83184, 40.72673 ], [ -73.83169, 40.72655 ], [ -73.83154, 40.7264 ], [ -73.83145, 40.72632 ], [ -73.83126, 40.72615 ], [ -73.83107, 40.726 ], [ -73.83086, 40.72584 ], [ -73.83066, 40.72569 ], [ -73.83044, 40.72555 ], [ -73.83022, 40.72541 ], [ -73.83008, 40.72532 ], [ -73.82989, 40.7252 ], [ -73.82971, 40.72509 ], [ -73.82953, 40.72496 ], [ -73.82953, 40.72496 ], [ -73.82934, 40.72483 ], [ -73.82915, 40.72469 ], [ -73.82897, 40.72455 ], [ -73.8288, 40.72441 ], [ -73.82865, 40.72429 ], [ -73.82851, 40.72416 ] ] ], [ [ [ -73.8342, 40.73186 ], [ -73.83426, 40.73187 ], [ -73.83432, 40.73188 ], [ -73.83437, 40.73191 ], [ -73.83442, 40.73194 ], [ -73.83446, 40.73197 ], [ -73.8345, 40.73201 ], [ -73.83453, 40.73205 ], [ -73.83455, 40.73209 ], [ -73.83457, 40.73214 ], [ -73.83457, 40.73219 ], [ -73.83457, 40.73223 ], [ -73.83455, 40.73228 ], [ -73.83453, 40.73232 ], [ -73.83444, 40.73251 ], [ -73.83494, 40.73318 ], [ -73.83546, 40.73361 ], [ -73.83566, 40.73378 ], [ -73.83576, 40.73405 ], [ -73.83578, 40.73409 ], [ -73.83593, 40.7345 ], [ -73.83595, 40.73455 ], [ -73.83584, 40.73469 ], [ -73.83576, 40.73481 ], [ -73.83579, 40.73493 ], [ -73.8359, 40.73526 ], [ -73.83586, 40.73536 ], [ -73.83543, 40.73635 ], [ -73.83537, 40.73688 ], [ -73.83542, 40.73742 ], [ -73.83561, 40.73781 ], [ -73.83575, 40.73852 ], [ -73.83575, 40.73852 ], [ -73.83577, 40.73866 ], [ -73.83659, 40.73969 ], [ -73.83666, 40.74055 ], [ -73.83673, 40.74086 ], [ -73.837, 40.74189 ], [ -73.83702, 40.74189 ], [ -73.83705, 40.74132 ], [ -73.83702, 40.7412 ], [ -73.83688, 40.74057 ], [ -73.83675, 40.73996 ], [ -73.83669, 40.73968 ], [ -73.83668, 40.73966 ], [ -73.83662, 40.73953 ], [ -73.83659, 40.73945 ], [ -73.83656, 40.7394 ], [ -73.83653, 40.73934 ], [ -73.83604, 40.73848 ], [ -73.83594, 40.7383 ], [ -73.83588, 40.73819 ], [ -73.83581, 40.73805 ], [ -73.83576, 40.73794 ], [ -73.83571, 40.7378 ], [ -73.83568, 40.73763 ], [ -73.83567, 40.73753 ], [ -73.83566, 40.73741 ], [ -73.83566, 40.73731 ], [ -73.83566, 40.73718 ], [ -73.83569, 40.73704 ], [ -73.83571, 40.73693 ], [ -73.83577, 40.73676 ], [ -73.83581, 40.73664 ], [ -73.83597, 40.73619 ], [ -73.83603, 40.73603 ], [ -73.83609, 40.73586 ], [ -73.83612, 40.73573 ], [ -73.83613, 40.73572 ], [ -73.83615, 40.73559 ], [ -73.83617, 40.73547 ], [ -73.83618, 40.73537 ], [ -73.83618, 40.73534 ], [ -73.83618, 40.73522 ], [ -73.83616, 40.73506 ], [ -73.83615, 40.73491 ], [ -73.83613, 40.7348 ], [ -73.83609, 40.73468 ], [ -73.83606, 40.73458 ], [ -73.83603, 40.73451 ], [ -73.83589, 40.73417 ], [ -73.83582, 40.73402 ], [ -73.83568, 40.73371 ], [ -73.83558, 40.73361 ], [ -73.83438, 40.73131 ], [ -73.83432, 40.73122 ], [ -73.83371, 40.73054 ], [ -73.83414, 40.73185 ], [ -73.8342, 40.73186 ] ] ], [ [ [ -73.82811, 40.71715 ], [ -73.82688, 40.71785 ], [ -73.82658, 40.72033 ], [ -73.82707, 40.71877 ], [ -73.82907, 40.71756 ], [ -73.82911, 40.71746 ], [ -73.82911, 40.71746 ], [ -73.82904, 40.71744 ], [ -73.82811, 40.71714 ], [ -73.82811, 40.71715 ] ] ], [ [ [ -73.82736, 40.72454 ], [ -73.82741, 40.72463 ], [ -73.82746, 40.7247 ], [ -73.82751, 40.72477 ], [ -73.82757, 40.72484 ], [ -73.82764, 40.72479 ], [ -73.82771, 40.72474 ], [ -73.82778, 40.72468 ], [ -73.82784, 40.72462 ], [ -73.82789, 40.72456 ], [ -73.82794, 40.72449 ], [ -73.82798, 40.72442 ], [ -73.82797, 40.72442 ], [ -73.82798, 40.72441 ], [ -73.82801, 40.72434 ], [ -73.82802, 40.72428 ], [ -73.82803, 40.72423 ], [ -73.82804, 40.72418 ], [ -73.82804, 40.72415 ], [ -73.82804, 40.72412 ], [ -73.82804, 40.72408 ], [ -73.82803, 40.72405 ], [ -73.82803, 40.72402 ], [ -73.828, 40.72396 ], [ -73.828, 40.72394 ], [ -73.82787, 40.72369 ], [ -73.82767, 40.72335 ], [ -73.82638, 40.72138 ], [ -73.82642, 40.72152 ], [ -73.82646, 40.7217 ], [ -73.82659, 40.72219 ], [ -73.82686, 40.72297 ], [ -73.82731, 40.72445 ], [ -73.82736, 40.72454 ] ] ], [ [ [ -73.83256, 40.72811 ], [ -73.83243, 40.72813 ], [ -73.8323, 40.72814 ], [ -73.83217, 40.72815 ], [ -73.83214, 40.72816 ], [ -73.83212, 40.72818 ], [ -73.83211, 40.72819 ], [ -73.83211, 40.72819 ], [ -73.83211, 40.7282 ], [ -73.83209, 40.72822 ], [ -73.83208, 40.72824 ], [ -73.83208, 40.72827 ], [ -73.83208, 40.7283 ], [ -73.83209, 40.72832 ], [ -73.83211, 40.72835 ], [ -73.83224, 40.72848 ], [ -73.83237, 40.72863 ], [ -73.83249, 40.72877 ], [ -73.8326, 40.72892 ], [ -73.83271, 40.72907 ], [ -73.83279, 40.72923 ], [ -73.83287, 40.72939 ], [ -73.83296, 40.72954 ], [ -73.83306, 40.72969 ], [ -73.8331, 40.72977 ], [ -73.83316, 40.72985 ], [ -73.83321, 40.72992 ], [ -73.83328, 40.72999 ], [ -73.83335, 40.73005 ], [ -73.83343, 40.73011 ], [ -73.83351, 40.73017 ], [ -73.83361, 40.73025 ], [ -73.83365, 40.73028 ], [ -73.83371, 40.73032 ], [ -73.83374, 40.73034 ], [ -73.83378, 40.73036 ], [ -73.83379, 40.73037 ], [ -73.83387, 40.73042 ], [ -73.83394, 40.73046 ], [ -73.83355, 40.72972 ], [ -73.83269, 40.72808 ], [ -73.83256, 40.72811 ] ] ], [ [ [ -73.83865, 40.75808 ], [ -73.83732, 40.76087 ], [ -73.83728, 40.76097 ], [ -73.83725, 40.76105 ], [ -73.83723, 40.7611 ], [ -73.83722, 40.76117 ], [ -73.83721, 40.76122 ], [ -73.8372, 40.76125 ], [ -73.83719, 40.76135 ], [ -73.83719, 40.76143 ], [ -73.83719, 40.7615 ], [ -73.83723, 40.76224 ], [ -73.83726, 40.76238 ], [ -73.83727, 40.76238 ], [ -73.83724, 40.76224 ], [ -73.83721, 40.7615 ], [ -73.8372, 40.76143 ], [ -73.8372, 40.76138 ], [ -73.83721, 40.76127 ], [ -73.83722, 40.76122 ], [ -73.83724, 40.76114 ], [ -73.83725, 40.76108 ], [ -73.83728, 40.76099 ], [ -73.83733, 40.76088 ], [ -73.83865, 40.75809 ], [ -73.83851, 40.75733 ], [ -73.8385, 40.75733 ], [ -73.83865, 40.75808 ] ] ], [ [ [ -73.83896, 40.75719 ], [ -73.83896, 40.7572 ], [ -73.83899, 40.75734 ], [ -73.83904, 40.75759 ], [ -73.83907, 40.75773 ], [ -73.83909, 40.75785 ], [ -73.83911, 40.75795 ], [ -73.83913, 40.75806 ], [ -73.83915, 40.75824 ], [ -73.83916, 40.75838 ], [ -73.83916, 40.75848 ], [ -73.83917, 40.7586 ], [ -73.83916, 40.75865 ], [ -73.83916, 40.7587 ], [ -73.83915, 40.75879 ], [ -73.83914, 40.75886 ], [ -73.83914, 40.75893 ], [ -73.83913, 40.75898 ], [ -73.83908, 40.75937 ], [ -73.83904, 40.75965 ], [ -73.83902, 40.75982 ], [ -73.83901, 40.75991 ], [ -73.839, 40.76003 ], [ -73.839, 40.76016 ], [ -73.839, 40.76037 ], [ -73.83903, 40.76067 ], [ -73.83904, 40.76076 ], [ -73.83906, 40.76086 ], [ -73.83909, 40.761 ], [ -73.83912, 40.76111 ], [ -73.83919, 40.76133 ], [ -73.83922, 40.7614 ], [ -73.83925, 40.76148 ], [ -73.83929, 40.76156 ], [ -73.83933, 40.76165 ], [ -73.83935, 40.7617 ], [ -73.83937, 40.76174 ], [ -73.8394, 40.76179 ], [ -73.83942, 40.76182 ], [ -73.83942, 40.76182 ], [ -73.83936, 40.7617 ], [ -73.83931, 40.7616 ], [ -73.83925, 40.76145 ], [ -73.8392, 40.7613 ], [ -73.83915, 40.76118 ], [ -73.83911, 40.76105 ], [ -73.83908, 40.76091 ], [ -73.83906, 40.76082 ], [ -73.83905, 40.76076 ], [ -73.83904, 40.76071 ], [ -73.83903, 40.76063 ], [ -73.83902, 40.76046 ], [ -73.83901, 40.76037 ], [ -73.83901, 40.76025 ], [ -73.83901, 40.76014 ], [ -73.83901, 40.7601 ], [ -73.83901, 40.76003 ], [ -73.83901, 40.75996 ], [ -73.83902, 40.75988 ], [ -73.83903, 40.75982 ], [ -73.83904, 40.75968 ], [ -73.83907, 40.75949 ], [ -73.83908, 40.75937 ], [ -73.8391, 40.75922 ], [ -73.83913, 40.75906 ], [ -73.83914, 40.759 ], [ -73.83914, 40.75898 ], [ -73.83914, 40.75894 ], [ -73.83915, 40.75886 ], [ -73.83916, 40.75878 ], [ -73.83917, 40.75869 ], [ -73.83917, 40.7586 ], [ -73.83917, 40.75856 ], [ -73.83917, 40.75851 ], [ -73.83917, 40.75842 ], [ -73.83917, 40.75836 ], [ -73.83916, 40.75826 ], [ -73.83915, 40.75817 ], [ -73.83914, 40.75806 ], [ -73.83912, 40.75798 ], [ -73.83911, 40.75793 ], [ -73.83911, 40.75789 ], [ -73.83909, 40.75777 ], [ -73.83906, 40.75766 ], [ -73.83905, 40.7576 ], [ -73.83903, 40.7575 ], [ -73.83899, 40.75734 ], [ -73.83896, 40.7572 ], [ -73.83896, 40.75719 ], [ -73.83894, 40.75709 ], [ -73.83894, 40.75709 ], [ -73.83896, 40.75719 ] ] ], [ [ [ -73.83951, 40.75463 ], [ -73.83888, 40.75589 ], [ -73.83902, 40.75667 ], [ -73.83902, 40.75666 ], [ -73.83888, 40.75589 ], [ -73.83952, 40.75463 ], [ -73.83976, 40.75412 ], [ -73.83932, 40.75426 ], [ -73.8388, 40.75446 ], [ -73.83833, 40.75464 ], [ -73.83833, 40.75464 ], [ -73.8388, 40.75446 ], [ -73.83932, 40.75427 ], [ -73.83975, 40.75413 ], [ -73.83951, 40.75463 ] ] ], [ [ [ -73.83865, 40.75679 ], [ -73.83866, 40.75681 ], [ -73.83866, 40.75681 ], [ -73.8386, 40.75667 ], [ -73.8386, 40.75669 ], [ -73.83865, 40.75679 ] ] ], [ [ [ -73.82853, 40.72411 ], [ -73.82853, 40.7241 ], [ -73.82851, 40.72416 ], [ -73.82853, 40.72411 ] ] ] ] } }
]
}
